"","name","url","website","clutch_email"
"1","DataEndure","https://clutch.co/profile/dataendure","https://www.dataendure.com/","information@dataendure.com"
"2","CRA | Computer Resources of America","https://clutch.co/profile/cra-computer-resources-america","http://consultcra.com","sales@consultcra.com"
"3","BlackPoint IT","https://clutch.co/profile/blackpoint-it","http://www.blackpoint-it.com/","info@blackpoint-it.comNA"
"4","IT Horizons","https://clutch.co/profile/it-horizons","http://www.ithorizons.ca","help@ithorizons.ca"
"5","eMazzanti Technologies","https://clutch.co/profile/emazzanti-technologies","https://www.emazzanti.net/","sales@emazzanti.netNA"
"6","Valtech (formerly Nonlinear Digital)","https://clutch.co/profile/nonlinear-digital-division-nonlinear-creations","https://www.valtech.com/","hello@valtech.com"
"7","Hyperlink InfoSystem","https://clutch.co/profile/hyperlink-infosystem","https://www.hyperlinkinfosystem.com/","info@hyperlinkinfosystem.comrli"
"8","Saviant Consulting","https://clutch.co/profile/saviant-consulting","http://www.saviantconsulting.com","contacaviaviantconsulting.com"
"9","Proviatek Inc","https://clutch.co/profile/proviatek","http://www.proviatek.com/","info.it@proviatek.com"
"10","UkrInSofT","https://clutch.co/profile/ukrinsoft","https://ukrinsoft.com/","mfrasolyak@ukrinsoft.com"
"11","XenonStack","https://clutch.co/profile/xenonstack","https://www.xenonstack.com/?utm_source=clutch&utm_campaign=main","business@xenonstack.com"
"12","ITsyndicate Limited","https://clutch.co/profile/itsyndicate","http://itsyndicate.org","sales@itsyndicate.org"
"13","Triangu","https://clutch.co/profile/triangu","http://www.triangu.com","sales@triangu.comNA"
"14","Intellias","https://clutch.co/profile/intellias","http://www.intellias.com/?utm_campaign=Clutch&utm_source=ClutchProfile&utm_medium=clutch","info@intellias.comNA"
"15","Exygy","https://clutch.co/profile/exygy","http://exygy.com/","hello@exygy.com"
"16","Solved","https://clutch.co/profile/solved","http://www.solvedhq.co.uk","info@solvedhq.co.ukNA"
"17","Foundry512","https://clutch.co/profile/foundry512","http://www.foundry512.com","howdy@foundry512.comNA"
"18","QA Consultants","https://clutch.co/profile/qa-consultants","http://qaconsultants.com/","info@qaconsultants.com"
"19","Sigao Studios","https://clutch.co/profile/sigao-studios-0","http://sigaostudios.com","sales@sigaostudios.com"
"20","Nevron Software","https://clutch.co/profile/nevron-software","http://www.nevron.com","email@nevron.com"
"21","WeGotCode.com","https://clutch.co/profile/wegotcodecom","http://wegotcode.com","sales@wegotcode.com"
"22","The Vietnam Security Network","https://clutch.co/profile/vietnam-security-network","https://www.vsec.com.vn","contact@vsec.com.vn"
"23","The Berndt Group","https://clutch.co/profile/berndt-group","http://www.berndtgroup.net/","contact@berndtrgroup.netNA"
"24","VISUAL BI SOLUTIONS","https://clutch.co/profile/visual-bi-solutions","http://www.visualbis.com","solutions@visualbis.comNA"
"25","WaveOC","https://clutch.co/profile/waveoc","https://www.waveoc.com/?utm_source=Clutch.co&utm_medium=profile&utm_campaign=FQ12018Clutch.co","sales@waveoc.comNA"
"26","Incredo LLC","https://clutch.co/profile/incredo","http://incredo.co/","artash@incredo.co"
"27","Waytek","https://clutch.co/profile/waytek","http://waytek.com/","info@waytek.comNA"
"28","BASquare","https://clutch.co/profile/basquare","http://www.basquare.com/","sales@basquare.com"
"29","Pomeroy- Out of Business","https://clutch.co/profile/pomeroy-out-business","https://www.pomeroy.com/","sales@pomeroy.comNA"
"30","BIX Technology","https://clutch.co/profile/bix-technology","http://www.bixtecnologia.com","contact@bixtecnologia.com"
"31","Graffersid","https://clutch.co/profile/graffersid","https://www.graffersid.com","hello@graffersid.com"
"32","Shaligram Infotech","https://clutch.co/profile/shaligram-infotech","http://www.shaligraminfotech.com","chintan.p@shaligraminfotech.comNA"
"33","itMedia","https://clutch.co/profile/itmedia","https://www.itmedia.io/","info@itmedia.ioNA"
"34","Industry Consulting Service (ICS)","https://clutch.co/profile/industry-consulting-service-ics","http://www.ic-service.net","vip@ic-service.by"
"35","Voyagent, Inc.","https://clutch.co/profile/voyagent","http://www.voyagent.io","eric@voyagent.ioNA"
"36","Eternus Solutions","https://clutch.co/profile/eternus-solutions","http://www.eternussolutions.com","sales@eternussolutions.comNA"
"37","Tribridge","https://clutch.co/profile/tribridge","http://www.tribridge.com/","info@tribridge.comNA"
"38","Dialog Information Technology","https://clutch.co/profile/dialog-information-technology","http://www.dialog.com.au","operations@dialog-ge.comNA"
"39","SBS Group","https://clutch.co/profile/sbs-group","http://www.sbsgroupusa.com/","info@sbsgroupusa.com"
"40","Loyalty Methods","https://clutch.co/profile/loyalty-methods","http://loyaltymethods.com/","info@loyaltymethods.com"
"41","Beringer Technology Group","https://clutch.co/profile/beringer-associates","http://beringer.net/","info@beringer.net"
"42","NexTec Group","https://clutch.co/profile/nextec-group","http://www.nextecgroup.com/","info@nextecgroup.com"
"43","Long View Systems","https://clutch.co/profile/long-view-systems","http://www.longviewsystems.com/","info@lvs1.com"
"44","COGEP","https://clutch.co/profile/cogep","http://www.cogep.com/","info@cogep.comNA"
"45","Dynamics Square","https://clutch.co/profile/dynamics-square","http://www.dynamicssquare.com.au/","info@dynamicssquare.com.au"
"46","SIBERGEN Technologies","https://clutch.co/profile/sibergen-technologies","http://www.sibergen.com","sales@sibergen.comNA"
"47","Mernot Inc","https://clutch.co/profile/mernot","http://mernot.com/","bprasad@mernot.comNA"
"48","Calpion","https://clutch.co/profile/calpion","http://www.calpion.com/","thomas@calpion.comNA"
"49","CHR Managed Services","https://clutch.co/profile/chr-managed-services","https://chrmanagedservices.com/","information@dataendure.com"
"50","Pythian","https://clutch.co/profile/pythian","https://pythian.com/","info@pythian.com"
"51","Mocana Corporation","https://clutch.co/profile/mocana-corporation","https://www.mocana.com/","sales@mocana.com"
"52","ComTech Consulting, LLC","https://clutch.co/profile/comtech-consulting","http://comtechsbs.com/","Sales@ComTechSBS.com"
"53","Mercia ITS Limited","https://clutch.co/profile/mercia-its","http://www.merciaits.co.uk","hello@merciaits.co.uk"
"54","Helion Automotive Technologies","https://clutch.co/profile/helion-automotive-technologies","https://heliontechnologies.com/","support@heliontechnologies.comNA"
"55","Forte Systems, Inc","https://clutch.co/profile/forte-systems","http://www.forte-systems.com/","info@forte-systems.com"
"56","Intellitec Solutions","https://clutch.co/profile/intellitec-solutions","http://www.intellitecsolutions.com/","infntellitecsolutions.com"
"57","EMPIST","https://clutch.co/profile/empist","https://digeratigroup.com/","info@digeratigroup.com"
"58","Xebrium Inc","https://clutch.co/profile/xebrium","http://www.xebrium.com/","sales@xebrium.comNA"
"59","Business Automation Specialists of Minnesota","https://clutch.co/profile/business-automation-specialists-minnesota","http://www.bautomation.com/","sales@bautomation.com"
"60","BKD Technologies ","https://clutch.co/profile/bkd-technologies","http://www.bkdtechnologies.com/","jpaulette@bkd.com"
"61","Adeaca","https://clutch.co/profile/adeaca","http://www.adeaca.com/","sales@adeaca.com"
"62","Zantek Information Technology","https://clutch.co/profile/zantek-information-technology","http://www.zantek-it.com/home","information@dataendure.com"
"63","Vincent IT Inc.","https://clutch.co/profile/vincent-it","http://vincentit.com/","info@vincentit.com"
"64","Equinix EMEA","https://clutch.co/profile/equinix-emea","https://www.equinix.co.uk/","info@equinix.comNA"
"65","Panda Security Paraguay","https://clutch.co/profile/panda-security-paraguay","https://www.pandasecurity.com/","info@es.pandasecurity.comNA"
"66","CMIT Solutions","https://clutch.co/profile/cmit-solutions","https://cmitsolutions.com/","cmit@cmitsolutions.com"
"67","Envision","https://clutch.co/profile/envision","https://www.envisionsuccess.net/","info@envisionsuccess.net"
"68","Stone Group","https://clutch.co/profile/stone-group","https://www.stonegroup.co.uk/","'marketing@stonegroup.co.ukNA"
"69","Class Networks","https://clutch.co/profile/class-networks","https://www.classnetworks.com/","sales@classtelecom.co.uk"
"70","KLC Consulting","https://clutch.co/profile/klc-consulting","http://www.klcconsulting.net/index.html","info@klcconsulting.net"
"71","GOBI TECHNOLOGIES INC","https://clutch.co/profile/gobi-technologies","https://www.gobiit.com/","info@gobiit.comNA"
"72","ProviNET Solutions","https://clutch.co/profile/provinet-solutions","http://www.provinet.com/","info@provinet.comNA"
"73","Emtech Computer Co.","https://clutch.co/profile/emtech-computer-co","https://www.emtech.ae/","info@emtech.ae"
"74","Castleton Technology PLC","https://clutch.co/profile/castleton-technology-plc","https://www.castletonplc.com/","info@ca'stletonplc.comNA"
"75","Itergy","https://clutch.co/profile/itergy","http://itergy.com/","info@itergy.comNA"
"76","e92plus","https://clutch.co/profile/e92plus","http://www.e92plus.com/","info@e92plus.com"
"77","ESI Technologies","https://clutch.co/profile/esi-technologies","https://www.esitechnologies.com/","info@esitechnologies.com"
"78","The Squires Group","https://clutch.co/profile/squires-group","https://www.squiresgroup.com/","info@squiresgroup.comNA"
"79","Oasis Technology","https://clutch.co/profile/oasis-technology","http://www.oasistechnology.com/","info@oasistechnology.com"
"80","Experfy Inc","https://clutch.co/profile/experfy","http://www.experfy.com","jchanglani@experfy.com"
"81","Sysman Progetti & Servizi","https://clutch.co/profile/sysman-progetti-servizi","http://www.sys-man.it","info@sys-man.it"
"82","Texum ME","https://clutch.co/profile/texum-me","http://www.texum-me.com/","info@texum-me.com"
"83","CINETIX GROUP","https://clutch.co/profile/cinetix-group","http://cinetixgroup.com/","info@cinetixgroup.comNA"
"84","Pleasant Valley Business Solutions","https://clutch.co/profile/pleasant-valley-business-solutions","http://www.pvbs.net/","info@pvbs.net"
"85","TotalCare IT","https://clutch.co/profile/totalcare-it","https://www.totalcareit.net/","info@totalcareit.net"
"86","Bdpeer","https://clutch.co/profile/bdpeer","https://www.bdpeer.com/","info@bdpeer.comNA"
"87","deNuvem","https://clutch.co/profile/denuvem","http://www.denuvem.com/","info@denuvem.com"
"88","Solsoft Group","https://clutch.co/profile/solsoft-group","http://www.solsoft.co.uk/","contact@solsoft.co.ukNA"
"89","Atum Corporation","https://clutch.co/profile/atum-corporation","http://www.atum.com/","sales@atum.com"
"90","Paragyte Technology","https://clutch.co/profile/paragyte-technology","https://www.paragyte.com/","contact@paragyte.com"
"91","Nevada IT Solutions","https://clutch.co/profile/nevada-it-solutions","https://nevadaitsolutions.com/","info@nevadaitsolutions.com"
"92","Fifosys Ltd","https://clutch.co/profile/fifosys","https://www.fifosys.com/","ITstartshere@fifosys.comNA"
"93","AnythingCloud","https://clutch.co/profile/anythingcloud","http://www.anythingcloud.com/","marketing@anythingcloud.com"
"94","claireLOGIC","https://clutch.co/profile/clairelogic","https://clairelogic.net/","info@clairelogic.net"
"95","OpsWorks Co.","https://clutch.co/profile/opsworks-co","https://opsworks.co","sales@opsworks.co"
"96","DataLink Interactive, Inc.","https://clutch.co/profile/datalink-interactive","https://www.datalinktech.com/","Sales@DataLinkTech.com"
"97","Bridewell","https://clutch.co/profile/bridewell","https://www.bridewellconsulting.com/","bc@bridewellconsulting.com"
"98","Haphost","https://clutch.co/profile/haphost","https://haphost.com/","information@dataendure.com"
"99","Digipar Holding","https://clutch.co/profile/digipar-holding","http://www.digipar.com/holding/","info@digipar.com'"
"100","AX Consultants","https://clutch.co/profile/ax-consultants","http://www.axconsultants.com/","information@dataendure.com"
"101","KMicro Tech, Inc.","https://clutch.co/profile/kmicro-tech","https://kmicro.com/","info@kmicro.comNA"
"102","NOYNIM IT Solutions","https://clutch.co/profile/noynim-it-solutions","https://noynim.com/","sales@noynim.com"
"103","ActiveCo","https://clutch.co/profile/activeco","http://www.activeco.com/","info@activeco.comNA"
"104","Calitso","https://clutch.co/profile/calitso","http://calitso.com/","info@calitso.comNA"
"105","Bluewire Solutions","https://clutch.co/profile/bluewire-solutions","http://bluewire.co.uk/","info@bluewire.co.uk"
"106","RF-SMART","https://clutch.co/profile/rf-smart","http://dynamicsax.rfsmart.com/","info@rfsmart.com"
"107","Hashtag Consulting","https://clutch.co/profile/hashtag-consulting","http://www.hashtag-global.com/","info@hashtag-global.comNA"
"108","Logicalis Paraguay S.A.","https://clutch.co/profile/logicalis-paraguay-sa","https://www.la.logicalis.com/","info@la.logicalis.com"
"109","Essential Cloud Solutions","https://clutch.co/profile/essential-cloud-solutions","https://www.ecs.scot/","sales@ecs.scotNA"
"110","IT Centric","https://clutch.co/profile/it-centric","http://www.itcentric.co.uk/","enquiries@itcentric.co.uk"
"111","Sirius Computer Solutions","https://clutch.co/profile/sirius-computer-solutions","https://www.siriuscom.com/","vin.tugade@siriuscom.com"
"112","10th Magnitude","https://clutch.co/profile/10th-magnitude","https://www.10thmagnitude.com/","information@dataendure.com"
"113","County IT Services","https://clutch.co/profile/county-it-services","http://www.countyitservices.com","info@countyitservices.com"
"114","Myriad Consulting","https://clutch.co/profile/myriad-consulting","http://myriad.org.uk","enquiries@myriad.org.uk"
"115","Alithya","https://clutch.co/profile/alithya","https://alithya.com","info@alithya.com"
"116","Circle IT","https://clutch.co/profile/circle-it","http://www.circleit.co.uk/","enquiries@circleit.co.uk"
"117","InfoWorks","https://clutch.co/profile/infoworks","https://www.infoworks-tn.com/","info@infoworks-tn.comNA"
"118","Ryan Consulting Group","https://clutch.co/profile/ryan-consulting-group","http://www.consultrcg.com/","sales@consultrcg.com"
"119","OPTIMIZA","https://clutch.co/profile/optimiza","http://optimiza.me/","optimizajordan@optimizasolutions.com"
"120","AIS Network","https://clutch.co/profile/ais-network","https://www.aisn.net/","information@dataendure.com"
"121","Nostra","https://clutch.co/profile/nostra","http://nostra.ie","sales@nostra.ie"
"122","ERS IT Solutions","https://clutch.co/profile/ers-it-solutions","https://ers.ie/","info@ers.ieNA"
"123","TC Systems Vietnam","https://clutch.co/profile/tc-systems-vietnam","http://www.tc-systems.net/","bizdev.tcsystems@tanchonggroup.comNA"
"124","FaraComputer","https://clutch.co/profile/faracomputer","https://faracomputer.com/","info@faracomputer.com"
"125","Bluefin","https://clutch.co/profile/bluefin","http://www.bluefinsolutions.com/","information@dataendure.com"
"126","CopperTree Solutions Inc","https://clutch.co/profile/coppertree-solutions","http://www.coppertreesolutions.ca","info@ctsol.ca"
"127","Express Systems Ltd.","https://clutch.co/profile/express-systems","http://esl.com.bd/","office@esl.c'om.bd"
"128","Qualitesoft","https://clutch.co/profile/qualitesoft","https://www.qualitesoft.com/","contact@qualitesoft.comNA"
"129","Our IT Department","https://clutch.co/profile/our-it-department","https://www.ouritdept.co.uk/","info@ouritdept.co.ukNA"
"130","Xpand IT","https://clutch.co/profile/xpand-it","https://www.xpand-it.com/","mail@xpand-it.com"
"131","Haya Solutions Inc.","https://clutch.co/profile/haya-solutions","https://hayasolutions.com","'info@hayasolutions.comNA"
"132","Dynamic Solution Innovators","https://clutch.co/profile/dynamic-solution-innovators","http://www.dsinnovators.com/","info@DSInnovators.com"
"133","Chess Telecom","https://clutch.co/profile/chess-telecom","http://www.chesstelecom.com","customerservices@chesstelecom.com"
"134","Digitaz Information Technology","https://clutch.co/profile/digitaz-information-technology","http://www.digitaz.rs/","info@digitaz.rs"
"135","Audaz Business Solutions","https://clutch.co/profile/audaz-business-solutions","http://www.audaz.com","info@audaz.com"
"136","C4L","https://clutch.co/profile/c4l","http://www.bournemouthdatacentre.co.uk/","sales@c4l.co.ukNA"
"137","NetApp","https://clutch.co/profile/netapp","http://www.netapp.com/us/index.aspx","information@dataendure.com"
"138","NowSecure","https://clutch.co/profile/nowsecure","https://www.nowsecure.com/","info@nowsecure.com"
"139","Intratech Net Pte Ltd","https://clutch.co/profile/intratech-net-pte","http://www.intratechnet.com/","sales@intratechnet.com"
"140","Stefanini","https://clutch.co/profile/stefanini","https://stefanini.com/en/","stefanini@stefanini.comNA"
"141","HyTechPro","https://clutch.co/profile/hytechpro","http://hytechpro.com","askus@hytechpro.comNA"
"142","NaviWorld","https://clutch.co/profile/naviworld","http://www.navision.com.bd/","information@dataendure.com"
"143","Beijing Teamsun technology","https://clutch.co/profile/beijing-teamsun-technology","http://www.teamsun.com.cn/en/","marketing@teamsun.com.cn"
"144","comwrap","https://clutch.co/profile/comwrap","http://www.comwrap.com/","presse@comwrap.com"
"145","NCTech","https://clutch.co/profile/nctech","https://www.nctechimaging.com/","enquiries@nctechimaging.comNA"
"146","WetStone Technologies","https://clutch.co/profile/wetstone-technologies","https://www.wetstonetech.com/","geoff.barron@wetstonetech.com"
"147","Netscan Group","https://clutch.co/profile/netscan-group","http://www.netscanhosting.com/","sales@netscanhosting.com"
"148","Informatique ProContact","https://clutch.co/profile/informatique-procontact","http://www.procontact.ca/","info@procontact.caNA"
"149","Aetos Systems, Inc","https://clutch.co/profile/aetos-systems","http://www.aetossystems.com","info@aetossystems.com"
"150","Freedom Consulting Group, Inc.","https://clutch.co/profile/freedom-consulting-group","https://freedomconsultinggroup.com/","info@freedomconsultinggroup.com"
"151","STA Group","https://clutch.co/profile/sta-group","http://www.stagrp.com/","information@dataendure.com"
"152","RealSoft","https://clutch.co/profile/realsoft","http://www.realsoft-me.com","info@realsoft-me.com"
"153","Advanced Business Solutions","https://clutch.co/profile/advanced-business-solutions","https://www.advancedbusinesssolutions.com/","service@absithelp.com"
"154","Compuvision","https://clutch.co/profile/compuvision","http://compuvision.biz","information@dataendure.com"
"155","Candid Partners","https://clutch.co/profile/candid-partners","https://www.candidpartners.com/","info@candidpartners.comNA"
"156","IBS North Africa","https://clutch.co/profile/ibs-north-africa","http://www.ibs-na.com","contact@ibs-na.com"
"157","Genesis Consulting Partners, LLC","https://clutch.co/profile/genesis-consulting-partners","http://www.genesisconsulting.com/","info@genesisconsulting.com"
"158","Experlogix","https://clutch.co/profile/experlogix","http://www.experlogix.com/","info@experlogix.com"
"159","Valley Network Solutions","https://clutch.co/profile/valley-network-solutions","http://www.vns.net","info@vns.net"
"160","Relatech Srl","https://clutch.co/profile/relatech-srl","http://www.relatech.com/","marketing@relatech.comNA"
"161","Opin Kerfi","https://clutch.co/profile/opin-kerfi","https://opinkerfi.is/","ok@ok.is"
"162","Bloq, Inc.","https://clutch.co/profile/bloq","https://www.bloq.com/","hello@bloq.comNA"
"163","Datalere","https://clutch.co/profile/datalere","https://datalere.com/","Info@Datalere.com"
"164","Joho Technology","https://clutch.co/profile/joho-technology","https://joho.com","info@joho.com"
"165","bdHUB Limited","https://clutch.co/profile/bdhub","http://www.bdhub.com/","nfo@bdhub.com"
"166","Argentra Solutions","https://clutch.co/profile/argentra-solutions","https://www.argentra.com/","info@argentra.com"
"167","Appscode Ltd.","https://clutch.co/profile/appscode","https://appscode.com/","support@appscode.comNA"
"168","Matrix 7","https://clutch.co/profile/7","http://www.matrix7.com.au/","info@matrix7.com.au"
"169","Tecno XXI","https://clutch.co/profile/tecno-xxi","http://www.tecnoxxi.com","ventas@tecnoxxi.com"
"170","Turner Techtronics, Inc.","https://clutch.co/profile/turner-techtronics","http://turnertech.com/","information@dataendure.com"
"171","M.IT Services Srl","https://clutch.co/profile/mit-services-srl","https://mitservices.it/en/","info@mitservices.itNA"
"172","Addact Technologies Pvt Ltd","https://clutch.co/profile/addact-technologies","https://www.addact.in","ketan@addact.in"
"173","Empreus","https://clutch.co/profile/empreus","https://empreusitsupport.com.au/","sales@empsalsitsupport.com.au"
"174","Xamarui","https://clutch.co/profile/xamarui","http://xamarui.com","troy@xamarui.com"
"175","Brains II","https://clutch.co/profile/brains-ii","http://www.brainsiisolutions.com/","info@brainsii.com"
"176","Dolvin Consulting, Inc","https://clutch.co/profile/dolvin-consulting","http://dolvin.com/","inquiry@dolvin.comNA"
"177","Cuelogic Technologies","https://clutch.co/profile/cuelogic-technologies","https://www.cuelogic.com","info@cuelogic.co.in"
"178","Cubezix Business Technologies","https://clutch.co/profile/cubezix-business-technologies","http://www.cubezix.com/","info@cubezix.comNA"
"179","MIS Choice ","https://clutch.co/profile/mis-choice","http://www.mischoice.com/","sales@mischoice.com"
"180","Maher","https://clutch.co/profile/maher","http://maher.pk","info@maher.pkNA"
"181","Dellco Technologies Ltd","https://clutch.co/profile/dellco-technologies","https://www.dellcotech.co.ke/","info@dellcotech.co.ke"
"182","Zetaguard","https://clutch.co/profile/zetaguard","https://www.zetaguard.com/","support@zetaguard.com"
"183","CommIT","https://clutch.co/profile/commit","http://www.commit.ae/","sales@commit.ae"
"184","Xanthic Business Point","https://clutch.co/profile/xanthic-business-point","http://xanthicbp.com/","support@xanthicbp.com"
"185","eCom Solutions Inc","https://clutch.co/profile/ecom-solutions","http://www.ecomsolinc.com/","info@ecomsolinc.com"
"186","Mobantica Technologies","https://clutch.co/profile/mobantica-technologies","https://mobantica.com/","contact@mobantica.c'omNA"
"187","Future Covenant","https://clutch.co/profile/future-covenant","http://www.futurecovenant.com","hello@futurecovenant.com"
"188","Régens Plc","https://clutch.co/profile/r%C3%A9gens-plc","http://www.regenseurope.com","szarka.andrea@regens.hu"
"189","Blue K LLC","https://clutch.co/profile/blue-k","http://www.bluek.com/","it@bluek.com"
"190","Mid-Atlantic Computer Solutions","https://clutch.co/profile/mid-atlantic-computer-solutions","https://4macsolutions.com","woneal@4macsolutions.com"
"191","Aiiria","https://clutch.co/profile/aiiria","http://www.aiiria.com/","info@aiiria.com"
"192","NNS Solution Ltd.","https://clutch.co/profile/nns-solution","http://nns-solution.net/","support@nns-solution.net"
"193","Troyee Software","https://clutch.co/profile/troyee-software","http://www.troyeebd.com/","troyeebd@gmail.com"
"194","IOActive","https://clutch.co/profile/ioactive","https://ioactive.com/","info@ioactive.com"
"195","Black & Veatch","https://clutch.co/profile/black-veatch","https://www.bv.com/","bvcorpcomm@bv.comNA"
"196","IT Wonders Web Pte. Ltd.","https://clutch.co/profile/it-wonders-web-pte","https://www.itwonders-web.com.sg/","info@itwonders-design.com"
"197","Columbus Technologies and Services","https://clutch.co/profile/columbus-technologies-services","http://www.columbususa.com/","information@dataendure.com"
"198","1950Labs","https://clutch.co/profile/1950labs","http://1950labs.com","hello@1950Labs.com"
"199","eVestment","https://clutch.co/profile/evestment","https://www.evestment.com/","info@evestment.com"
"200","Netstar","https://clutch.co/profile/netstar","https://www.netstar.co.uk/","info@netstar.co.uk"
"201","CapitalPlus Software","https://clutch.co/profile/capitalplus-software","http://capitalplussoftware.com/","info@capitalplussoftware.comNA"
"202","Babel","https://clutch.co/profile/babel","http://babel.es/es/","info@babel.es"
"203","Smile Open Source Solutions","https://clutch.co/profile/smile-open-source-solutions","https://www.smile.eu/fr","contact@smile.fr"
"204","IND Corporation","https://clutch.co/profile/ind-corporation","http://www.indcorp.com","leads@indcorp.comNA"
"205","Crossvale","https://clutch.co/profile/crossvale","http://crossvale.com/index.html","sales@crossvale.com"
"206","InterVenture","https://clutch.co/profile/interventure","https://www.interventure.info","info@interventure.info"
"207","Proxiad Bulgaria","https://clutch.co/profile/proxiad-bulgaria","https://bulgaria.proxiad.com/","contact.bulgaria@proxiad.com"
"208","Enterprise Technology Services","https://clutch.co/profile/enterprise-technology-services","http://www.etechservices.com/","sales@etechservices.comNA"
"209","Jumpline.com","https://clutch.co/profile/jumplinecom","https://www.jumpline.com/","support@jumpline.com"
"210","aap3","https://clutch.co/profile/aap3","https://uk.aap3.com/","itservices@aap3.comNA"
"211","Plan-Net","https://clutch.co/profile/plan-net","https://www.plan-net.co.uk/","info@plan-ne't.co.uk"
"212","Optisoft","https://clutch.co/profile/optisoft","http://optisoft.gr/","sales@optisoft.gr"
"213","FTI Consulting","https://clutch.co/profile/fti-consulting","https://www.fticonsulting-latam.com/","socialmedia@fticonsulting.com"
"214","Conexess Group, LLC","https://clutch.co/profile/conexess-group","https://www.conexess.com/","information@dataendure.com"
"215","OPS Consulting","https://clutch.co/profile/ops-consulting","http://www.opsconsulting.com/","contact@opsconsulting.comNA"
"216","Digitpol ","https://clutch.co/profile/digitpol","https://digitpol.com","info@digitpol.com"
"217","Tangerine Software Inc","https://clutch.co/profile/tangerine-software","https://www.morpho.com/","info@tangerinesoftware.com"
"218","Wise lausnir ehf.","https://clutch.co/profile/wise-lausnir-ehf","http://www.wise.is/","sala@wise.is"
"219","Vision33","https://clutch.co/profile/vision33","http://www.vision-33.com/","contact@vision33.com"
"220","Abalia","https://clutch.co/profile/abalia","https://www.abalia.com/","info@abalia.comNA"
"221","eico design","https://clutch.co/profile/eico-design","http://www.eicodesign.com","service@eicoinc.comNA"
"222","Softec","https://clutch.co/profile/softec","https://softec.com.py/","consultas@softec.com.py"
"223","Lighthouse Technology Services","https://clutch.co/profile/lighthouse-technology-services","http://www.LHTservices.com","info@LHTservices.com"
"224","Icom Systems","https://clutch.co/profile/icom-systems","http://www.icom-systems.com/","hola@icomsys.com.mx"
"225","SoftSeq","https://clutch.co/profile/softseq","https://softseq.com","security@softseq.comNA"
"226","Human Marketing Consulting","https://clutch.co/profile/human-marketing-consulting","http://humanmarketing.ma","contact@humanmarketing.ma"
"227","Fides Consulting S.r.l.","https://clutch.co/profile/fides-consulting-srl","https://www.fides.it/","info@fidesdigital.comNA"
"228","Advanced Automation Consulting","https://clutch.co/profile/advanced-automation-consulting","http://aacsc.net/","careers@aacsc.net"
"229","Findmore Consulting","https://clutch.co/profile/findmore-consulting","http://findmore.pt/","info@findmore.euNA"
"230","Laboratorium EE","https://clutch.co/profile/laboratorium-ee","http://www.laboratorium.ee","kontakt@laboratorium.eeNA"
"231","H7 interactive, LLC","https://clutch.co/profile/h7-interactive","http://www.h7i.com/","kevin@h7i.comNA"
"232","Share Innovation Limited","https://clutch.co/profile/share-innovation","http://www.share.asia/","info@share.asia"
"233","Veratta Ltd","https://clutch.co/profile/veratta","http://www.veratta.co.uk/","marketing@veratta.co.uk"
"234","Iconsoft Consulting Group, Inc","https://clutch.co/profile/iconsoft-consulting-group","http://www.iconsoftgroup.com/","info@iconsoftgroup.comNA"
"235","Software del Centro","https://clutch.co/profile/software-del-centro","http://www.softwaredelcentro.com.ar/","info@softwaredelcentro.com.ar"
"236","Asian Technology Solutions","https://clutch.co/profile/asian-technology-solutions","http://www.asian-technology.com/","contact@asian-technology.com"
"237","Inenco SRL","https://clutch.co/profile/inenco-srl","http://www.inencoapp.com.ar/","info@inenco.com.ar"
"238","Cyber Gate Defense","https://clutch.co/profile/cyber-gate-defense","https://cybergate.tech/","Info@cybergate.techNA"
"239","GRUPO ORUSS","https://clutch.co/profile/grupo-oruss","https://english.grupooruss.com/","comunicaciones@grupooruss.com"
"240","Le Grand","https://clutch.co/profile/le-grand","https://legrand.jp/","info@legrand.jp"
"241","Eyesec","https://clutch.co/profile/eyesec","https://eyesec.mx/","info@eyesec.mx"
"242","Integradevs","https://clutch.co/profile/integradevs","http://www.integradevs.com/","info@integradevs.com"
"243","redPanda Software","https://clutch.co/profile/redpanda-software","https://www.redpandasoftware.com","sales@redpandasoftware.com"
"244","ROUTES 4 MEDIA","https://clutch.co/profile/routes-4-media","http://www.routes4media.com/","hello@routes4media.com"
"245","Stephenson Computer Consulting","https://clutch.co/profile/stephenson-computer-consulting","https://stephenson-consulting.business.site/","information@dataendure.com"
"246","Billennium S. A.","https://clutch.co/profile/billennium-s","https://billennium.com/","info@billennium.pl"
"247","Corporate Communications","https://clutch.co/profile/corporate-communications","https://www.corporatecomm.com/","email@corporatecomm.comNA"
"248","GeekHive","https://clutch.co/profile/geekhive","http://www.geekhive.com","hello@geekhive.comNA"
"249","Web Veistamo","https://clutch.co/profile/web-veistamo","https://web-veistamo.fi/","myynti@web-veistamo.fi"
"250","Cerami","https://clutch.co/profile/cerami","http://ceramiassociates.com/","info@ceramiassociates.comNA"
"251","Teknik","https://clutch.co/profile/teknik","http://teknik.mx/","info@teknik.mx"
"252","JRS Innovation UG","https://clutch.co/profile/jrs-innovation-ug","http://www.jrsinnovation.com/","contact@jrsinnovation.com"
"253","Us Media","https://clutch.co/profile/us-media","https://www.usmedia.nl/","info@usmedia.nlNA"
"254","ImagineOn GmbH","https://clutch.co/profile/imagineon-gmbh","http://www.imagineon.de","hi@imagineon.de"
"255","Web Development Group","https://clutch.co/profile/web-development-group","http://www.wdgco.com/index.php/en/","info@wdgco.comNA"
"256","Imagina group","https://clutch.co/profile/imagina-group","http://www.imaginagroup.com/","contacto@imaginagroup.comNA"
"257","Darien Technology","https://clutch.co/profile/darien-technology","http://www.darient.com/","contact@darient.com"
"258","Xplantr Ltd","https://clutch.co/profile/xplantr","https://www.xplantr.com/","info@xplantr.com"
"259","Reckon Digital","https://clutch.co/profile/reckon-digital","https://reckondigital.com/","info@reckondigital.com"
"260","Girikon","https://clutch.co/profile/girikon","https://www.girikon.com","sales@girikon.com"
"261","Dimension BPO LTD","https://clutch.co/profile/dimension-bpo","http://dimensionbpo.com/","info@dimensionbpo.com"
"262","yondr ","https://clutch.co/profile/yondr","http://www.yondr.agency","info@yondr.agencyNA"
"263","ADN Sofware","https://clutch.co/profile/adn-sofware","http://www.adnsoftware.com.co","contacto@adnsoftware.com.co"
"264","Delta AI","https://clutch.co/profile/delta-ai","http://www.delta-ai.com","information@dataendure.com"
"265","XNUMERIK ","https://clutch.co/profile/xnumerik","https://xnumerik.com/","xnumerik@xnumerik.comNA"
"266","Obliq Labs","https://clutch.co/profile/obliq-labs","https://www.obliqlabs.com/","Contact@obliqlabs.comNA"
"267","Online By Digital","https://clutch.co/profile/online-digital","https://www.webdesignservices.co.za/","support@onlinebydigital.com"
"268","Superlumen","https://clutch.co/profile/superlumen","https://superlumen.io","hi@superlumen.ioNA"
"269","AGiLE ANiMAL INC.","https://clutch.co/profile/agile-animal","https://www.agileanimal.com","growl@agileanimal.com"
"270","Geonetics ","https://clutch.co/profile/geonetics","http://www.geonetics.com/","Info@geonetics.comNA"
"271","OXLIPCO SYSTEMS","https://clutch.co/profile/oxlipco-systems","https://www.oxlipco.com/","info@oxlipco.com"
"272","Genpact","https://clutch.co/profile/genpact","http://www.genpact.com/","connect.talent@genpact.com"
"273","TalkingData","https://clutch.co/profile/talkingdata","http://www.talkingdata.com/","support@tendcloud.com"
"274","We Talk IT ","https://clutch.co/profile/we-talk-it","http://www.wetalkit.co.uk/contact-us.html","info@wetalkit.co.ukNA"
"275","Hiver.Digital","https://clutch.co/profile/hiverdigital","http://hiver.digital/","information@dataendure.com"
"276","Listbroker.com","https://clutch.co/profile/listbrokercom","http://listbroker.com/","lists@listbroker.comNA"
"277","Weeteam France","https://clutch.co/profile/weeteam-france","http://www.weeteam.com","hello@weeteam.com"
"278","Datatrix Soft","https://clutch.co/profile/datatrix-soft","http://www.datatrixsoft.com/","info@datatrixsoft.comNA"
"279","Computer Generated Solutions (CGS)","https://clutch.co/profile/computer-generated-solutions-cgs","http://www.cgsinc.com/","info@cgsinc.com"
"280","AGREX","https://clutch.co/profile/agrex","https://www.agrex.co.jp","information@dataendure.com"
"281","ITSPBD","https://clutch.co/profile/itspbd","https://itspbd.com/","support@yourdomain.comNA"
"282","BMIT SOLUTIONS","https://clutch.co/profile/bmit-solutions","http://www.bmitsol.com/","'info@bmitsol.com"
"283","Q9 Networks","https://clutch.co/profile/q9-networks","https://www.q9.com/","sales@Q9.com"
"284","MullenLowe Vietnam","https://clutch.co/profile/mullenlowe-vietnam","http://vietnam.mullenlowe.com/","pr.enquiries@mullenlowe.com"
"285","JFP Technologies","https://clutch.co/profile/jfp-technologies","http://www.jfp.co.tz/","director@jfp.co.tzNA"
"286","Programista","https://clutch.co/profile/programista","http://programista.bg/","office@programista.proNA"
"287","Probrand","https://clutch.co/profile/probrand","https://www.probrand.co.uk","sales@probrand.co.ukNA"
"288","HireRussians","https://clutch.co/profile/hirerussians","https://hirerussians.com","sales@hirerussians.com"
"289","Outsourced Payroll Services - talent Maximus","https://clutch.co/profile/outsourced-payroll-services-talent-maximus","http://www.talentmaximus.com","info@talentmaximus.comNA"
"290","Grafton Recruitment","https://clutch.co/profile/grafton-recruitment","https://www.grafton.hu","info@grafton.hu"
"291","ATREVIA Portugal","https://clutch.co/profile/atrevia-portugal","https://atrevia.com/pt/","info@atrevia.com"
"292","GuideLynx Web Design","https://clutch.co/profile/guidelynx-web-design","http://www.guidelynx.com/","cs@guidelynx.com"
"293","UWS Software Service Ltd.","https://clutch.co/profile/uws-software-service","https://uws.ie","sales@uws.ie"
"294","Geomant","https://clutch.co/profile/geomant","http://www.geomant.com/","uk@geomant.comNA"
"295","Neoway Business Solutions","https://clutch.co/profile/neoway-business-solutions","https://www.neoway.com.br/en/","marketing@neoway.com.br"
"296","Webenergy","https://clutch.co/profile/webenergy","https://webenergy.ca/","info@webenergy.ca"
"297","Strait Web Solutions LLC","https://clutch.co/profile/strait-web-solutions","https://www.straitwebsolutions.com/","roxi@straitwebsolutions.com"
"298","Panel Systems","https://clutch.co/profile/panel-systems","http://www.panel.es/","panel@panel.esNA"
"299","404","https://clutch.co/profile/404","http://404team.com/","ask@404team.comNA"
"300","Essential Logic Ltd","https://clutch.co/profile/essential-logic","http://www.essentiallogic.co.uk/","sales@essentiallogic.co.ukNA"
"301","Network Solutions and Technology","https://clutch.co/profile/network-solutions-technology","https://www.nst-li.com/","info@nst-li.com"
"302","DIR XunHe Business Innovation (Beijing) Limited","https://clutch.co/profile/dir-xunhe-business-innovation-beijing","http://www.dirxunhebi.com","cheng-hao@dirxunhebi.com"
"303","Big Dog Digital","https://clutch.co/profile/big-dog-digital","https://www.bigdog.ie/","fran@bigdog.ie"
"304","Heather Holm HolmPage Productions","https://clutch.co/profile/heather-holm-holmpage-productions","http://www.holmpage.com/","heather@holmpage.com"
"305","DotNet for IT Solutions","https://clutch.co/profile/dotnet-it-solutions","http://www.dotnetit.net/","info@dotnetit.net"
"306","Performance Lab","https://clutch.co/profile/performance-lab","http://performancelabus.com/","engage@performancelabus.com"
"307","Skyriver IT","https://clutch.co/profile/skyriver-it","http://skyriverit.com/","sales@skyriverit.comNA"
"308","du Pré","https://clutch.co/profile/du-pr%C3%A9","http://www.dupre.co.uk/","enquiries@dupre.co.ukNA"
"309","W3 Eden Inc.","https://clutch.co/profile/w3-eden","http://w3eden.com/","contact@w'3eden.com"
"310","The Xpertz","https://clutch.co/profile/xpertz","https://www.thexpertz.com","info@thexpertz.comNA"
"311","WATRIX","https://clutch.co/profile/watrix","http://www.watrix.ai/en/about-watrix/","partnership@watrix.ai"
"312","Nexera, Inc.","https://clutch.co/profile/nexera","https://www.nexerainc.com/","information@dataendure.com"
"313","Simantel","https://clutch.co/profile/simantel","https://www.simantel.com/","LetsConnect@simantel.comNA"
"314","Portal Technologies","https://clutch.co/profile/portal-technologies","https://www.portaltechnologies.uk/","Info@portaltechnologies.uk"
"315","Make Do","https://clutch.co/profile/make-do","https://www.makedo.net/","hello@makedo.netNA"
"316","Soft Suave Technologies Pvt Ltd","https://clutch.co/profile/soft-suave-technologies","http://www.softsuave.com","sales@softsuave.com"
"317","EMERGE APAC","https://clutch.co/profile/emerge-apac","https://apac.emerge360.com/","info.jp@emerge360.com"
"318","Site-Byte Web Design","https://clutch.co/profile/site-byte-web-design","http://www.site-byte.com/","information@dataendure.com"
"319","Virtually There","https://clutch.co/profile/virtually-there","https://virtuallythere.co.za/","info@virtuallythere.co.za"
"320","Witty digital","https://clutch.co/profile/witty-digital","http://witty-digital.com/","hello@witty-digital.co'm"
"321","Firefly - Washington","https://clutch.co/profile/firefly-washington","http://thinkfirefly.com/","info@thinkfirefly.comNA"
"322","Trantor Inc.","https://clutch.co/profile/trantor","http://trantorinc.com/","'sales@trantorinc.com"
"323","Arieon Technology","https://clutch.co/profile/arieon-technology","http://www.arieon.com/","mritunjay@shigan.net"
"324","CanRank","https://clutch.co/profile/canrank","http://www.canrank.ca","info@canrank.ca"
"325","Base 2","https://clutch.co/profile/base-2","http://base2.com.sg/","enquiry@base2.com.sg"
"326","Rococo Global Technologies Corporation","https://clutch.co/profile/rococo-global-technologies-corporation","http://rococoglobaltechnologies.com","info@rococoglobaltech.comNA"
"327","Project Brilliant, LLC","https://clutch.co/profile/project-brilliant","http://www.projectbrilliant.com/","agile@projectbrilliant.com"
"328","Swift IT Solutions","https://clutch.co/profile/swift-it-solutions","http://swiftit.ae/","info@swiftit.aeNA"
"329","Yellowtail Software","https://clutch.co/profile/yellowtail-software","http://www.yellowtailsoftware.co.za","info@yellowtail.co.zaNA"
"330","Xcellink Pte Ltd","https://clutch.co/profile/xcellink-pte","http://www.xcellinkgroup.com/","admin@xcellinkgroup.com"
"331","TechMatrix Consulting","https://clutch.co/profile/techmatrix-consulting","https://www.techmatrixconsulting.com/","arun.nair@techmatrixconsulting.com"
"332","CALLITY","https://clutch.co/profile/callity","http://callity.eu/","sales@callity.eu"
"333","Zinc Group LTD","https://clutch.co/profile/zinc-group","https://www.thezincgroup.com/","info@thezincgroup.comNA"
"334","Larmahil","https://clutch.co/profile/larmahil","https://www.larmahil.com/home","information@dataendure.com"
"335","eMedia Germany oHG","https://clutch.co/profile/emedia-germany-ohg","https://emedia.de.team/","info@eMediaGermany.deNA"
"336","Cirrus IT Solutions","https://clutch.co/profile/cirrus-it-solutions","https://cirrusitsolutions.com","info@cirrusitsolutions.com"
"337","Timit BD ","https://clutch.co/profile/timit-bd","http://timitbd.com/","timitbd5@gmail.com"
"338","INGELLICOM","https://clutch.co/profile/ingellicom","https://www.ingelli.com/portal/","contactus@ingelli.comNA"
"339","iNtechspace Technologies Pvt. Ltd.","https://clutch.co/profile/intechspace-technologies","https://www.intechspace.com","sales@intechspace.com"
"340","NextPoint Group LLC","https://clutch.co/profile/nextpoint-group","http://www.nextpointgroup.com/","info@nextpointgroup.com"
"341","Technoid","https://clutch.co/profile/technoid","https://technoid.ae/","info@technoid.aeNA"
"342","Yimian Data","https://clutch.co/profile/yimian-data","http://www.yimian.io/","zhangrong@yimian.com.cn"
"343","Axension Studios","https://clutch.co/profile/axension-studios","http://www.axensionstudios.com/","info@axensionstudios.comNA"
"344","LASMNS","https://clutch.co/profile/lasmns","https://lasmns.com/","SALES@LASMNS.COM"
"345","Softcode Technology","https://clutch.co/profile/softcode-technology","http://softcodetechnology.com/","softcodetechnology@gmail.com"
"346","Pstox","https://clutch.co/profile/pstox","http://pstox.com/","info@pstox.comNA"
"347","e-Basrah.net ( I.S.S.C )","https://clutch.co/profile/e-basrahnet-issc","http://www.e-basrah.net","info@e-basrah.netNA"
"348","William Thomas Digital","https://clutch.co/profile/william-thomas-digital","http://www.williamthomasdigital.com","hello@williamthomasdigital.com"
"349","Digitalistic","https://clutch.co/profile/digitalistic","http://digitalistic.net/","info@digitalistic.net"
"350","TechUltra Solutions","https://clutch.co/profile/techultra-solutions","https://techultrasolutions.com","contact@techultrasolutions.com"
"351","IBISA","https://clutch.co/profile/ibisa","http://www.ibisa.co","sales@ibisa.coNA"
"352","HERETIC","https://clutch.co/profile/heretic","https://hereticnyc.com/","contact@hereticnyc.com"
"353","KMC Solutions","https://clutch.co/profile/kmc-solutions","https://kmc.solutions/","info@kmc.solutions"
"354","DeSiamore","https://clutch.co/profile/desiamore","http://desiamore.com/","info@desiamore.com"
"355","Realta Chakradarma","https://clutch.co/profile/realta-chakradarma","http://www.realta.co.id/site/","information@dataendure.com"
"356","Clarity Campaign Labs, LLC","https://clutch.co/profile/clarity-campaign-labs","http://www.claritycampaigns.com/","contact@claritycampaigns.com"
