"","name","url","website","clutch_email"
"1","Maven Wave Partners","https://clutch.co/profile/maven-wave-partners","http://www.mavenwave.com","info@mavenwave.comNA"
"2","JetRails ","https://clutch.co/profile/jetrails","http://www.jetrails.com","solutions@jetrails.com"
"3","Everdata Technologies","https://clutch.co/profile/everdata-technologies","https://www.everdata.com/","sales@everdata.com"
"4","TPX Communications (Formerly DCSI)","https://clutch.co/profile/tpx-communications-formerly-dcsi","https://www.tpx.com/","info@tpx.comNA"
"5","Leveldesk, Inc.","https://clutch.co/profile/leveldesk","http://leveldesk.com","hello@leveldesk.comNA"
"6","Dazeworks Pvt. Ltd.","https://clutch.co/profile/dazeworks","http://www.dazeworks.com","success@dazeworks.com"
"7","Cobra Legal Solutions","https://clutch.co/profile/cobra-legal-solutions","http://www.cobralegalsolutions.com/","contact.us@cobralegalsolutions.comNA"
"8","Privo IT, LLC","https://clutch.co/profile/privo-it","http://privoit.com","sales@privoit.comNA"
"9","BlairSammons.com","https://clutch.co/profile/blairsammonscom","http://www.blairsammons.com","info@blairsammons.com"
"10","Margasoft Corp.","https://clutch.co/profile/margasoft-corp","http://margasoft.com/","sales@margasoft.com"
"11","eNautics","https://clutch.co/profile/enautics","http://www.enautics.com?cid=sline","info@mavenwave.comNA"
"12","Cleverbit","https://clutch.co/profile/cleverbit","http://www.cleverbit.software","info@cleverbit.software"
"13","Sysvine Technologies","https://clutch.co/profile/sysvine-technologies","http://www.sysvine.com","info@sysvine.comNA"
"14","5th Method Consulting","https://clutch.co/profile/5th-method-consulting","http://www.5thmethod.com","info@5thmethod.com"
"15","FULLeSTOP","https://clutch.co/profile/fullestop","https://www.fullestop.com/?utm_source=clutch&utm_medium=referral","info@fullestop.comNA"
"16","True Interaction","https://clutch.co/profile/true-interaction","http://www.trueinteraction.com","william@trueinteraction.com"
"17","KrishaWeb","https://clutch.co/profile/krishaweb","http://www.krishaweb.com","info@krishaweb.com"
"18","InfoMedia Systems Group ","https://clutch.co/profile/infomedia-systems-group","http://www.infomediagroup.ca","info@infomediagroup.ca"
"19","Whalla Labs","https://clutch.co/profile/whalla-labs","http://whallalabs.com","sales@whallalabs.com"
"20","Soft Tech Group, Inc","https://clutch.co/profile/soft-tech-group","http://www.softtechgroup.us","sales@softtechgroup.us"
"21","ADV","https://clutch.co/profile/adv","http://www.advwe.com","hello@advwe.com"
"22","TechInfini Solutions Pvt. Ltd.","https://clutch.co/profile/techinfini-solutions","https://techinfini.in","info@techinfini.comNA"
"23","Pofco Solution Consultancy & Services","https://clutch.co/profile/pofco-solution-consultancy-services","https://www.pofcosolution.com/","info@pofcosolution.com"
"24","Aleph Tav Technologies Pvt Ltd","https://clutch.co/profile/aleph-tav-technologies","http://www.alephtavtech.com","enquire@alephtavtech.com"
"25","Jinn, Inc.","https://clutch.co/profile/jinn","http://www.jinn.tech","contact@jinn.tech"
"26","NXTurn","https://clutch.co/profile/nxturn","http://www.nxturn.com","sales@nxturn.com"
"27","GEON Analytics","https://clutch.co/profile/geon-analytics","http://www.geonanalytics.com","info@geonanalytics.com"
"28","ACAP ","https://clutch.co/profile/acap","http://acapglobal.com","info@acapglobal.comNA"
"29","CAL Business Solutions","https://clutch.co/profile/cal-business-solutions","http://www.calszone.com","sales@calszone.com"
"30","UPDIVISION","https://clutch.co/profile/updivision","http://www.updivision.com","andrei@updivision.com"
"31","51zero","https://clutch.co/profile/51zero","http://www.51zero.com","enquiries@51zero.comNA"
"32","AB Solutions","https://clutch.co/profile/ab-solutions","http://ab.solutions/","office@absolutns.com"
"33","Linebreak","https://clutch.co/profile/linebreak","http://www.linebreak.io","hello@linebreak.io"
"34","V.I.TECH","https://clutch.co/profile/vitech","https://vitechteam.com","sales@vitechteam.com"
"35","SM Technology Group, LLC","https://clutch.co/profile/sm-technology-group","https://www.smtechnologygroup.com/","sales@smtechnologygroup.comNA"
"36","Quatrro","https://clutch.co/profile/quatrro","http://www.quatrrobss.com/","marketingsupport@quatrro.comNA"
"37","Credera","https://clutch.co/profile/credera","https://www.credera.com/","alastair.woolcock@credera.comNA"
"38","US Informatics ","https://clutch.co/profile/us-informatics","http://www.usinformatic.com","sales@usinformatic.com"
"39","Graffen","https://clutch.co/profile/graffen","http://www.graffen.com/","info@graffen.com"
"40","TerraSky co., Ltd.","https://clutch.co/profile/terrasky-co","http://www.terrasky.co.jp","info@terrasky.co.jpNA"
"41","Altec","https://clutch.co/profile/altec","http://www.altec-inc.com/","support@altec-inc.com"
"42","Compunnel Software Group","https://clutch.co/profile/compunnel-software-group","http://www.Compunnel.com","Quinten.Hout@Compunnel.com"
"43","Intellinet Atlanta","https://clutch.co/profile/intellinet-atlanta","https://www.intellinet.com/","info@mavenwave.comNA"
"44","Sierra Systems Group","https://clutch.co/profile/sierra-systems-group","http://www.sierrasystems.com/","info@mavenwave.comNA"
"45","TB Consulting","https://clutch.co/profile/tb-consulting","https://www.tbconsulting.com/","Sales@TBConsulting.com"
"46","Object Consulting","https://clutch.co/profile/object-consulting","http://www.objectconsulting.com.au/","info@objectconsulting.com.au"
"47","Pulsion","https://clutch.co/profile/pulsion","https://www.pulsion.co.uk/","info@pulsion.co.ukNA"
"48","The ITeam","https://clutch.co/profile/iteam","https://www.theiteam.ca/","sales@theiteam.ca"
"49","xRM","https://clutch.co/profile/xrm","http://www.xrm.com/","sales@xrm.com"
"50","Protiviti","https://clutch.co/profile/protiviti","https://www.protiviti.com","info@mavenwave.comNA"
"51","The Chertoff Group","https://clutch.co/profile/chertoff-group","http://chertoffgroup.com","info@chertoffgroup.com"
"52","LANhome TECHnologies","https://clutch.co/profile/lanhome-technologies","http://lanhome-technologies.com","info@lanhome-technologies.com"
"53","Salesfusion","https://clutch.co/profile/salesfusion","http://salesfusion.com/","sales@salesfusion.com"
"54","Ease Technologies","https://clutch.co/profile/ease-technologies","https://www.easetech.com/","info@easetech.com"
"55","The Lloyd Group Inc.","https://clutch.co/profile/lloyd-group","http://www.lloydgroup.com/","helpme@lloydgroup.comNA"
"56","Fulton May Solutions","https://clutch.co/profile/fulton-may-solutions","http://fultonmay.com/","info@fultonmay.com"
"57","MQA AMERICAS","https://clutch.co/profile/mqa-americas","http://www.mqa-bc.com/","mercadeo@mqa-bc.com"
"58","Technical Support International","https://clutch.co/profile/technical-support-international","https://tsisupport.com/","info@tsisupport.com"
"59"," Frank, Rimerman + Co.","https://clutch.co/profile/frank-rimerman-co","http://www.frankrimerman.com/","info@frankrimerman.comNA"
"60","Texaport Ltd","https://clutch.co/profile/texaport","https://texaport.co.uk/","hello@texaport.co.uk"
"61","Business Management International","https://clutch.co/profile/business-management-international","http://www.bmiusa.com/","info@bmiusa.com"
"62","Mission Critical Systems","https://clutch.co/profile/mission-critical-systems","http://www.itservicescolorado.net/","training@mcstech.net"
"63","Quadsys Ltd","https://clutch.co/profile/quadsys","http://www.quadsys.co.uk/","info@quadsys.co.ukNA"
"64","451 Research","https://clutch.co/profile/451-research","https://451research.com/","sales@451research.com"
"65","Beyondsoft","https://clutch.co/profile/beyondsoft","http://www.beyondsoft.com/","sales@us.beyondsoft.com"
"66","American Technology Services, Inc.","https://clutch.co/profile/american-technology-services","https://networkats.com/","info@networkats.com"
"67","NWN Corporation","https://clutch.co/profile/nwn-corporation","http://www.nwnit.com/","ne_sales@nwnit.com"
"68","SecureData Europe","https://clutch.co/profile/securedata-europe","https://www.secdata.com/","marketing@secdata.com"
"69","MyITpros","https://clutch.co/profile/myitpros","https://www.myitpros.com/","info@myitpros.com"
"70","Linium","https://clutch.co/profile/linium","https://www.linium.com/","info@linium.comNA"
"71","HOCS IT Support New York, IT Services New York","https://clutch.co/profile/hocs-it-support-new-york-it-services-new-york","http://hocsinc.com/","info@hocsinc.com"
"72","CorpInfo","https://clutch.co/profile/corpinfo","http://www.corpinfo.com","info@corpinfo.comNA"
"73","alauda","https://clutch.co/profile/alauda","http://www.alauda.cn/?lang=EN","hello@alauda.io"
"74","The Tech Info Group","https://clutch.co/profile/tech-info-group","http://www.thetechinfogroup.com/","sales@thetechinfogroup.comNA"
"75","Definity First","https://clutch.co/profile/definity-first","http://www.definityfirst.com/","contactus@definityfirst.com"
"76","Bell Microsystems Ltd","https://clutch.co/profile/bell-microsystems","http://www.bell-integration.com/","jharrington@bell-integration.com"
"77","Charter","https://clutch.co/profile/charter","https://charter.ca/","info@charter.ca"
"78","Kingdee","https://clutch.co/profile/kingdee","http://www.kingdee.com.hk/en/","asiapac@kingdee.com.hkNA"
"79","SysGen Solutions Group","https://clutch.co/profile/sysgen-solutions-group","https://sysgen.ca/","info@mavenwave.comNA"
"80","VersaTrust","https://clutch.co/profile/versatrust","https://www.versatrust.com/","info@versatrust.comNA"
"81","Cerebrum Infotech","https://clutch.co/profile/cerebrum-infotech","http://www.cerebruminfotech.com","sales@cerebruminfotech.com"
"82","TelPlus Communications, Inc","https://clutch.co/profile/telplus-communications","https://telpluscommunications.com","sales@telpluscommunications.com"
"83","Redbelt","https://clutch.co/profile/redbelt","https://www.redbelt.com.br/","contato@redbelt.com.brNA"
"84","Virtue Tech Inc","https://clutch.co/profile/virtue-tech","http://www.virtuetechinc.com/","contact.us@virtuetechinc.comNA"
"85","Techlocity","https://clutch.co/profile/techlocity","https://techlocity.com/","sales@techlocity.com"
"86","Omega Exim limited","https://clutch.co/profile/omega-exim","http://www.omegaeximltd.com/","salesteam@omegaeximltd.com"
"87","IT-Service Schmigel","https://clutch.co/profile/it-service-schmigel","https://eugen.schmigel.de/","its@schmigel.de"
"88","Rockford IT","https://clutch.co/profile/rockford-it","https://www.rockford-it.co.uk/","hello@rockford-it.co.uk"
"89","S2S Group","https://clutch.co/profile/s2s-group","https://www.s2s.uk.com/","info@s2s.uk.com"
"90","NCC Group","https://clutch.co/profile/ncc-group","https://www.nccgroup.trust/uk/","response@nccgroup.trust"
"91","ElasticHosts","https://clutch.co/profile/elastichosts","https://www.elastichosts.com/","sales@elastichosts.com"
"92","Atech Support Ltd","https://clutch.co/profile/atech-support","https://www.atechsupport.com/","hello@atechsupport.com"
"93","Centrenex (formerly Equal Core Networks)","https://clutch.co/profile/centrenex-formerly-equal-core-networks","http://www.equalcore.net/","info@equalcorenetworks.com"
"94","Claremont","https://clutch.co/profile/claremont","http://www.claremont.co.uk/","info@claremont.co.ukNA"
"95","Web Devices Inc. ","https://clutch.co/profile/web-devices","http://www.webdvi.com","fpardos@webdvi.com"
"96","bluCursor Infotech Private Limited","https://clutch.co/profile/blucursor-infotech-private","http://www.blucursor.com","sales@blucursor.comNA"
"97","Business Intelligence Direct","https://clutch.co/profile/business-intelligence-direct","http://www.bidmarketing.co.uk/","info@bidmarketing.co.uk"
"98","Datanet.co.uk","https://clutch.co/profile/datanetcouk","http://www.datanet.co.uk/","solutions@datanet.co.ukNA"
"99","MedTech Group","https://clutch.co/profile/medtech-group","http://www.medtech.ma/fr/","contact@medtech.maNA"
"100","Bizdirect","https://clutch.co/profile/bizdirect","https://www.bizdirect.pt/en/","contact@bizdirect.pt"
"101","Netteam tX Ltd","https://clutch.co/profile/netteam-tx","https://netteam.co.uk/","info@netteam.co.uk"
"102","Cohn Consulting Corporation","https://clutch.co/profile/cohn-consulting-corporation","https://www.cohnconsultingcorp.com/","info@cohnconsultingcorp.comNA"
"103","Arokia IT","https://clutch.co/profile/arokia-it","http://www.arokiait.com","arokialist@gmail.com"
"104","Dynamic Consulting","https://clutch.co/profile/dynamic-consulting","http://dynamicconsulting.com/","info@mavenwave.comNA"
"105","Strata Information Technologies, Inc.","https://clutch.co/profile/strata-information-technologies","https://www.stratait.com/","info@mavenwave.comNA"
"106","Advantum Limited","https://clutch.co/profile/advantum","http://advantumpcs.com/","info@advantumpcs.com"
"107","Computer Development Systems","https://clutch.co/profile/computer-development-systems","https://www.cds-tech.com/","info@cds-tech.com"
"108","Yealink","https://clutch.co/profile/yealink","https://www.yealink.com/","sales@yealink.com"
"109","Smartsoft Technology","https://clutch.co/profile/smartsoft-technology","http://www.smartsofttechnology.com/","info@mavenwave.comNA"
"110","FLEXTECHS Corporate Office","https://clutch.co/profile/flextechs-corporate-office","https://www.flextechs.com/","info@flextechs.com"
"111","SS Solutions (Pvt.) Ltd.","https://clutch.co/profile/ss-solutions","http://sssolutionsbd.com/","info@sssolutionsbd.com"
"112","ISM Canada","https://clutch.co/profile/ism-canada","https://www.ismcanada.com/","ismc@ca.ibm.com"
"113","Edge IT","https://clutch.co/profile/edge-it","https://www.edgeit.co.uk","hello@edgeit.co.uk"
"114","Consulteks Solutions Group","https://clutch.co/profile/consulteks-solutions-group","http://www.consulteks.com/","info@consulteks.comNA"
"115","Business Systems & Consultants, Inc.","https://clutch.co/profile/business-systems-consultants","https://www.bscsolutions.com","info@bscsolutions.com"
"116","Cofficient ","https://clutch.co/profile/cofficient","https://cofficient.co.uk/","info@cofficient.co.uk"
"117","Pronix Inc","https://clutch.co/profile/pronix","http://www.pronixinc.com","sales@pronixinc.com"
"118","Frontline Consultancy","https://clutch.co/profile/frontline-consultancy","http://www.frontline-consultancy.com","info@frontline-consultancy.co.uk"
"119","ClearPoint","https://clutch.co/profile/clearpoint","http://www.clearpoint.co.nz/","auckland_office@clearpoint.co.nzNA"
"120","D-Wits","https://clutch.co/profile/d-wits","http://www.d-wits.com/","info@d-wits.com"
"121","MTnet","https://clutch.co/profile/mtnet","https://www.mtnet.com.mx/","info@mtnet.com.mx"
"122","Cloudica","https://clutch.co/profile/cloudica","http://cloudica.io","office@cloudica.io"
"123","GWTI","https://clutch.co/profile/gwti","https://www.gwti.net/","crm@gwti.net"
"124","Cloud2Go","https://clutch.co/profile/cloud2go","http://www.cloud2go.com.br/","contato@cloud2go.com.brNA"
"125","Thinking Big Information Technology Inc.","https://clutch.co/profile/thinking-big-information-technology","http://thinkingbig.net/","hello@thinkingbig.net"
"126","Intellect Software Ltd","https://clutch.co/profile/intellect-software","http://intels.co/","towhid@live.com.au"
"127","MindStream Analytics","https://clutch.co/profile/mindstream-analytics","https://www.mindstreamanalytics.com/","info@mindstreamanalytics.com"
"128","BMS Computerisation Services","https://clutch.co/profile/bms-computerisation-services","http://www.bms.com.sg/","sales@bms.com.sg"
"129"," Futurism Technologies","https://clutch.co/profile/futurism-technologies","https://www.futurismtechnologies.com/","varickp@futurismtechnologies.com"
"130","ASPGulf","https://clutch.co/profile/aspgulf","https://www.aspgulf.com/","sales@aspgulf.com"
"131","Web Synergies Pvt. Ltd","https://clutch.co/profile/web-synergies","http://websynergies.biz","sales@websynergies.biz"
"132","Noble Consulting Services Inc","https://clutch.co/profile/noble-consulting-services","https://noblecon.net/","mdinius@noblecon.netNA"
"133","Fenix Alliance","https://clutch.co/profile/fenix-alliance","https://fenix-alliance.com","support@fenix-alliance.com"
"134","iThink Panama","https://clutch.co/profile/ithink-panama","http://ithinkpanama.com/en/","info@ithinkpanama.com"
"135","OneClick Solutions Group","https://clutch.co/profile/oneclick-solutions-group","https://www.oneclickfix.net/","info@mavenwave.comNA"
"136","Colocentric Limited","https://clutch.co/profile/colocentric","http://www.colocentric.co.uk/","info@colocentric.co.uk"
"137","Appirio","https://clutch.co/profile/appirio","http://www.appirio.com/","info@mavenwave.comNA"
"138","ActiveCloud","https://clutch.co/profile/activecloud","https://www.active.by/","sales@active.by"
"139","Alpha Vault Tech","https://clutch.co/profile/alpha-vault-tech","http://www.alphavaulttech.com/","work@alphavaulttech'.comNA"
"140","China Cache","https://clutch.co/profile/china-cache","https://en.chinacache.com/","ccna-sales@chinacache.comNA"
"141","FPT Software","https://clutch.co/profile/fpt-software","https://www.fpt-software.com/","fsoft.contact@fsoft.com.vn"
"142","Digital Rainbow Project Consultants","https://clutch.co/profile/digital-rainbow-project-consultants","http://www.drpconsultants.co.uk/","riz.analyst@gmail.com"
"143","Sanders Software Consulting Inc.","https://clutch.co/profile/sanders-software-consulting","http://www.sanderssoftware.com/","support@sanderssoftware.com"
"144","I.B.I.S.","https://clutch.co/profile/ibis","http://ibisinc.com/","info@ibisinc.com"
"145","Montnets","https://clutch.co/profile/montnets","http://www.montnets.com/en/index.php/shouye","marketing@montnets.com"
"146","Big Bang ERP","https://clutch.co/profile/big-bang-erp","http://bigbangerp.com/","info@bigbangerp.com"
"147","LDeX Group Ltd","https://clutch.co/profile/ldex-group","https://www.ldexgroup.co.uk/","sales@ldexgroup.co.uk"
"148","Datasource Consulting","https://clutch.co/profile/datasource-consulting","https://datasourceconsulting.com/","info@datasourceconsulting.com"
"149","ISO Software Systems Inc.","https://clutch.co/profile/iso-software-systems","https://www.iso-gruppe.com/en/iso-software-systeme.html","info@mavenwave.comNA"
"150","Transparent Solutions","https://clutch.co/profile/transparent-solutions","http://www.transparent.ca/","sales@transparent.caNA"
"151","Primitive Logic","https://clutch.co/profile/primitive-logic","https://www.primitivelogic.com/","info@primitivelogic.com"
"152","IBCS-Primax Software Bangladesh Ltd.","https://clutch.co/profile/ibcs-primax-software-bangladesh","http://www.ibcs-primax.com/ibcsonweb/","info@ibcs-primax.com"
"153","Payoda Technology Inc.","https://clutch.co/profile/payoda-technology","https://www.payoda.com/","info@payoda.com"
"154","Amicus ITS","https://clutch.co/profile/amicus-its","http://www.amicusits.co.uk/","enquiries@amicusits.co.uk"
"155","SSCS","https://clutch.co/profile/sscs","http://www.sscs.com/","info@mavenwave.comNA"
"156","Pinnacle Smart Technologies","https://clutch.co/profile/pinnacle-smart-technologies","http://pinnacledxb.com/","info@pinnacledxb.com"
"157","Advanced Telecommunications of Illinois","https://clutch.co/profile/advanced-telecommunications-illinois","http://www.aticti.com/","service@aticti.com"
"158","Datalyst LLC","https://clutch.co/profile/datalyst","http://www.datalyst.net","info@datalyst.netNA"
"159","Xentaurs","https://clutch.co/profile/xentaurs","https://www.xentaurs.com/","info@mavenwave.comNA"
"160","TWF Solutions (UK)","https://clutch.co/profile/twf-solutions-uk","http://www.twf-solutions.com/","info@twf-solutions.comNA"
"161","Soflab Technology","https://clutch.co/profile/soflab-technology","https://soflab.pl/en/","soflab@soflab.pl"
"162","Liguesite","https://clutch.co/profile/liguesite","https://www.liguesite.com.br/index/","sac@liguesite.com.brNA"
"163","LaneSystems","https://clutch.co/profile/lanesystems","http://www.lanesystems.co.uk","enquiries@lanesystems.co.ukNA"
"164","Bugloos","https://clutch.co/profile/bugloos","http://bugloos.nl/en/","info@bugloos.nl"
"165","Telnet Communication Ltd.","https://clutch.co/profile/telnet-communication","http://www.telnet.com.bd/","info@telnet.com.bd"
"166","Athena Dynamics","https://clutch.co/profile/athena-dynamics","https://athenadynamics.com/","contact@athenadynamics.comNA"
"167","Hyve Managed Hosting","https://clutch.co/profile/hyve-managed-hosting","https://www.hyve.com/","sales@hyve.comNA"
"168","Ad-Tech","https://clutch.co/profile/ad-tech","http://www.ad-tech.com.jo/","info@ad-tech.com.jo"
"169","ITBeep","https://clutch.co/profile/itbeep","http://itbeep.com/en-us/","support@itbeep.com"
"170","Grupo CINTE","https://clutch.co/profile/grupo-cinte","http://www.grupocinte.com/inicio","socialmedia@grupocinte.com"
"171","Mos5 Tel","https://clutch.co/profile/mos5-tel","http://www.mos5tel.com/","info@mos5tel.co'm"
"172","Microbase Infotech","https://clutch.co/profile/microbase-infotech","http://www.microbaseinfotech.com","touch@microbaseinfotech.comNA"
"173","GO IT Solutions","https://clutch.co/profile/go-it-solutions","http://www.goits.com.br/index.html","contato@goits.com.br"
"174","RIOT","https://clutch.co/profile/riot","http://www.riot.com.br/","contato@riot.com.br"
"175","FACTWEAVERS","https://clutch.co/profile/factweavers","http://www.factweavers.com","business@factweavers.com"
"176","Sysne","https://clutch.co/profile/sysne","http://www.sysne.com.mx/","contacto@sysne.com.mxNA"
"177","OverActive","https://clutch.co/profile/overactive","http://www.overactive.com","info@overactive.com"
"178","Network Heroes","https://clutch.co/profile/network-heroes","https://www.network-heroes.com/","info@network-heroes.com"
"179","UbiStor, Inc.","https://clutch.co/profile/ubistor","http://ubistor.com/","sales@ubistor.com"
"180","MOBITIC CONSULTING","https://clutch.co/profile/mobitic-consulting-0","http://www.mobitic-consulting.com","fdesaunois@mobi-tic.eu"
"181","Symphony Softtech Ltd","https://clutch.co/profile/symphony-softtech","http://symphonysoftt.com/","info@symphonysoftt.com"
"182","Cyber Technology BD Ltd ","https://clutch.co/profile/cyber-technology-bd","http://www.cybertechnologybd.com/","info@cybertechnologybd.com"
"183","Banglanet Technologies Limited","https://clutch.co/profile/banglanet-technologies","http://banglanetbd.com/","info@banglanetbd.com"
"184","Onex Labs LLC","https://clutch.co/profile/onex-labs","http://cluth.onexlabs.io","info@onexlabs.io"
"185","VL OMNI","https://clutch.co/profile/vl-omni","https://vlomni.com/","sales@virtuallogistics.caNA"
"186","Attain Solutions Inc","https://clutch.co/profile/attain-solutions","https://www.attainsolutions.ca/","contact@attainsolutions.ca"
"187","Concert Tech Corporation","https://clutch.co/profile/concert-tech-corporation","http://www.concert-tech.com/","support@concert-tech.com"
"188","Fifteen Digital Limited","https://clutch.co/profile/fifteen-digital","https://www.fifteengroup.co.uk/","info@mavenwave.comNA"
"189","Innotica Group","https://clutch.co/profile/innotica-group","http://www.innotica.com/","info@mavenwave.comNA"
"190","QStride","https://clutch.co/profile/qstride","http://www.qstride.com/company/","info@qstride.comNA"
"191","Smashed Crab Studio","https://clutch.co/profile/smashed-crab-studio","https://smashedcrabstudio.com","Contact@SmashedCrabStudio.com"
"192","IT Nest BD ","https://clutch.co/profile/it-nest-bd","http://itnestbd.com/","rubel.itnest@gmail.com"
"193","Metamorphosis ","https://clutch.co/profile/metamorphosis","http://www.metamorphosis.com.bd/","info@metamorphosis.com.bd"
"194","Viewpoint Construction Software","https://clutch.co/profile/viewpoint-construction-software","https://viewpoint.com/","sales@viewpoint.com"
"195","Gorkana","https://clutch.co/profile/gorkana","http://www.gorkana.com/","marketing@gorkana.comNA"
"196","NewGens","https://clutch.co/profile/newgens","https://www.newgens.com.sg/webpages/home.aspx","info@mavenwave.comNA"
"197","Aegis Softwares","https://clutch.co/profile/aegis-softwares","https://www.aegissoftwares.com","info@aegissoftwares.comNA"
"198","Progmatix Software Services Pvt Ltd","https://clutch.co/profile/progmatix-software-services","http://www.progmatixsoftware.co.in","sales@progmatixsoftware.co.inNA"
"199","Stoneridge Software","https://clutch.co/profile/stoneridge-software","https://stoneridgesoftware.com","info@stoneridgesoftware.com"
"200","CompareHRIS.com","https://clutch.co/profile/comparehriscom","https://www.comparehris.com/","info@mavenwave.comNA"
"201","armely","https://clutch.co/profile/armely","http://www.armely.com/","info@armely.comNA"
"202","IronNet Cybersecurity","https://clutch.co/profile/ironnet-cybersecurity","https://ironnetcyber.com/","info@mavenwave.comNA"
"203","Dynacom Technologies Inc.","https://clutch.co/profile/dynacom-technologies","http://www.dynacom.com/index.html","service@dynacom.com"
"204","Crawford Technologies","https://clutch.co/profile/crawford-technologies","http://www.crawfordtech.com","info@crawfordtech.com"
"205","PTS Consulting","https://clutch.co/profile/pts-consulting","http://www.ptsconsulting.com/","info@ptsconsulting.com"
"206","Maytech Technologies","https://clutch.co/profile/maytech-technologies","http://www.maytechweb.com.au","sales@maytechweb.com.auNA"
"207","Leighton","https://clutch.co/profile/leighton","https://www.leighton.com/","hello@leighton.com"
"208","Boomer Consulting, Inc.","https://clutch.co/profile/boomer-consulting","https://www.boomer.com/","solutions@boomer.com"
"209","Cloud Success","https://clutch.co/profile/cloud-success","http://www.cloudsuccess.com","sales@cloudsuccess.com"
"210","Abussi Ltd","https://clutch.co/profile/abussi","https://www.abussi.co.uk/","info@abussi.co.uk"
"211","Sofrecom","https://clutch.co/profile/sofrecom","http://www.sofrecom.com.ar/","info@sofrecom.com.ar"
"212","Hackerbay Germany","https://clutch.co/profile/hackerbay-germany","https://hackerbay.com","hello@hackerbay.com"
"213","Manex Consulting","https://clutch.co/profile/manex-consulting","https://www.manexconsulting.com/","info@mavenwave.comNA"
"214","Serokell OÜ","https://clutch.co/profile/serokell-o%C3%BC","http://serokell.io","hi@serokell.io"
"215","MYTEK Network Solutions","https://clutch.co/profile/mytek-network-solutions","http://mytek.net/","marketing@mytek.net"
"216","Mindera","https://clutch.co/profile/mindera","https://mindera.com/","hello.pt@mindera.com"
"217","H&O Technologies","https://clutch.co/profile/ho-technologies","https://ho.com.uy/","ventas@ho.com.uy"
"218","Database Technologies Ltd.","https://clutch.co/profile/database-technologies","https://database-technologies.com/","teammembers@database-technologies.com"
"219","4D Data Centres ","https://clutch.co/profile/4d-data-centres","http://www.4d-dc.com/","colo@4d-dc.com"
"220","HiQo Solutions","https://clutch.co/profile/hiqo-solutions","https://www.hiqo-solutions.com","rabota@hiqo-solutions.comNA"
"221","fram^","https://clutch.co/profile/fram","https://wearefram.com/","info@wearefram.com"
"222","Digicon Technologies Ltd","https://clutch.co/profile/digicon-technologies","http://www.digicontechnologies.com/","info@digicontechnologies.comNA"
"223","Neurotech","https://clutch.co/profile/neurotech","http://www.neurotech.com.br/","info@mavenwave.comNA"
"224","Roam Creative","https://clutch.co/profile/roam-creative","http://roamltd.com/","hello@roamltd.com"
"225","Ivan Infotech Pvt Ltd","https://clutch.co/profile/ivan-infotech","https://www.ivaninfotech.com","sales@ivaninfotech.comNA"
"226","ReWeb","https://clutch.co/profile/reweb","https://www.reweb.ma/","contact@reweb.maNA"
"227","Applied Resource Group","https://clutch.co/profile/applied-resource-group","http://appliedrg.com/","careers@appliedrg.com"
"228","Techonsite","https://clutch.co/profile/techonsite","https://techonsite.com/","solutions@techonsite.com"
"229","IDTKnology PY","https://clutch.co/profile/idtknology-py","https://www.id.com.py","contactoweb@id.com.py'"
"230","Binary Quest Limited","https://clutch.co/profile/binary-quest","http://www.binaryquest.com/","info@binaryquest.com"
"231","Fullsix UK","https://clutch.co/profile/fullsix-uk","http://www.fullsixuk.com/","enquiries@fullsixuk.com"
"232","Gita Technologies","https://clutch.co/profile/gita-technologies","http://gitatechnologies.com/","contact@gitatechnologies.com"
"233","Square Root Solutions","https://clutch.co/profile/square-root-solutions-0","https://phrasee.co/","info@squareroot.ie"
"234","Provalus","https://clutch.co/profile/provalus","https://provalus.com/","info@provalus.com"
"235","Xerva","https://clutch.co/profile/xerva","http://xerva.com","sales@xerva.com"
"236","CloudCo","https://clutch.co/profile/cloudco","https://www.cloudco.com.mx/","VENTAS@CLOUDCO.COM.MX"
"237","Grupo Perti","https://clutch.co/profile/grupo-perti","http://www.grupoperti.com.mx/","info@grupoperti.com.mx"
"238","eForceSuccess","https://clutch.co/profile/eforcesuccess","http://www.eforcesuccess.com/","info@mavenwave.comNA"
"239","Partners in Regulatory Compliance","https://clutch.co/profile/partners-regulatory-compliance","https://www.piregcompliance.com/","info@piregcompliance.com"
"240","Ekohe","https://clutch.co/profile/ekohe","https://ekohe.com/offices/paris","paris@ekohe.com"
"241","Hakken Corp","https://clutch.co/profile/hakken-corp","https://hakkencorp.com/","hc@hakkencorp.com"
"242","Gunter Group","https://clutch.co/profile/gunter-group","http://guntergroupconsulting.com/","info@guntergroupconsulting.com"
"243","TechChili","https://clutch.co/profile/techchili","https://techchili.com/","info@techchili.com"
"244","Avaamo","https://clutch.co/profile/avaamo","http://www.avaamo.ai/","sales@avaamo.com"
"245","WJS & Associates","https://clutch.co/profile/wjs-associates","http://wjsassoc.com/","bill@wjsassoc.comNA"
"246","Creative Impact ","https://clutch.co/profile/creative-impact","http://www.creative-impact.co.uk/","info@creative-impact.co.uk"
"247","Pointel Solutions","https://clutch.co/profile/pointel-solutions","http://www.pointelsolutions.com/","contactus@pointelsolutions.com"
"248","shadowws","https://clutch.co/profile/shadowws","http://www.shadowws.in","felixcephadansten@hotmail.com"
"249","Zingbox Inc.","https://clutch.co/profile/zingbox","http://www.zingbox.com","sales@zingbox.com"
"250","Revenant Healthcare ","https://clutch.co/profile/revenant-healthcare","https://revenantcare.com/","inquiry@revenantcare.comNA"
"251","StyleTech Solution Ltd","https://clutch.co/profile/styletech-solution","https://www.styletech.co.uk/","info@styletech.co.uk"
"252","Asta software","https://clutch.co/profile/asta-software","http://www.asta.com.mx/","contacto@asta.com.mxNA"
"253","RFSOFTLAB","https://clutch.co/profile/rfsoftlab","http://rfsoftlab.com/","info@rfsoftlab.com"
"254","Elementz","https://clutch.co/profile/elementz","http://elementzinteractive.com/","info@elementzinteractive.com"
"255","Synapse Team","https://clutch.co/profile/synapse-team","https://synapseteam.pro","rbarbotkin@gmail.com"
"256","Nets To You","https://clutch.co/profile/nets-you","http://www.netstoyou.com","info@mavenwave.comNA"
"257","Esteem Corporation Ltd","https://clutch.co/profile/esteem-corporation","https://esteemcorporation.com/","support@esteemcorporation.comNA"
"258","Aborigen IT","https://clutch.co/profile/aborigen-it","https://www.aborigenit.com/","info@mavenwave.comNA"
"259","LinkvisionSoft","https://clutch.co/profile/linkvisionsoft","http://linkvisionsoft.com/","info@linkvisionsoft.comNA"
"260","Klardata","https://clutch.co/profile/klardata","http://www.klardata.com","justin@klardata.com"
"261","Impel IT Solutions","https://clutch.co/profile/impel-it-solutions","http://www.impelitsolutions.com/","taosif@impelitsolutions.comNA"
"262","Azuratech LLP","https://clutch.co/profile/azuratech-llp","https://azuratech.in/","info@azuratech.in"
"263","Terse Software","https://clutch.co/profile/terse-software","http://www.tersesoft.com/","sales@tersesoft.comNA"
"264","Intelligence Authentic","https://clutch.co/profile/intelligence-authentic","http://intelauthentic.com","andrew@intelauthentic.com"
"265","Jadukor IT","https://clutch.co/profile/jadukor-it","https://jadukor.com/","info@jadukor.com"
"266","SVH Software ","https://clutch.co/profile/svh-software","http://www.svhsoftware.com/","info@svhsoftware.com"
"267","Doodle Inc.","https://clutch.co/profile/doodle","http://doodlei.net/","info@doodlei.netNA"
"268","MAMMOTH VR","https://clutch.co/profile/mammoth-vr","http://www.mammothvr.com/","info@mammothvr.com"
"269","Elucomputing","https://clutch.co/profile/elucomputing","http://www.elucomputing.com","sales@elucomputing.com"
"270","G2 Rocket","https://clutch.co/profile/g2-rocket","http://www.g2rocket.com/","contacto@g2rocket.comNA"
"271","Pikkles","https://clutch.co/profile/pikkles","https://pikkles.com/en/","info@mavenwave.comNA"
"272","Umbel","https://clutch.co/profile/umbel","https://www.umbel.com/","contact@umbel.com"
"273","SAS Software","https://clutch.co/profile/sas-software","http://www.sas.com","info@mavenwave.comNA"
"274","Empresoft","https://clutch.co/profile/empresoft","http://www.empresoft.mx/","'contacto@empresoft.com.mxNA"
"275","Ingenium BD","https://clutch.co/profile/ingenium-bd","http://ingeniumbd.com/","ingeniumbd04@gmail.com"
"276","Chameleon Power","https://clutch.co/profile/chameleon-power","http://www.chameleonpower.com/","info@chameleonpower.com"
"277","Globe Software","https://clutch.co/profile/globe-software","http://www.globe-software.com/","info@globe-software.comNA"
"278","Xevol","https://clutch.co/profile/xevol","https://xevol.com","hi@xevol.comNA"
"279","Tectura ","https://clutch.co/profile/tectura","http://www.tectura.com/","info@tectura.com"
"280","Aerion","https://clutch.co/profile/aerion","http://aerion.com.au/","contact@aerion.com.au"
"281","Dataabsolute Technologies Pvt. Ltd.","https://clutch.co/profile/dataabsolute-technologies","http://www.dataabsolute.com","sales@dataabsolute.comNA"
"282","TETRA TECHNOLOGY LTD","https://clutch.co/profile/tetra-technology","https://tetratechnology.co.uk/","sales@tetratechnology.co.uk"
"283","Weave Digital","https://clutch.co/profile/weave-digital","https://weave.eu/","contact@weave.euNA"
"284","Japan Third Party","https://clutch.co/profile/japan-third-party","https://www.jtp.co.jp/","info@verticurl.com"
"285","STONEK","https://clutch.co/profile/stonek","https://www.stonekltd.com/","info@stonekltd.com"
"286","Contrapunto","https://clutch.co/profile/contrapunto","http://www.contrapuntobbdo.es/","contrapunto@contrapunto.bbdo.es"
"287","Virtual Viewing","https://clutch.co/profile/virtual-viewing","http://www.virtualviewing.co.uk/","vega.sims@virtualviewing.co.ukNA"
"288","IBA Group","https://clutch.co/profile/iba-group","https://ibagroupit.com/de/","info@ibagroupit.comNA"
"289","Focus Softnet","https://clutch.co/profile/focus-softnet","https://www.focussoftnet.com/","dm@focussoftnet.com"
"290","Cpl Jobs","https://clutch.co/profile/cpl-jobs","https://cpljobs.com/hu","budapest@cpljobs.huNA"
"291","Rentwise","https://clutch.co/profile/rentwise","http://www.rentwise.com/","enquirymy@rentwise.com"
"292","Aridhia Informatics Ltd","https://clutch.co/profile/aridhia-informatics","http://www.aridhia.com/","info@aridhia.comNA"
"293","Merit Solutions","https://clutch.co/profile/merit-solutions","http://www.meritsolutions.com/","info@meritsolutions.com"
"294","Functional Imperative","https://clutch.co/profile/functional-imperative","http://www.functionalimperative.com/","info@functionalimperative.com"
"295","Azinova Technologies","https://clutch.co/profile/azinova-technologies","https://www.azinovatechnologies.com/","contact@azinova.info"
"296","LixarIT","https://clutch.co/profile/lixarit","https://lixar.com/","marketing@lixar.comNA"
"297","Applied Data Science","https://clutch.co/profile/applied-data-science","https://applied-data.science/","sales@applied-data.science"
"298","Softgroup","https://clutch.co/profile/softgroup","http://softgroup.eu","office@softgroup.eu"
"299","Only PSD 2 HTML","https://clutch.co/profile/only-psd-2-html","http://www.onlypsd2html.com/","info@onlypsd2html.com"
"300","Sab Graphics","https://clutch.co/profile/sab-graphics","https://www.sab-graphics.com/en-GB/","sales@sab-graphics.com"
"301","VISTECH","https://clutch.co/profile/vistech","http://www.vistech.com/","info@vistech.com"
"302","800teleservices","https://clutch.co/profile/800teleservices","http://www.800teleservices.com/english/index.asp","main@800Teleservices.comNA"
"303","Technowand","https://clutch.co/profile/technowand","https://technowand.com.au/","hello@technowand.com.auNA"
"304","Kustom Sites","https://clutch.co/profile/kustom-sites","http://www.kustomsites.com","info@kustomsites.com"
"305","Logic Studio","https://clutch.co/profile/logic-studio","http://www.logicstudio.net/spa/","panama@logicstudio.net"
"306","Olive Mid East","https://clutch.co/profile/olive-mid-east","http://www.oliveme.ae/","enquiry@oliveme.aeNA"
"307","ICS Solutions Group","https://clutch.co/profile/ics-solutions-group","http://www.icsnewyork.com/","info@icsnewyork.comNA"
"308","Clark Empire","https://clutch.co/profile/clark-empire","https://www.clarkempire.com/","support@clarkempire.com"
"309","HDWEBSOFT","https://clutch.co/profile/hdwebsoft","https://www.hdwebsoft.com/","contact@hdwebsoft.com"
"310","Glintech","https://clutch.co/profile/glintech","https://www.glintech.com/","info@glintech.com"
"311","Crossbow Interactive","https://clutch.co/profile/crossbow-interactive","http://www.crossbowin.ca/","contact@crossbowin.ca"
"312","Oestesi","https://clutch.co/profile/oestesi","https://oestesi.com/home/","oestesi@gmail.com"
"313","effective design studio","https://clutch.co/profile/effective-design-studio","http://www.effectivedesign.com/","info@effectivedesign.comNA"
"314","RoundArk","https://clutch.co/profile/roundark","http://www.roundark.com/","hello@roundark.com"
"315","Digital Minds Solutions","https://clutch.co/profile/digital-minds-solutions","http://digitalmindssolutions.com/","info@digitalmindssolutions.com"
"316","Kognitiv Spark","https://clutch.co/profile/kognitiv-spark","http://www.kognitivspark.com/","sales@kognitivspark.com"
"317","ADVICE GROUP","https://clutch.co/profile/advice-group","http://www.advicegroup.it/","info@advicegroup.itNA"
"318","Finchley Court","https://clutch.co/profile/finchley-court","http://www.finchleycourt.co.uk/","info@rsconnect.com"
"319","WebiusSoft","https://clutch.co/profile/webiussoft","http://webiussoft.com/","team@webiussoft.com"
"320","Nadel Phelan, Inc.","https://clutch.co/profile/nadel-phelan","http://nadelphelan.com/","info@nadelphelan.com"
"321","Digital Wavefront","https://clutch.co/profile/digital-wavefront","https://www.digitalwavefront.com/","elevate@digitalwavefront.com"
"322","appcuisine GmbH","https://clutch.co/profile/appcuisine-gmbh","https://appcuisine.de/","service@appcuisine.de"
"323","Vision Recruitment","https://clutch.co/profile/vision-recruitment","http://visionrecruitment.hu","job@visionrecruitment.hu"
"324","Eyecademy","https://clutch.co/profile/eyecademy","http://www.eyecademy.com/","info@eyecademy.com"
"325","CreativeWeb.biz","https://clutch.co/profile/creativewebbiz","https://creativeweb.biz/","info@creativeweb.biz"
"326","Web Solutions PH","https://clutch.co/profile/web-solutions-ph","https://www.websolutions.ph/","info@websolutions.ph"
"327","GYANA","https://clutch.co/profile/gyana","https://www.gyana.co.uk/","info@gyana.co.uk"
"328","Doextra CRM Solutions","https://clutch.co/profile/doextra-crm-solutions","http://doextra.com/","website-request@doextra.com"
"329","Qatar Datamation Systems","https://clutch.co/profile/qatar-datamation-systems","https://www.qdsnet.com/","info@qdsnet.com"
"330","ABNO Softwares International","https://clutch.co/profile/abno-softwares-international","http://www.abnosoftwares.co.ke/","info@abnosoftwares.co.keNA"
"331","Boston Academic","https://clutch.co/profile/boston-academic","http://www.bostonacademic.com/","info@bostonacademic.comNA"
"332","Solid Networks","https://clutch.co/profile/solid-networks","http://snchicago.com/","support@snchicago.com"
"333","Buffalo Data & Media","https://clutch.co/profile/buffalo-data-media","http://www.buffalodm.com/","hello@buffalodm.com"
"334","Sentis Market Research Inc.","https://clutch.co/profile/sentis-market-research","https://sentisresearch.com/sentisresearch","info@sentisresearch.comNA"
"335","IT-Tokyo","https://clutch.co/profile/it-tokyo","http://www.it-tokyo.com/","contact@it-tokyo.com"
"336","Blueblood Solutions ","https://clutch.co/profile/blueblood-solutions","https://www.blueblood.com.au/","marketing@blueblood.com.auNA"
"337","RMS IT","https://clutch.co/profile/rms-it","http://rmsit.net/","info@rmsit.com"
"338","Performance Resource Partners","https://clutch.co/profile/performance-resource-partners","http://www.prpconsultants.com/","info@prpconsultants.com"
"339","Avicoma","https://clutch.co/profile/avicoma","http://www.avicoma.com/","kiseris.t@avicoma.comNA"
"340","Pinnacle Technology Services","https://clutch.co/profile/pinnacle-technology-services","https://pts247.com/","support@pts247.com"
"341","NMS Callcenter","https://clutch.co/profile/nms-callcenter","http://nms.com.vn/en/","customercare@nms.com.vnNA"
"342","IntellEcomm Management Consultants Inc","https://clutch.co/profile/intellecomm-management-consultants","http://intellecomm.ca","admin@intellecomm.ca"
"343","EasyLinkin","https://clutch.co/profile/easylinkin","http://www.easylinkin.net/","contactus@easylinkin.comNA"
"344","Revere Agency","https://clutch.co/profile/revere-agency","https://thisisrevere.com/","hello@thisisrevere.comNA"
"345","Herufi Africa Limited","https://clutch.co/profile/herufi-africa","http://www.herufi.co.ke","info@herufi.co.ke"
"346","MarketingFox Solutions","https://clutch.co/profile/marketingfox-solutions","http://www.marketingfox.net","alex@marketingfox.net"
"347","SAIGON IT SERVICES","https://clutch.co/profile/saigon-it-services","http://saigonitservices.com/index.htm","kien.hoang@saigonitservices.com"
"348","i++ Soft Ltd.","https://clutch.co/profile/i-soft","http://www.team-ippsoft.com/","asyf.mub@ub@team-ippsoft.com"
"349","Softlakes","https://clutch.co/profile/softlakes","https://www.softlakes.com/","info@softlakes.com"
"350","Ntegro","https://clutch.co/profile/ntegro","https://ntegro.com","mkurant@ntegro.com"
"351","Blackchalk IT Services","https://clutch.co/profile/blackchalk-it-services","http://blackchalk.sg","sales@blackchalk.sg"
"352","Cilected Simplified Pvt Ltd","https://clutch.co/profile/cilected-simplified","http://www.cilected.com","info@cilected.com"
"353","MovingBI","https://clutch.co/profile/movingbi","http://www.movingbi.com.ar/","ncoronel@movingbi.com.arNA"
"354","JointaSoft","https://clutch.co/profile/jointasoft","http://www.jointasoft.com/","info@jointasoft.comNA"
"355","Dreamchasers Technologies","https://clutch.co/profile/dreamchasers-technologies","http://www.dreamchasers.co.tz/","info@dreamchasers.co.tz"
"356","k_Street Consulting, LLC","https://clutch.co/profile/kstreet-consulting","https://www.kstreetllc.com/","info@kstreetllc.com"
