"","name","url","website","clutch_email"
"1","Trianz","https://clutch.co/profile/trianz","https://www.trianz.com/","reach@trianz.com"
"2","FRSecure","https://clutch.co/profile/frsecure","https://frsecure.com","info@frsecure.com"
"3","u2i","https://clutch.co/profile/u2i","https://www.u2i.com/clutch?utm_source=clutch&utm_medium=referral","sales@u2i.comNA"
"4","Altoros","https://clutch.co/profile/altoros","http://www.altoros.com","development.cl@altoros.com"
"5","Zymr, Inc.","https://clutch.co/profile/zymr","http://www.zymr.com","hello@zymr.com"
"6","Bandwidth Simplified","https://clutch.co/profile/bandwidth-simplified","https://www.bandwidthsimplified.com/","info@bandwidthsimplified.com"
"7","SouthcoastIT","https://clutch.co/profile/southcoastit","http://www.scocit.com","info@scocit.com"
"8","YourServerAdmin","https://clutch.co/profile/yourserveradmin","https://yourserveradmin.com","site@yourserveradmin.comNA"
"9","Ballard Chalmers Ltd","https://clutch.co/profile/ballard-chalmers","http://www.ballardchalmers.com","enquiries@ballardchalmers.com"
"10","Euvic","https://clutch.co/profile/euvic","https://www.euvic.com/","adam.komorowski@euvic.pl"
"11","Solveda","https://clutch.co/profile/solveda","http://www.solveda.com","marketing@solveda.comNA"
"12","Highland Solutions","https://clutch.co/profile/highland-solutions","http://cx.highlandsolutions.com/contact/","ask@highlandsolutions.comNA"
"13","Wetelo","https://clutch.co/profile/wetelo","https://wetelo.com","i@wetelo.com"
"14","eComchain","https://clutch.co/profile/ecomchain","http://www.ecomchain.com","sales@ecomchain.comNA"
"15","Nonstop","https://clutch.co/profile/nonstop","http://www.nonstop.co","hankus@nonstop.co"
"16","100 CRM","https://clutch.co/profile/100-crm","https://www.100crm.co","hello@100crm.co"
"17","smartSense Solutions","https://clutch.co/profile/smartsense-solutions","http://www.smartsensesolutions.com","info@smartsensesolutions.com"
"18","Newfire Partners","https://clutch.co/profile/newfire-partners","http://www.goNewfire.com","rfp@goNewfire.com"
"19","Groovy The Web Firm","https://clutch.co/profile/groovy-web-firm","http://groovyweb.firm.in","company@groovyweb.firm.in"
"20","Kogifi Consulting Group","https://clutch.co/profile/kogifi-consulting-group-0","https://kogifi.com","contact@kogifi.comNA"
"21","W-Systems","https://clutch.co/profile/w-systems","https://www.w-systems.com/","sales@w-systems.com"
"22","TACG","https://clutch.co/profile/tacg","http://www.tacgsolutions.com/","erin.obrien@etacg.comNA"
"23","Direction Software Solutions","https://clutch.co/profile/direction-software-solutions","http://direction.biz/","s.chainani@direction.biz"
"24","Innovatica","https://clutch.co/profile/innovatica","https://innovatica.com","clutch@innovatica.com"
"25","Xumulus","https://clutch.co/profile/xumulus","https://xumulus.com/","sales@xumulus.com"
"26","VirtusLab","https://clutch.co/profile/virtuslab","https://virtuslab.com/","info@virtuslab.comNA"
"27","DM STAT-1 Consulting","https://clutch.co/profile/dm-stat-1-consulting","http://dmstat1.com","br@dmstat1.com"
"28","BluChip Solutions LTD","https://clutch.co/profile/bluchip-solutions","https://www.bluchip.co.ke","business@bluchip.co.ke"
"29","Creativa Consultores","https://clutch.co/profile/creativa-consultores","http://www.creativaconsultores.com","info@creativaconsultores.com"
"30","Algoscale Technologies, Inc.","https://clutch.co/profile/algoscale-technologies","https://algoscale.com","sales@algoscale.comNA"
"31","Eastsource","https://clutch.co/profile/eastsource","https://www.eastsource.tech/","info@eastsource.tech"
"32","EdgeCase Technology","https://clutch.co/profile/edgecase-technology","http://edgecase-tech.de","kontakt@edgecase-tech.deNA"
"33","DATASPECTRUM","https://clutch.co/profile/dataspectrum","http://www.dataspectrum.io","info@dataspectrum.io"
"34","RoughRider Digital Marketing","https://clutch.co/profile/roughrider-digital-marketing","http://www.roughriderdigitalmarketing.com/","info@roughriderdigitalmarketing.comNA"
"35","PVA, Inc.","https://clutch.co/profile/pva","http://www.pvaglobal.com","admin@pvaglobal.comNA"
"36","DjangoForce, LLC","https://clutch.co/profile/djangoforce","http://djangoforce.com","contact@djangoforce.com"
"37","Broscorp","https://clutch.co/profile/broscorp","http://broscorp.net/?utm_source=clutch&utm_medium=referral","contact@broscorp.net"
"38","BrightWire Networks","https://clutch.co/profile/brightwire-networks","http://www.brightwirenetworks.com/","solutions@brightwirenetworks.com"
"39","Pavelcomm","https://clutch.co/profile/pavelcomm","https://www.pavelcomm.com/","info@pavelcomm.com"
"40","CIGNEX Datamatics","https://clutch.co/profile/cignex-datamatics","http://www.cignex.com/","sales@cignex.comNA"
"41","Virtacore Systems, Inc.","https://clutch.co/profile/virtacore-systems","http://www.virtacore.com","marketing@virtacore.com"
"42","Cloudbakers","https://clutch.co/profile/cloudbakers","http://www.cloudbakers.com","sales@cloudbakers.com"
"43","GCI","https://clutch.co/profile/gci","http://www.gcicom.net","enquiries@gcicom.net"
"44","Alestra","https://clutch.co/profile/alestra","http://www.alestra.mx/","reach@trianz.com"
"45","TMB Group","https://clutch.co/profile/tmb-group","http://www.tmb.co.uk/","sales@tmb.co.uk"
"46","CrucialLogics","https://clutch.co/profile/cruciallogics","http://cruciallogics.com","info@cruciallogics.comNA"
"47","ClerksWell","https://clutch.co/profile/clerkswell","http://www.clerkswell.com/","hello@clerkswell.com"
"48","Razor Technology","https://clutch.co/profile/razor-technology","http://www.razor-tech.com","support@razor-tech.com"
"49","Fidelis","https://clutch.co/profile/fidelis","https://www.fidelisnw.com/","chris.lott@fidelisnw.com"
"50","Inspur Group Co., Ltd.","https://clutch.co/profile/inspur-group-co","http://en.inspur.com/","USASales@inspur.com"
"51","On-L9","https://clutch.co/profile/l9","http://www.on-l9.com/","sales@on-l9.comNA"
"52","Key Information Systems","https://clutch.co/profile/key-information-systems","https://www.keyinfo.com/","info@keyinfo.com"
"53","TopSolutions","https://clutch.co/profile/topsolutions","http://www.topsolutions.pt/","info@topsolutionscloud.com"
"54","DP Solutions","https://clutch.co/profile/dp-solutions","https://www.dpsolutions.com/","sales@dpsolutions.com"
"55","The Baer Group","https://clutch.co/profile/baer-group","https://www.baergroup.com/","info@baergroup.comNA"
"56","Octano","https://clutch.co/profile/octano","http://octano.cl","contacto@octano.cl"
"57","Code Creators","https://clutch.co/profile/code-creators","https://www.codecreators.ca/","help@codecreators.caNA"
"58","IntelligIS","https://clutch.co/profile/intelligis","http://www.intelligis.com/","info@intelligis.com"
"59","MIBAR.net ","https://clutch.co/profile/mibarnet","http://www.mibar.net/","info@MIBAR.net"
"60","Custom Information Services","https://clutch.co/profile/custom-information-services","http://www.customis.com","sales@customis.com"
"61","Lantium","https://clutch.co/profile/lantium","http://www.lantium.com","info@lantium.com"
"62","Scalar Software","https://clutch.co/profile/scalar-software","https://scalarsoftware.com","contact@scalarsoftware.com"
"63","PACE Technical","https://clutch.co/profile/pace-technical","https://www.pacetechnical.com/","sales@pacetechnical.com"
"64","Aql","https://clutch.co/profile/aql","https://aql.com/","enquiries@uk.aql.comNA"
"65","Flugelsoft UK Limited","https://clutch.co/profile/flugelsoft-uk","http://www.flugelsoft.com","sales@flugelsoft.com"
"66","Informa Solutions","https://clutch.co/profile/informa-solutions","http://www.informa.com.sg/","Itsupport@Informa.Com.Sg"
"67","Proficio","https://clutch.co/profile/proficio","https://www.proficio.com/","info@proficio.comNA"
"68","Damovo","https://clutch.co/profile/damovo","https://www.damovo.com/en/","sales.netherlands@damovo.com"
"69","SSE Enterprise Telecoms","https://clutch.co/profile/sse-enterprise-telecoms","https://ssetelecoms.com/","enquiries@ssetelecoms.co.uk"
"70","Onepath","https://clutch.co/profile/onepath","https://1path.com/","info@1path.com"
"71","Cloudserve Ltd","https://clutch.co/profile/cloudserve","https://cloudserve.co.uk/","sales@cloudserve.co.ukNA"
"72","Centre Technologies","https://clutch.co/profile/centre-technologies","https://centretechnologies.com/","info@centretechnologies.com"
"73","Sera-Brynn","https://clutch.co/profile/sera-brynn","https://sera-brynn.com/","info@sera-brynn.com"
"74","Bross Group","https://clutch.co/profile/bross-group","https://brossgroup.com/","info@brossgroup.comNA"
"75","Fujisoft Technology","https://clutch.co/profile/fujisoft-technology","http://fujisoft.com/","info@fujisoft.netNA"
"76","Rose Business Solutions","https://clutch.co/profile/rose-business-solutions","http://www.rosebizinc.com/","sales@rosebizinc.com"
"77","Maticmind S.p.A.","https://clutch.co/profile/maticmind-spa","https://www.maticmind.it","info@maticmind.it"
"78","TechEsperto","https://clutch.co/profile/techesperto","https://www.techesperto.com/","info@techesperto.com"
"79","Entrust Technology Consulting Services","https://clutch.co/profile/entrust-technology-consulting-services","https://www.ntrusts.com/","info@entrust.us.com"
"80","Tagadab Limited","https://clutch.co/profile/tagadab","https://www.tagadab.com/","support@tagadab.com"
"81","BridgeNet Technology Consultants","https://clutch.co/profile/bridgenet-technology-consultants","https://bridgenetllc.com/","info@bridgenetllc.com"
"82","Creative ITC","https://clutch.co/profile/creative-itc","http://www.creativeconsultingltd.co.uk","gavin@creativeconsultingltd.co.uk"
"83","SV Technologies","https://clutch.co/profile/sv-technologies","https://svtech.com.vn/en/","svtech@svtech.com.vn"
"84","Vital Technology Group","https://clutch.co/profile/vital-technology-group","https://www.vital.co.uk/","info@vital.co.uk"
"85","GT Global Services","https://clutch.co/profile/gt-global-services","https://www.gtglobal.ca/","info@gtglobal.ca"
"86","Aciron Consulting, Inc.","https://clutch.co/profile/aciron-consulting","http://www.aciron.com/","info@aciron.com"
"87","Celebal Technologies","https://clutch.co/profile/celebal-technologies","http://celebaltech.com/","enterprisesales@celebaltech.com"
"88","Black Marble","https://clutch.co/profile/black-marble","http://blackmarble.com/","enquiries@blackmarble.com"
"89","Oriium","https://clutch.co/profile/oriium","http://www.oriium.co.uk","info@oriium.com"
"90","Winvest Technology Consultancy Services Pvt Ltd","https://clutch.co/profile/winvest-technology-consultancy-services","http://www.winvest-global.com","satish.desikan@winvest-global.com"
"91","720 Worldwide Inc.","https://clutch.co/profile/720-worldwide","http://720worldwide.com/index.html","Info@720worldwide.comNA"
"92","Data Integrity","https://clutch.co/profile/data-integrity","https://www.dataintegrity.com/","info@dataintegrity.com"
"93","Technique Ltd","https://clutch.co/profile/technique","http://www.technique.eu/","info@technique.eu"
"94","FunctionOne","https://clutch.co/profile/functionone","http://functiononeit.com/","jmarkert@functiononeit.com"
"95","Skye Cloud","https://clutch.co/profile/skye-cloud","http://www.skye-cloud.com/","info@skye-cloud.com"
"96","Total Business","https://clutch.co/profile/total-business","http://www.totalbz.com","sales@totalbz.com"
"97","The LLB Group","https://clutch.co/profile/llb-group","https://www.llbgrouptechsolutions.com/","info@llbgrouptechsolutions.comNA"
"98","Sage Renewable Energy Consulting","https://clutch.co/profile/sage-renewable-energy-consulting","https://www.sagerenew.com/","info@sagerenew.com"
"99","Server Consultancy Ltd","https://clutch.co/profile/server-consultancy","https://www.serverconsultancy.co.uk/","info@serverconsultancy.co.uk"
"100","Boyns Information Systems Ltd.","https://clutch.co/profile/boyns-information-systems","https://boyns.net/","info@boyns.net"
"101","CodeFirst","https://clutch.co/profile/codefirst-0","https://www.codefirst.co.uk/","contact@codefirst.net"
"102","MirrorSphere","https://clutch.co/profile/mirrorsphere","https://www.mirrorsphere.com/","hello@mirrorsphere.com"
"103","Voodoo Technology","https://clutch.co/profile/voodoo-technology","http://www.voodootec.com/","info@voodootec.com'"
"104","OverDrive IT","https://clutch.co/profile/overdrive-it","https://www.overdrive-it.net/","sales@overdrive-it.netNA"
"105","Crusade Computer Solutions Ltd","https://clutch.co/profile/crusade-computer-solutions","http://crusade-cs.co.uk/","info@crusade-cs.co.uk"
"106","NetQuest","https://clutch.co/profile/netquest","https://www.nquest.com/","reach@trianz.com"
"107","Scribe Software","https://clutch.co/profile/scribe-software","http://www.scribesoft.com/","info@scribesoft.com"
"108","BEI - Business Engineering, Inc.","https://clutch.co/profile/bei-business-engineering","http://beinetworks.com","sales@beinetworks.comNA"
"109","Contigo IT Services Austin","https://clutch.co/profile/contigo-it-services-austin","http://www.contigotechnology.com/","fuller@contigotx.comNA"
"110","Jexet Technologies LLC","https://clutch.co/profile/jexet-technologies","http://www.jexet.com","info@jexet.com"
"111","WEM Technology Ltd.","https://clutch.co/profile/wem-technology","https://wem.technology/","support@wem.biz"
"112","DataClarity Corporation","https://clutch.co/profile/dataclarity-corporation","https://www.dataclaritycorp.com/","info@dataclaritycorp.com"
"113","Tensoft","https://clutch.co/profile/tensoft","http://www.tensoft.com/","info@tensoft.comNA"
"114","Adroit Infosystem","https://clutch.co/profile/adroit-infosystem","http://www.adroitinfosystem.com","info@adroitinfosystem.com"
"115","Simeio Solutions","https://clutch.co/profile/simeio-solutions","https://www.simeiosolutions.com/","info@simeiosolutions.comNA"
"116","North Sydney IT","https://clutch.co/profile/north-sydney-it","http://www.northsydneyit.com.au/","sales@northsydneyit.com.auNA"
"117","Cloud Consulting Ltd","https://clutch.co/profile/cloud-consulting","http://www.ccltng.com/","info@ccltng.com"
"118","Transforming Solutions, Inc.","https://clutch.co/profile/transforming-solutions","http://www.transforming.com","dfeely@transforming.com"
"119","Black Lake Technologies","https://clutch.co/profile/black-lake-technologies","https://www.blacklake.cn","contact@blacklake.cnNA"
"120","Autentica","https://clutch.co/profile/autentica","https://www.autentica.lv/en/","info@autentica.lv"
"121","KCS iT","https://clutch.co/profile/kcs-it","http://kcsit.pt/","info@kcsit.pt"
"122","eLando AD","https://clutch.co/profile/elando-ad","http://www.elando.bg","sales@elando.bg"
"123","Intermedia Software","https://clutch.co/profile/intermedia-software","http://intermediasoftware.com/","americas@intermediasoftware.com"
"124","Royal Green Ltd.","https://clutch.co/profile/royal-green","http://www.royalgreen.net/","info@royalgreen.netNA"
"125","BureauServe ","https://clutch.co/profile/bureauserve","http://www.bureauserve.com.sg/","mengtat.tan@bureauserve.com.sg"
"126","Owl.IT","https://clutch.co/profile/owlit","http://www.owlit.cl/","diego.aviles@owl.cl"
"127","SolutionCorp","https://clutch.co/profile/solutioncorp","http://www.solutioncorp.com/","info@solutioncorp.comNA"
"128","Onestop ","https://clutch.co/profile/onestop","https://onestopit.com/","'sales@onestopit.com"
"129","Mindfire Technologies","https://clutch.co/profile/mindfire-technologies-0","https://www.mindfireit.com/","info@mindfireit.com"
"130","Ostendo Consulting","https://clutch.co/profile/ostendo-consulting-0","https://ostendogroup.com/hr/","info@ostendogroup.com"
"131","Netsys Technologies","https://clutch.co/profile/netsys-technologies","http://www.netsys-me.com/","enquiry@netsys-me.com"
"132","Noviaria","https://clutch.co/profile/noviaria","https://noviaria.com/","reach@trianz.com"
"133","Tag1 Consulting, Inc.","https://clutch.co/profile/tag1-consulting","https://tag1consulting.com/","support@tag1consulting.com"
"134","Akkomplish Consulting Pvt. Ltd.","https://clutch.co/profile/akkomplish-consulting","http://www.akkomplish.com/","jp@akkomplish.com"
"135","Forecepts","https://clutch.co/profile/forecepts","https://www.forecepts.com/","info@forecepts.com"
"136","Sepio Systems ","https://clutch.co/profile/sepio-systems","https://sepiosys.com/","info@sepiosys.com"
"137","InsideView","https://clutch.co/profile/insideview","http://learnmore.insideview.com/","sales@insideview.comNA"
"138","CrowdStrike","https://clutch.co/profile/crowdstrike","https://www.crowdstrike.com/","info@crowdstrike.com"
"139","2nd Watch","https://clutch.co/profile/2nd-watch","https://www.2ndwatch.com","info@2ndwatch.com"
"140","Starcut","https://clutch.co/profile/starcut","https://starcut.com","info@starcut.comNA"
"141","Etisbew Technology Group, Inc.","https://clutch.co/profile/etisbew-technology-group","https://www.etisbew.com/","contact@etisbew.comNA"
"142","Sana Software","https://clutch.co/profile/sana-software","http://www.sana-software.com/","sales@sana-software.com"
"143","Acuity Consulting Group","https://clutch.co/profile/acuity-consulting-group","http://www.teamacuity.biz/","Joe@teamacuity.biz"
"144","Faction","https://clutch.co/profile/faction","https://www.factioninc.com/","getcloud@factioninc.comNA"
"145","Anodius","https://clutch.co/profile/anodius","http://www.anodius.com/en","office@anodius.com"
"146","Cloopen","https://clutch.co/profile/cloopen","https://www.cloopen.com/","pr@yuntongxun.com"
"147","Vanti","https://clutch.co/profile/vanti","https://www.vanti.co.uk/","hello@vanti.co.uk"
"148","VirtualArmour","https://clutch.co/profile/virtualarmour","https://www.virtualarmour.com/","marketing@virtualarmor.com"
"149","JMARK Business Solutions, Inc.","https://clutch.co/profile/jmark-business-solutions","https://www.jmark.com/","marketing@jmark.com"
"150","Congruent","https://clutch.co/profile/congruent","http://www.congruentsoft.com","info@congruentsoft.comNA"
"151","ITWorx Consulting","https://clutch.co/profile/itworx-consulting","http://www.itworx.com.au","contact@itworx.com.auNA"
"152","Modyo Chile","https://clutch.co/profile/modyo-chile","https://www.modyo.com/","reach@trianz.com"
"153","Metaphorix Ltd","https://clutch.co/profile/metaphorix","http://www.metaphorix.co.uk/","enquiries@4ps.co.uk"
"154","Tieto","https://clutch.co/profile/tieto","https://www.tieto.lt/","info.lt@tieto.com"
"155","Exage S.p.A.","https://clutch.co/profile/exage-spa","http://exage.com/en/","info@exage.comNA"
"156","API Systems, Inc.","https://clutch.co/profile/api-systems","http://www.apisystemsinc.com","info@apisystemsinc.com"
"157","Experts Of SharePoint","https://clutch.co/profile/experts-sharepoint","http://www.expertsofsharepoint.com/","business@expertsofsharepoint.com'"
"158","Red Arch Solutions","https://clutch.co/profile/red-arch-solutions","http://www.redarchsolutions.com/","info@redarchsolutions.com"
"159","COMAS","https://clutch.co/profile/comas","http://www.comas.co.kr","ask@comas.co.kr"
"160","Broad Band Telecom Services Ltd.","https://clutch.co/profile/broad-band-telecom-services","https://www.bbts.net/","info@bbts.net"
"161","Blue Screen ","https://clutch.co/profile/blue-screen","https://www.bluescreen.pt/","'info@bluescreen.ptNA"
"162","GLI Business Solutions","https://clutch.co/profile/gli-business-solutions","http://www.gli-bs.de/","info@gli-bs.de"
"163","iStreet Solutions, LLC","https://clutch.co/profile/istreet-solutions","http://www.istreetsolutions.com/","info@istreetsolutions.com"
"164","MCG Computer","https://clutch.co/profile/mcg-computer","http://www.mcgcomputer.com.au/","info@mcgit.com.au'"
"165","EasyStack","https://clutch.co/profile/easystack","https://easystack.io/en/","contact@easystack.io"
"166","SpurTree Tech","https://clutch.co/profile/spurtree-tech","http://spurtreetech.com/","ajit.n@spurtreetech.com"
"167","Centarus","https://clutch.co/profile/centarus","http://www.centarusinc.com/","info@centarusinc.com"
"168","Acer Innovation","https://clutch.co/profile/acer-innovation","http://www.acerinnovation.com","info@acerinnovation.com"
"169","ETAFAT","https://clutch.co/profile/etafat","http://etafat.ma/","etafat@etafat.ma"
"170","Softura","https://clutch.co/profile/softura-mx","http://www.softura.com.mx/","galvarez@softura.com.mx'"
"171","Digimonk Technologies","https://clutch.co/profile/digimonk-technologies","https://digimonk.in","neelam@digimonk.in"
"172","VNMT Solutions Pty Ltd","https://clutch.co/profile/vnmt-solutions-pty","http://www.vnmtsolutions.com/","sales@vnmtsolutions.comNA"
"173","HRC Technologies Limited (IGW)","https://clutch.co/profile/hrc-technologies-igw","http://www.hrcigw.com/","info@hrcigw.com"
"174","Implementation Specialists","https://clutch.co/profile/implementation-specialists","http://iscorp.biz/","Support@ISCorp.biz"
"175","Excellent Future Technologies","https://clutch.co/profile/excellent-future-technologies","http://www.xfuturetech.co.ke/","info@xfuturetech.co.ke"
"176","Acqurex","https://clutch.co/profile/acqurex","https://acqurex.com/","enquiry@acqurex.com"
"177","Predikly LLC","https://clutch.co/profile/predikly","http://www.predikly.com","sunil@predikly.com"
"178","Envescent ","https://clutch.co/profile/envescent","https://envescent.com/","info@envescent.com"
"179","Tribeca Cloud","https://clutch.co/profile/tribeca-cloud","http://tribecacloud.com/","sales@tribecacloud.com"
"180","DevoTech","https://clutch.co/profile/devotech","https://devo-tech.com/","info@devo-tech.comNA"
"181","DCUBE ITS","https://clutch.co/profile/dcube-its","http://www.dcubeits.com","manoj@dcubeits.com"
"182","CISMO Corporation","https://clutch.co/profile/cismo-corporation","http://cismocorporation.com/","info@cismocorporation.com"
"183","OSource Bangladesh Limited","https://clutch.co/profile/osource-bangladesh","http://osourcebd.com/","info@osourcebd.com"
"184","Remote Tech Inc","https://clutch.co/profile/remote-tech","https://www.remotetechs.com/","info@remotetechs.com"
"185","GOB Software & Systeme","https://clutch.co/profile/gob-software-systeme","http://www.gob.de/","info@gob.deNA"
"186","HighPoint Technology Group","https://clutch.co/profile/highpoint-technology-group","https://www.gohighpoint.net/","envision@gohighpoint.net"
"187","CrownIT","https://clutch.co/profile/crownit","http://www.crownit.com/","info@crownit.comNA"
"188","Acando Latvia","https://clutch.co/profile/acando-latvia","http://www.acando.lv/about-us.html","info.latvia@acando.com"
"189","LightWire","https://clutch.co/profile/lightwire","http://www.lightwire.info/","info@lightwire.infoNA"
"190","GPAC Software","https://clutch.co/profile/gpac-software","http://gnisbd.com/","info@gnisbd.com"
"191","Onezerobd Ltd.","https://clutch.co/profile/onezerobd","http://www.onezerobd.com/","info@onezerobd.com"
"192"," Technohaven Company Ltd ","https://clutch.co/profile/technohaven-company","http://www.technohaven.com/","mailbox@technohaven.comNA"
"193","Amber Software solutions Limited","https://clutch.co/profile/amber-software-solutions","http://www.ambersoftwaresolutions.com/","info@ambersoftware.comNA"
"194","Risk Based Security","https://clutch.co/profile/risk-based-security","https://www.riskbasedsecurity.com/","sales@riskbasedsecurity.com"
"195","Tricon Infotech Private Limited","https://clutch.co/profile/tricon-infotech-private","https://www.triconinfotech.com","manish.thangavelu@triconinfotech.com"
"196","Infoxen Technologies","https://clutch.co/profile/infoxen-technologies","https://www.infoxen.com","ask@infoxen.com"
"197","Bentley Consultancy Ltd","https://clutch.co/profile/bentley-consultancy","http://bentleyconsultancy.co.uk","sulo@BentleyConsultancy.co.uk"
"198","Skookum","https://clutch.co/profile/skookum","http://skookum.com/","mindy.windle@skookum.com"
"199","Uninext Solutions Pvt Ltd","https://clutch.co/profile/uninext-solutions","http://uninextsolutions.com","pallav.modi@istyleyou.inNA"
"200","Novatek International","https://clutch.co/profile/novatek-international","https://ntint.com/","sales@ntint.com"
"201","SM Innovations","https://clutch.co/profile/sm-innovations","http://www.sminnovations.co","hello@sminnovations.co"
"202","Netragard","https://clutch.co/profile/netragard","https://www.netragard.com/","sales@netragard.comNA"
"203","TCM","https://clutch.co/profile/tcm","http://thechipmerchant.com","reach@trianz.com"
"204","Clearhead: The Digital Optimization Company","https://clutch.co/profile/clearhead-digital-optimization-company","http://clearhead.me/","sales@clearhead.me"
"205","BRM S.A.","https://clutch.co/profile/brm-sa","https://www.brm.com.co/","info@brm.com.co"
"206","TRL IT Solutions","https://clutch.co/profile/trl-it-solutions","http://trlit.com/","trlititsolutions@gmail.com"
"207","Dataway","https://clutch.co/profile/dataway","http://www.dataway.com/","info@dataway.com"
"208","InterKan.Net","https://clutch.co/profile/interkannet","https://www.interkan.net/","sales@interkan.net"
"209","Bond Consulting Services","https://clutch.co/profile/bond-consulting-services","http://www.bondconsultingservices.com/","info@bcsteam.com"
"210","Stratesys","https://clutch.co/profile/stratesys","https://www.stratesys-ts.com/es/","info_bcn@stratesys-ts.com"
"211","FlexITy Solutions","https://clutch.co/profile/flexity-solutions","http://www.flexity.com","info@flexity.com"
"212","Vinco Orbis","https://clutch.co/profile/vinco-orbis","https://vincoorbis.com/","contacto@vincoorbis.com"
"213","Systems Solutions & Development Technologies (SSD-TECH)","https://clutch.co/profile/systems-solutions-development-technologies-ssd-tech","http://ssd-tech.com/","info@ssd-tech.com"
"214","Yappli","https://clutch.co/profile/yappli","https://yapp.li/","contact@yappli.co.jp"
"215","Technology Success","https://clutch.co/profile/technology-success","https://tu.by/","info@tu.by"
"216","NEW OCEAN MANUFACTURING SOLUTIONS","https://clutch.co/profile/new-ocean-manufacturing-solutions","https://new-ocean.com.vn/","customercare@new-ocean.com.vnNA"
"217","ICON Information Consultants","https://clutch.co/profile/icon-information-consultants","http://www.iconconsultants.com","stars@iconconsultants.comNA"
"218","Secuvant Security","https://clutch.co/profile/secuvant-security","https://www.secuvant.com","contactus@secuvant.com"
"219","Orness","https://clutch.co/profile/orness","http://www.orness.com/","contact@orness.com"
"220","Berea","https://clutch.co/profile/berea","https://www.berea-group.com/","info@berea-group.comNA"
"221","BCS Technology International Pty Ltd","https://clutch.co/profile/bcs-technology-international-pty","https://www.bcstechnology.com.au","ajitha.thayaharan@bcstechnology.com.au"
"222","Mudano","https://clutch.co/profile/mudano","https://mudano.com/","info@mudano.com"
"223","Brightlink","https://clutch.co/profile/brightlink","https://www.brightlink.com","noc@brightlink.com"
"224","Synlogics Inc","https://clutch.co/profile/synlogics","https://www.synlogics.com","info@synlogics.comNA"
"225","Anari","https://clutch.co/profile/anari","https://www.anari.co.uk/","info@anari.co.ukNA"
"226","Aspirant","https://clutch.co/profile/aspirant","http://www.aspirant.com/","reach@trianz.com"
"227","spaarks","https://clutch.co/profile/spaarks","https://spaarks.com/","hello@spaarks.com"
"228","GreenSQA","https://clutch.co/profile/greensqa","https://greensqa.com/en/","info@greensqa.'com"
"229","Da Primus Consulting","https://clutch.co/profile/da-primus-consulting","http://www.daprimus.com","proposal@daprimus.com"
"230","Northware","https://clutch.co/profile/northware","http://www.northware.mx","info@northware.mx"
"231","Managed Security Solutions Ltd","https://clutch.co/profile/managed-security-solutions","http://www.mssuk.com/","info@mssuk.com"
"232","Bombayworks","https://clutch.co/profile/bombayworks","https://bombayworks.com","info@bombayworks.se"
"233","Ingelsi Cia Ltda","https://clutch.co/profile/ingelsi-cia-ltda","http://www.ingelsi.com.ec/","info@ingelsi.com.ec"
"234","Cero Uno","https://clutch.co/profile/cero-uno","https://www.cerounosoftware.com.mx/","ventas@cerou'nosoftware.com"
"235","LertaIT","https://clutch.co/profile/lertait","http://www.lertait.com/","contacto@lertait.com"
"236","Advanced Business Consulting Ltd","https://clutch.co/profile/advanced-business-consulting","http://abconsulting-bg.com/","office@abconsulting-bg.com"
"237","StreamScan","https://clutch.co/profile/streamscan","https://www.streamscan.ai","sales@streamscan.aiNA"
"238","SOFADEVE SERVICES LTD","https://clutch.co/profile/sofadeve-services","http://sofadeve.com/","contact@sofadeve.com"
"239","Digital Tactics Ltd.","https://clutch.co/profile/digital-tactics","https://www.digitaltactics.co.uk","info@digitaltactics.co.uk"
"240","BetterMore Consulting","https://clutch.co/profile/bettermore-consulting","http://bettermoreconsulting.com/","info@bettermoreconsulting.comNA"
"241","Ciro Solution","https://clutch.co/profile/ciro-solution","https://www.cirosolution.com/","info@cirosolution.com"
"242","deplogy","https://clutch.co/profile/deplogy","https://www.deplogy.com/","hello@deplogy.com"
"243","Washington DC Computer Forensics","https://clutch.co/profile/washington-dc-computer-forensics","http://washington-dc-computer-forensics.com/","reach@trianz.com"
"244","SanadTech","https://clutch.co/profile/sanadtech","http://www.sanadtech.com/","contact@sanadtech.com"
"245","Growth Panda ","https://clutch.co/profile/growth-panda","http://growthpanda.com","contact@growthpanda.com"
"246","Yoong Solutions","https://clutch.co/profile/yoong-solutions","https://yoong.vn/en/","congnv@yoong.vnNA"
"247","Cloud247","https://clutch.co/profile/cloud247","http://www.cloud247.ca/","info@cloud247.caNA"
"248","Tagwizz","https://clutch.co/profile/tagwizz","http://tagwizz.com/","contact@tagwizz.com"
"249","AZNEO Limited","https://clutch.co/profile/azneo","http://az-neo.com/","'info@az-neo.comNA"
"250","Kamloops Computer Centre","https://clutch.co/profile/kamloops-computer-centre","http://www.kcc.ca/home","sales@kcc.ca"
"251","Plástico Lab","https://clutch.co/profile/pl%C3%A1stico-lab","https://www.code-labs.com","info@code-labs.com"
"252","Volan Software & Technologies","https://clutch.co/profile/volan-software-technologies","https://www.volansoft.com","business@volansoft.com"
"253","Fulcrum Consulting","https://clutch.co/profile/fulcrum-consulting","http://www.fulcrumconsult.com","inquiry@fulcrumconsult.com"
"254","Codex Software Solution Ltd.","https://clutch.co/profile/codex-software-solution","http://www.codex.com.bd/","info@codex'.com.bdNA"
"255","Cloud Innovates Pte Ltd","https://clutch.co/profile/cloud-innovates-pte","http://cloudinnovates.com","sales@cloudinnovates.com"
"256"," Durbin Labs","https://clutch.co/profile/durbin-labs","http://durbinlabs.com/","info@durbinlabs.com"
"257","Chasse & Company","https://clutch.co/profile/chasse-company","https://mainecpa.com","michael@mainecpa.com"
"258","Mae Company","https://clutch.co/profile/mae-company","https://mae.company","contact@mae.company"
"259","Electro CRAFT Corporation Ltd.","https://clutch.co/profile/electro-craft-corporation","http://www.electrocraft.org/","info@electrocraft.org"
"260","Verasoft","https://clutch.co/profile/verasoft","https://verasoft.com/","reach@trianz.com"
"261","CodeCrafters International Ltd.","https://clutch.co/profile/codecrafters-international","https://www.codecraftersintl.com/","support@codecraftersintl.com"
"262","Innventures","https://clutch.co/profile/innventures","https://www.inventures.cl/","business@inventures.clNA"
"263","Storm IT Solutions Limited","https://clutch.co/profile/storm-it-solutions","http://www.stormitsolutions.com/","admin@stormitsolutions.com"
"264","Nevadia Technology","https://clutch.co/profile/nevadia-technology","https://www.nevadiatechnology.com/","contact@nevadiatechnology.co'm"
"265","Hello Digital","https://clutch.co/profile/hello-digital","http://hellodigital.nz","chat@hellodigital.nzNA"
"266","Techno-Pie","https://clutch.co/profile/techno-pie","https://techno-pie.com/","contact@techno-pie.com"
"267","Webar Interactive","https://clutch.co/profile/webar-interactive","http://www.webar.net/","correo@webar.net"
"268","Digimatt Solutions Limited","https://clutch.co/profile/digimatt-solutions","http://www.digimatt.co.ke","info@digimattsolutions.com"
"269","3i template It Solutions","https://clutch.co/profile/3i-template-it-solutions","http://3itemplate.com/","info'@3itemplate.com"
"270","Agharass Group Consulting","https://clutch.co/profile/agharass-group-consulting","http://agc.ma/","contact@agc.maNA"
"271","Woopra","https://clutch.co/profile/woopra","http://www.woopra.com","support@woopra.comNA"
"272","Think Big Analytics","https://clutch.co/profile/think-big-analytics","https://www.thinkbiganalytics.com/","info@thinkbiganalytics.comNA"
"273","Kenmore Design LLC","https://clutch.co/profile/kenmore-design","https://www.kenmoredesign.com","hello@kenmoredesign.'comNA"
"274","TEaM Consulting","https://clutch.co/profile/team-consulting","http://www.teamconsulting-uk.com","info@teamconsulting-uk.com"
"275","Intersmart Development","https://clutch.co/profile/intersmart-development","https://www.sapphiro.com/","contact@intersmart-development.com"
"276","Media iQ Digital Ltd","https://clutch.co/profile/media-iq-digital","http://mediaiqdigital.com/","talktous@mediaiqdigital.com"
"277","Ultimate IT Solution-BD","https://clutch.co/profile/ultimate-it-solution-bd","http://ultimateit-bd.com/","info@ultimateitbd.com"
"278","School of Code","https://clutch.co/profile/school-code","http://www.schoolofcode.com/","info@schoolofcode.co.ukNA"
"279","Moccu","https://clutch.co/profile/moccu","https://www.moccu.com/","info@moccu.com"
"280","Sundog Interactive","https://clutch.co/profile/sundog-interactive","https://www.sundoginteractive.com/","info@sundoginteractive.com"
"281","SoftVill","https://clutch.co/profile/softvill","http://www.soft-vill.com/","softvill18@gmail.com'"
"282","Cosmic Info Ventures ","https://clutch.co/profile/cosmic-info-ventures","http://www.cosmicinfoventures.com","aditya@cosmicinfoventures.com"
"283","London Web","https://clutch.co/profile/london-web","http://www.londonweb.net/","reach@trianz.com"
"284","CloverDX","https://clutch.co/profile/cloverdx","https://www.cloverdx.com/","info@cloverdx.comNA"
"285","TechVertu","https://clutch.co/profile/techvertu","https://www.techvertu.co.uk","ovidiu.suciu@techvertu.co.uk"
"286","Ad Fingers","https://clutch.co/profile/ad-fingers","https://www.adfingers.com/","welcome@adfingers.com"
"287","PalmSoft Tecnologia","https://clutch.co/profile/palmsoft-tecnologia","https://clutch.co/PalmSoft%20Tecnologia","contato@palmsoft.com"
"288","Productive I.T.","https://clutch.co/profile/productive-it","http://www.productiveit.com/","info@productiveit.comNA"
"289","2op","https://clutch.co/profile/2op","http://2op.com.br/","agencia@2op.com.br"
"290","Element78","https://clutch.co/profile/element78","https://www.element78.co.uk/","enquiries@element78.co.uk"
"291","Crawford Thomas Recruiting","https://clutch.co/profile/crawford-thomas-recruiting","http://www.crawfordthomas.com/","social@crawfordthomas.comNA"
"292","World Wide Creative","https://clutch.co/profile/world-wide-creative","https://www.wwc.co.za/","louis@wwc.co.za"
"293","Spacedealer GmbH","https://clutch.co/profile/spacedealer-gmbh","http://www.spacedealer.de/","info@spacedealer.de"
"294","Corporate West Computer Systems","https://clutch.co/profile/corporate-west-computer-systems","http://www.corpwest.com/web/index.html","sales@corpwest.com"
"295","The Vital Solutions","https://clutch.co/profile/vital-solutions","https://www.thevitalsolutions.com","info@thevitalsolutions.com"
"296","MeritGroup","https://clutch.co/profile/meritgroup","https://www.meritgroup.co.uk","enquiries@meritgroup.co.ukNA"
"297","Black Ink Technologies","https://clutch.co/profile/black-ink-technologies","http://www.blackinktech.com/","jwinsper@winsper.comNA"
"298","KNOWARTH Technologies Pvt. Ltd.","https://clutch.co/profile/knowarth-technologies","https://www.knowarth.com/","marketing@knowarth.comNA"
"299","Conectys","https://clutch.co/profile/conectys","https://www.conectys.com/","info@conectys.com"
"300","Reverie Design","https://clutch.co/profile/reverie-design","http://www.reveriedesign.co.uk/","info@reveriedesign.co.uk"
"301","Vonnda","https://clutch.co/profile/vonnda","https://www.vonnda.com/","hello@vonnda.com"
"302","KELL Partners","https://clutch.co/profile/kell-partners","https://www.kellpartners.com/","info@kellpartners.com"
"303","The Cloud Mail Store","https://clutch.co/profile/cloud-mail-store","https://www.cloudmailstore.com/","info@cloudmailstore.comNA"
"304","Silver Creek Software - Idaho","https://clutch.co/profile/silver-creek-software-idaho","http://www.silvercreek.com/","info@silvercreek.com"
"305","Analiticom","https://clutch.co/profile/analiticom","http://www.analiticom.com","administracion@analiticom.comNA"
"306","Customertimes Corp","https://clutch.co/profile/customertimes-corp","http://customertimes.com/","info@customertimes.com"
"307","S-Digital Ltd","https://clutch.co/profile/s-digital","https://www.s-digital.co.uk/","sales@s-digital.co.uk"
"308","Lynx Networks","https://clutch.co/profile/lynx-networks","http://lynxnetworks.co.uk/","sales@lynxnetworks.co.uk"
"309","Fyreflyz Pte Ltd","https://clutch.co/profile/fyreflyz-pte","http://fyreflyz.com/","enquiries@fyreflyz.com"
"310","Cloud Market","https://clutch.co/profile/cloud-market","https://www.cloudmarket.com.br/","contato@cloudmarket.com.br"
"311","ethosIQ","https://clutch.co/profile/ethosiq","https://ethosiq.com/","info@ethosIQ.com"
"312","The Online Project","https://clutch.co/profile/online-project","http://theonlineproject.me/","info@theonlineproject.me"
"313","41studio","https://clutch.co/profile/41studio","https://www.41studio.com/","hello@41studio.com"
"314","Blue Point Telecom","https://clutch.co/profile/blue-point-telecom","https://www.blue-point.ro/","office@blue-point.ro"
"315","Navabrind IT Solutions","https://clutch.co/profile/navabrind-it-solutions","https://www.navabrinditsolutions.com/","sales@navabrindsol.com"
"316","NBC Sp. z o.o.","https://clutch.co/profile/nbc-sp-z-oo","http://www.nbc.com.pl","lukasz.koszela@nbc.com.plNA"
"317","EMPSOL SRL","https://clutch.co/profile/empsol-srl","http://www.empsol.it/","info@empsol.it"
"318","I Pro Advisers","https://clutch.co/profile/i-pro-advisers","http://iproadvisers.com/","Admin@iProAdvisers.com"
"319","Systemantech Inc.","https://clutch.co/profile/systemantech","http://www.systemantech.net/","sales@systemantech.comNA"
"320","Cardinal Operations","https://clutch.co/profile/cardinal-operations","https://www.shanshu.ai/introduction","shanshu@shanshu.ai"
"321","Consensus International","https://clutch.co/profile/consensus-international","http://www.consensusintl.com/","info@consensusintl.com"
"322","Acuity Unified Communications","https://clutch.co/profile/acuity-unified-communications","http://www.acuityuc.com/","support@acuityuc.comNA"
"323","Techvantage ","https://clutch.co/profile/techvantage","https://www.techvantagesystems.com/","info@techvantagesystems.comNA"
"324","D3 Legal Search, LLC","https://clutch.co/profile/d3-legal-search","http://www.d3legalsearch.com/","domenic@d3legalsearch.comNA"
"325","InfuzeIT","https://clutch.co/profile/infuzeit","https://infuzeit.com.au/","info@infuzeit.com.au"
"326","Digital Stand","https://clutch.co/profile/digital-stand","https://www.digitalstand.com/","sayhello@digitalstand.com"
"327","Design Your Way","https://clutch.co/profile/design-your-way","https://www.designyourway.ca/","contact@designyourway.ca"
"328","Aloha","https://clutch.co/profile/aloha-0","http://www.alohacreativos.com","ventas@alohacreativos.comNA"
"329","Softlink Options Limited","https://clutch.co/profile/softlink-options","http://www.softlinkoptions.com","info@softlinkoptions.com"
"330","Microsysnet","https://clutch.co/profile/microsysnet","http://www.microsysnet.com/","contact@microsysnet.comNA"
"331","AppPay Sdn Bhd","https://clutch.co/profile/apppay-sdn-bhd","http://www.apppay.tech","info@apppay.tech"
"332","Data Cowboys","https://clutch.co/profile/data-cowboys","http://www.data-cowboys.com","sergey@data-cowboys.com"
"333","iSystems Ltd","https://clutch.co/profile/isystems","http://www.i-systemsltd.co.uk/","info@i-systemsltd.co.ukNA"
"334","Fusion Communication Systems","https://clutch.co/profile/fusion-communication-systems","http://fusionsystems.co.ke","info@fusionsystems.co.ke"
"335","Dynamic Objx","https://clutch.co/profile/dynamic-objx","https://dynamicobjx.com/","hello@dynamicobjx.com"
"336","Soporte Experto","https://clutch.co/profile/soporte-experto","http://www.soportexperto.com","reach@trianz.com"
"337","INNOMATIVE","https://clutch.co/profile/innomative","http://www.innomative.com/","FIREMAN@INNOMATIVE.COM"
"338","Avanti Staffing Inc.","https://clutch.co/profile/avanti-staffing","http://www.avanti-staffing.com/","info@avanti-staffing.com"
"339","ELICOM Call Center","https://clutch.co/profile/elicom-call-center","http://www.elicom.ro/en/","office@elicom.roNA"
"340","Bus Stop Group","https://clutch.co/profile/bus-stop-group","http://busstopgroup.co.uk/","reach@trianz.com"
"341","Adroit Apps Ltd","https://clutch.co/profile/adroit-apps","https://adroit.ph/","hello@adroit.phNA"
"342","On Device Solutions Ltd","https://clutch.co/profile/device-solutions","https://www.ondevice.co.uk/","info@ondevice.co.uk"
"343","Digital Works","https://clutch.co/profile/digital-works","http://dgitalworks.com/","contact@dgitalworks.comNA"
"344","NextGen","https://clutch.co/profile/nextgen","https://www.nextgen.pk","info@nextgen.pk"
"345","Mia-Platform","https://clutch.co/profile/mia-platform","https://www.mia-platform.eu/","info@mia-platform.euNA"
"346","MindCraft","https://clutch.co/profile/mindcraft","http://MindCraft.ai","team@mindcraft.ai"
"347","Diatom","https://clutch.co/profile/diatom","http://diatom.com","inquiry@diatom.com"
"348","7Informatica-ti","https://clutch.co/profile/7informatica-ti","http://www.7informatica-ti.com/","contato@7informatica-ti.com"
"349","Webnyze","https://clutch.co/profile/webnyze","http://webnyze.com/","reach@trianz.com"
"350","NeoCRM","https://clutch.co/profile/neocrm","http://neocrm.in/","arpitas@neocrm.in"
"351","eXtremaNET","https://clutch.co/profile/extremanet","http://extremanet.com","magarcia@extremanet.com"
"352","Unique Creative Communications","https://clutch.co/profile/unique-creative-communications","http://www.uniquecc.co.uk/","nicolaa@uniquecc.co.uk"
"353","Brandt International","https://clutch.co/profile/brandt-international","http://brandtinternational.com/","info@brandtinternational.com"
"354","Powercomputers Telecommunications Ltd","https://clutch.co/profile/powercomputers-telecommunications","http://powercomputers.net/","info@powercomputers.co.tz"
"355","Target Web Design","https://clutch.co/profile/target-web-design","http://tacomawebdesign.net/","info@tacomawebdesign.net"
"356",NA,"https://clutch.coNA",NA,"reach@trianz.com"
