"","name","url","website","clutch_email"
"1","BairesDev","https://clutch.co/profile/bairesdev","https://bairesdev.com/?utm_source=clutch&utm_medium=referral&utm_campaign=it-svcs","sales@bairesdev.com"
"2","Switchfast Technologies","https://clutch.co/profile/switchfast-technologies","https://www.switchfast.com","contact@switchfast.com"
"3","Netcom Solutions","https://clutch.co/profile/netcom-solutions","https://netcomsolutions.net/","info@netcomsolutions.net"
"4","Businessware Technologies","https://clutch.co/profile/businessware-technologies","https://www.businesswaretech.com/","sales@businesswaretech.com"
"5","Binary Republik","https://clutch.co/profile/binary-republik","http://www.BinaryRepublik.com","info@binaryrepublik.com"
"6","BGO Software","https://clutch.co/profile/bgo-software","https://www.bgosoftware.com","info@bgosoftware.com"
"7","Affirma Consulting","https://clutch.co/profile/affirma-consulting","http://www.affirmaconsulting.com/?ibp-adgroup=clutch","bizdev@affirmaconsulting.comNA"
"8","TWG","https://clutch.co/profile/twg","https://twg.io","hello@twg.ioNA"
"9","Zensar Technologies","https://clutch.co/profile/zensar-technologies","http://www.zensar.com","marcom@zensar.com"
"10","Itransition","https://clutch.co/profile/itransition","https://www.itransition.com/","info@itransition.comNA"
"11","AppTier","https://clutch.co/profile/apptier","http://apptier.com/","info@apptier.com"
"12","IncQuery Labs","https://clutch.co/profile/incquery-labs","https://incquerylabs.com","info@incquerylabs.com"
"13","DataLab USA","https://clutch.co/profile/datalab-usa","http://www.datalabusa.com","info@datalabusa.com"
"14","Chetu, Inc.","https://clutch.co/profile/chetu","http://www.chetu.com","sales@chetu.comNA"
"15","TEKConn","https://clutch.co/profile/tekconn","http://www.tekconn.com/","sales@tekconn.com"
"16","Iteora GmbH","https://clutch.co/profile/iteora-gmbh","https://www.iteora.com","info@iteora.comNA"
"17","We Write Code","https://clutch.co/profile/we-write-code","https://wewritecode.com/","hello@wewritecode.com"
"18","SHALB ","https://clutch.co/profile/shalb","https://www.shalb.com/","sales@shalb.comNA"
"19","Endive Software","https://clutch.co/profile/endive-software","http://www.endivesoftware.com/","sales@endivesoftware.com"
"20","Inviqa","https://clutch.co/profile/inviqa","http://inviqa.com/","info@inviqa.com"
"21","MANGOSOFT","https://clutch.co/profile/mangosoft","https://mangosoft.tech","contact@mangosoft.tech"
"22","InData Labs","https://clutch.co/profile/indata-labs","https://indatalabs.com/","info@indatalabs.comNA"
"23","Appscrip","https://clutch.co/profile/appscrip","https://www.appscrip.com/","dreamer@appscrip.comNA"
"24","CyberHunter Solutions Inc.","https://clutch.co/profile/cyberhunter-solutions","https://cyberhunter.solutions/","evolve@cyberhunter.solutions"
"25","Westsols","https://clutch.co/profile/westsols","http://www.westsols.com","marketing@westsols.com"
"26","Areus Development","https://clutch.co/profile/areus-development","http://www.areusdev.com/","csniculae@areusdev.com"
"27","Incredo LLC","https://clutch.co/profile/incredo","http://incredo.co/","artash@incredo.coNA"
"28","Pattern Match","https://clutch.co/profile/pattern-match","https://pattern-match.com","info@pattern-match.com"
"29","Pricewise","https://clutch.co/profile/pricewise","http://pricewise.sk/","office@pricewise.skNA"
"30","11th Hour","https://clutch.co/profile/11th-hour","http://www.11thhournow.com","info@11thhournow.com"
"31","Algoscale Technologies, Inc.","https://clutch.co/profile/algoscale-technologies","https://algoscale.com","sales@algoscale.com"
"32","Eastsource","https://clutch.co/profile/eastsource","https://www.eastsource.tech/","info@eastsource.tech"
"33","Kaptcha Softwares","https://clutch.co/profile/kaptcha-softwares","http://kaptchasoftwares.com/","kaptchasoftwares@gmail.comNA"
"34","SoftElegance","https://clutch.co/profile/softelegance","http://www.softelegance.com","imarianova@softelegance.com"
"35","PopcornApps","https://clutch.co/profile/popcornapps","http://www.popcornapps.com","info@popcornapps.com"
"36","Scideas Solutions Pvt Ltd","https://clutch.co/profile/scideas-solutions","https://scideassolutions.com","info@scideassolutions.com"
"37","DjangoForce, LLC","https://clutch.co/profile/djangoforce","http://djangoforce.com","contact@djangoforce.com"
"38","Broscorp","https://clutch.co/profile/broscorp","http://broscorp.net/?utm_source=clutch&utm_medium=referral","contact@broscorp.net"
"39","MicroMenders","https://clutch.co/profile/micromenders","http://www.micromenders.com/","sales_contact@micromenders.comNA"
"40","Allyis","https://clutch.co/profile/allyis","http://www.allyis.com/","info@allyis.com"
"41","Precision IT Consulting","https://clutch.co/profile/precision-it-consulting","http://precisionitconsulting.com/","info@precisionitconsulting.com"
"42","Systems Solutions (SSI)","https://clutch.co/profile/systems-solutions-ssi","https://www.ssi-net.com/","info@ssi-net.comNA"
"43","Internet eBusiness Solutions","https://clutch.co/profile/internet-ebusiness-solutions","http://www.iesgp.com/","info@iescrm.com"
"44","GCI","https://clutch.co/profile/gci","http://www.gcicom.net","enquiries@gcicom.net"
"45","Apollogic","https://clutch.co/profile/apollogic","https://apollogic.com/","sales@bairesdev.com"
"46","Indianmesh Pvt. Ltd.","https://clutch.co/profile/indianmesh","http://www.Indianmesh.com","Contactus@indianmesh.com"
"47","getNEXT","https://clutch.co/profile/getnext","https://getnext.com.au/","social@getnext.com.auNA"
"48","ClerksWell","https://clutch.co/profile/clerkswell","http://www.clerkswell.com/","hello@clerkswell.com"
"49","Razor Technology","https://clutch.co/profile/razor-technology","http://www.razor-tech.com","support@razor-tech.com"
"50","Fidelis","https://clutch.co/profile/fidelis","https://www.fidelisnw.com/","chris.lott@fidelisnw.com"
"51","CompuCom Systems Inc","https://clutch.co/profile/compucom-systems","https://smb.compucom.com/","sales@bairesdev.com"
"52","Kimind","https://clutch.co/profile/kimind","http://www.kimind.com/","admin@kimind.com"
"53","Blue Logic","https://clutch.co/profile/blue-logic","http://www.bluelogic.co.uk/","info@bluelogic.co.uk"
"54","DYONYX","https://clutch.co/profile/dyonyx","https://dyonyx.com/","solutions@dyonyx.com"
"55","Executech","https://clutch.co/profile/executech","https://www.executech.com/","info@executech.com"
"56","Galantis","https://clutch.co/profile/galantis","http://www.galantis.com","rclevenger@galantis.comNA"
"57","Uptime Solutions","https://clutch.co/profile/uptime-solutions","https://www.uptimesolutions.co.uk/","info@uptimesolutions.co.ukNA"
"58","Geek Squares (Out of Business)","https://clutch.co/profile/geek-squares-out-business","https://www.geeksquares.com","support@geeksquares.com"
"59","ACCi ~ American Computer Consultants, Inc.","https://clutch.co/profile/acci-american-computer-consultants","https://acci.business.site","info@acci.com"
"60","AKITO","https://clutch.co/profile/akito","http://www.akito.it","marketing@akito.it"
"61","Summit Group Software","https://clutch.co/profile/summit-group-software","http://www.summitgroupsoftware.com/","info@summitgroupsoftware.com"
"62","Corporate IT, Inc.","https://clutch.co/profile/corporate-it","http://www.it.com.pa/","info@it.com.pa"
"63","Fieldpoint Service Applications","https://clutch.co/profile/fieldpoint-service-applications","http://www.fieldpoint.net/","Sales@fieldpoint.netNA"
"64","Enehano Solutions","https://clutch.co/profile/enehano-solutions","https://www.enehano.cz/","info@enehano.czNA"
"65","Fujitsu Belgium","https://clutch.co/profile/fujitsu-belgium","http://www.fujitsu.com/be/","marketing.belux@ts.fujitsu.comNA"
"66","Sufalam Technologies Pvt Ltd","https://clutch.co/profile/sufalam-technologies","http://www.sufalamtech.com","info@sufalamtech.comNA"
"67","Silicon Plains, LLC","https://clutch.co/profile/silicon-plains","https://www.siliconplains.net","answers@siliconplains.net"
"68","MTDS","https://clutch.co/profile/mtds","https://www.mtds.com/","contact@mtds.com"
"69","Conosco","https://clutch.co/profile/conosco","https://www.conosco.com/","info@conosco.com"
"70","RedstoneConnect","https://clutch.co/profile/redstoneconnect","http://www.redstone.com/","info@redston'e.com"
"71","GovTech Singapore","https://clutch.co/profile/govtech-singapore","https://www.tech.gov.sg/","sales@bairesdev.com"
"72","Call One","https://clutch.co/profile/call-one","http://www.callone.com/","info@callone.com"
"73","Lewan Technology","https://clutch.co/profile/lewan-technology","https://www.lewan.com","solutions@lewan.com"
"74","Nodus Technologies","https://clutch.co/profile/nodus-technologies","http://www.nodus.com/","sales@nodus.com"
"75","Powerland","https://clutch.co/profile/powerland","http://powerland.ca/","info@powerlandcomputers.com"
"76","Infrastructure and Communication Solutions (ICS)","https://clutch.co/profile/infrastructure-communication-solutions-ics","http://icscanhelp.com/","inquiry@icscanhelp.com"
"77","Capital Support","https://clutch.co/profile/capital-support","https://www.capitalsupport.com/","info@capitalsupport.com"
"78","Bynet Data Communications Bynet Data Communications","https://clutch.co/profile/bynet-data-communications-bynet-data-communications","http://www.bynet.co.il/#section11","info@bynet.co.ilNA"
"79","Tier One Technology Partners","https://clutch.co/profile/tier-one-technology-partners","https://www.tieroneit.com/","info@tieroneit.com"
"80","Telecom Computer","https://clutch.co/profile/telecom-computer","http://www.telecomcomputer.com/en/","sales@telecomcomputer.com"
"81","TrustedSec","https://clutch.co/profile/trustedsec","https://www.trustedsec.com/","info@trustedsec.com"
"82","BridgeNet Technology Consultants","https://clutch.co/profile/bridgenet-technology-consultants","https://bridgenetllc.com/","info@bridgenetllc.com"
"83","S3 Technologies","https://clutch.co/profile/s3-technologies","http://www.s3tech.ca/","sales@s3tech.ca"
"84","Direnzic Technology & Consulting, LLC","https://clutch.co/profile/direnzic-technology-consulting","http://www.direnzic.com/index.html","contact@direnzic.com"
"85","Columbia IT Solutions","https://clutch.co/profile/columbia-it-solutions","https://www.columbiaits.com/","info@columbiaits.com"
"86","SCHOGINI Systems Pvt Ltd","https://clutch.co/profile/schogini-systems","http://www.schogini.com","info@schogini.comNA"
"87","Talsoft TS","https://clutch.co/profile/talsoft-ts","https://www.talsoft.com.ar/site/","consultas@talsoft.com.ar"
"88","weDevs","https://clutch.co/profile/wedevs","https://wedevs.com/","info@wedevs.com"
"89","BTA Limited","https://clutch.co/profile/bta","https://www.bta.com/","sales@bta.com"
"90","Nucleus","https://clutch.co/profile/nucleus","http://yournucleus.ca/","sales@yournucleus.ca"
"91","Syscloud","https://clutch.co/profile/syscloud","https://www.syscxp.com/en/","service@syscloud.cnNA"
"92","Twin Systems","https://clutch.co/profile/twin-systems","https://www.twinsystems.com/","LetsTalk@twinsystems.com"
"93","TeleData UK Ltd","https://clutch.co/profile/teledata-uk","https://www.teledata.co.uk/","enquiries@teledata.co.uk"
"94","Consilium ","https://clutch.co/profile/consilium","https://www.consilium-uk.com/","sales@consilium-uk.com"
"95","Technique Ltd","https://clutch.co/profile/technique","http://www.technique.eu/","info@technique.eu"
"96","DataLink Interactive, Inc.","https://clutch.co/profile/datalink-interactive","https://www.datalinktech.com/","Sales@DataLinkTech.comNA"
"97","Tenesys","https://clutch.co/profile/tenesys","http://tenesys.io","info@tenesys.plNA"
"98","Gekko","https://clutch.co/profile/gekko","http://www.gekko.co.uk/","hello@gekko.co.uk"
"99","B2BGateway","https://clutch.co/profile/b2bgateway","http://www.b2bgateway.net","sales@b2bgateway.netNA"
"100","Power Computing","https://clutch.co/profile/power-computing","https://www.powercomputinginc.com/","info@powercomputinginc.com"
"101","Vissensa","https://clutch.co/profile/vissensa","http://www.vissensa.com/","sales@vissensa.comNA"
"102","Datatech UK","https://clutch.co/profile/datatech-uk","http://www.datatechuk.com/","info@datatechuk.com"
"103","Evolve Computers","https://clutch.co/profile/evolve-computers","https://evolvecomputers.co.uk/","support@evolvehelp.com"
"104","Oxford Mac Solutions Ltd","https://clutch.co/profile/oxford-mac-solutions","https://www.omsuk.com/","connect@omsuk.comNA"
"105","SWIFT INTEGRATOR PTE LTD","https://clutch.co/profile/swift-integrator-pte","http://www.swiftintegrator.com.sg/index.php/home/","sales@swiftintegrator.com.sg"
"106","PeaSoup Hosting","https://clutch.co/profile/peasoup-hosting","http://peasoup.net/","info@peasoup.netNA"
"107","Redwire Data Centre","https://clutch.co/profile/redwire-data-centre","https://redwiredc.co.uk/","enquiries@redwiredc.com"
"108","Corero Network Security","https://clutch.co/profile/corero-network-security","https://www.corero.com/","info@corero.com"
"109","Zdalny Admin","https://clutch.co/profile/zdalny-admin","http://www.zdalnyadmin.com.pl","kontakt@zdalnyadmin.com.pl"
"110","Acrodex","https://clutch.co/profile/acrodex","https://www.acrodex.com/","sales@bairesdev.com"
"111","FLEXTECHS Corporate Office","https://clutch.co/profile/flextechs-corporate-office","https://www.flextechs.com/","info@flextechs.comNA"
"112","Razorthorn","https://clutch.co/profile/razorthorn","http://www.razorthorn.co.uk/","office@razorthorn.com"
"113","Eisso ","https://clutch.co/profile/eisso","https://global.eisoo.com/","globalsupport@eisoo.comNA"
"114","Tensoft","https://clutch.co/profile/tensoft","http://www.tensoft.com/","info@tensoft.comNA"
"115","ChoiceSoft ","https://clutch.co/profile/choicesoft","http://www.ichoicesoft.com/","support@iChoiceSoft.com"
"116","risual Limited","https://clutch.co/profile/risual","http://www.risual.com/","enquiries@risual.com"
"117","BusinessWorks IT Experts","https://clutch.co/profile/businessworks-it-experts","http://www.businessworks.com.au/managed-it-services/","support@businessworks.com.au"
"118","M-Files","https://clutch.co/profile/m-files","http://www.m-files.com/","sales@m-files.comNA"
"119","Ryan Consulting Group","https://clutch.co/profile/ryan-consulting-group","http://www.consultrcg.com/","sales@consultrcg.com"
"120","Alkaid - Software Company","https://clutch.co/profile/alkaid-software-company","https://alkaid.cr/","ventas@alkaid.cr"
"121","NP - Managed Technology Services & Solutions","https://clutch.co/profile/np-managed-technology-services-solutions","http://www.np-projects.co.uk/","info@np-projects.co.ukNA"
"122","ONE Business Consulting Group ","https://clutch.co/profile/one-business-consulting-group","https://onebcg.com/","info@onebcg.comNA"
"123","Solusoft Panama","https://clutch.co/profile/solusoft-panama","http://solusoft.com/","info@solusoft.comNA"
"124","Beyond IT Support","https://clutch.co/profile/beyond-it-support","https://www.beyonditsupport.com/","info@beyonditsupport.comNA"
"125","AET Solutions, Inc.","https://clutch.co/profile/aet-solutions","https://www.aetcorp.com","info@aetcorp.com"
"126","Rackbiss","https://clutch.co/profile/rackbiss","https://www.rackbiss.com/","contacto@rackbiss.com'"
"127","Inteople Limited","https://clutch.co/profile/inteople","http://www.inteople.com/","info@inteople.com"
"128","Cegeka Romania","https://clutch.co/profile/cegeka-romania","http://www.cegeka.ro","mihai.popa@cegeka.comNA"
"129","IT IN BUSINESS","https://clutch.co/profile/it-business","https://www.itinbusiness.com/","info@itinbusiness.com"
"130","CloudMasonry","https://clutch.co/profile/cloudmasonry","https://cloudmasonry.com/","info@cloudmasonry.comNA"
"131","Defendza","https://clutch.co/profile/defendza","https://www.defendza.com/","sales@bairesdev.com"
"132","1-UP IT Consulting","https://clutch.co/profile/1-it-consulting","http://www.1upitconsulting.com/","sales@1upitconsulting.com"
"133","Matsyaa Technology","https://clutch.co/profile/matsyaa-technology","http://matsyaa.com/","suresh@matsyaa.com"
"134","Polarsun Creative","https://clutch.co/profile/polarsun-creative","http://polarsun.co.uk/","info@polarsun.co.uk"
"135","Lavish Technologies","https://clutch.co/profile/lavish-technologies","http://www.lavishtech.com","info@lavishtech.com"
"136","Quantum FBI, LLC","https://clutch.co/profile/quantum-fbi","https://quantumfbi.com/","hperez@quantumfbi.com"
"137","Infrasys Group","https://clutch.co/profile/infrasys-group","https://igcalgary.com","marketing@igcalgary.comNA"
"138","Internap Network Services","https://clutch.co/profile/internap-network-services","http://www.inap.com/","contactsales@INAP.comNA"
"139","Logicworks","https://clutch.co/profile/logicworks","https://www.logicworks.com/","sales@logicworks.net"
"140","Anexia","https://clutch.co/profile/anexia","https://www.anexia-it.com/en/","bock.sales@anexia-it.org"
"141","floLIVE","https://clutch.co/profile/flolive","https://flolive.net/","info@flolive.net"
"142","Corporate Projukti Limited","https://clutch.co/profile/corporate-projukti","http://projukti-bd.com/","info@projukti-bd.com"
"143","Shadow-Soft","https://clutch.co/profile/shadow-soft","https://shadow-soft.com/","contact@shadow-soft.comNA"
"144","Prolifics","https://clutch.co/profile/prolifics","http://www.prolifics.com","solutions@prolifics.com"
"145","Macaw","https://clutch.co/profile/macaw","https://www.macaw.net/","contact@macaw.nl"
"146","AlfaPeople","https://clutch.co/profile/alfapeople","http://www.alfapeople.com/","emh@alfapeople.com"
"147","Dalian Hi-Think Computer Technology","https://clutch.co/profile/dalian-hi-think-computer-technology","http://www.dhc.com.cn","marketing@dhc.com.cn"
"148","Britannic Technologies","https://clutch.co/profile/britannic-technologies","https://www.btlnet.co.uk/","hello@btlnet.co.uk"
"149","SIRUP digital communications","https://clutch.co/profile/sirup-digital-communications","https://www.sirup.com","hello@sirup.com"
"150","Quanam","https://clutch.co/profile/quanam","https://www.quanam.com/","quanam@quanam.com"
"151","Carceron","https://clutch.co/profile/carceron","https://carceron.net/","sales@bairesdev.com"
"152","WWOW Communications","https://clutch.co/profile/wwow-communications","http://www.wwow.com","sales@bairesdev.com"
"153","Daewoo Information Systems","https://clutch.co/profile/daewoo-information-systems","http://www.daewoobrenic.com","sales@bairesdev.com"
"154","drie systems middle east","https://clutch.co/profile/drie-systems-middle-east","http://www.drie.co","hello@drie.coNA"
"155","Conpute","https://clutch.co/profile/conpute","http://www.conpute.com/index.html","info@conpute.com"
"156","Computer Solutions","https://clutch.co/profile/computer-solutions","http://www.comsoltx.com/","sales@bairesdev.com"
"157","Transwarp","https://clutch.co/profile/transwarp","http://www.transwarp.cn/?lang=en","sales@transwarp.io"
"158","SafeNet","https://clutch.co/profile/safenet","https://safenetconsulting.com/","info@safenetconsulting.com"
"159","Professional Computer Support","https://clutch.co/profile/professional-computer-support","http://www.pcs-sf.com","dhernandez@pcs-sf.com"
"160","Proactive IT","https://clutch.co/profile/proactive-it","https://www.proactiveitservices.com.au/","info@proactiveitservices.com.au"
"161","Infoquick Global Connection","https://clutch.co/profile/infoquick-global-connection","http://www.infquick.com/En","info@infquick.com"
"162","Shammam Consulting Services, Inc.","https://clutch.co/profile/shammam-consulting-services","http://shammam.com/","sales@shammamconsulting.com"
"163","Blue Moon Industries","https://clutch.co/profile/blue-moon-industries","http://www.bluemoonisv.com/","Info@BlueMoonInd.com"
"164","Quosphere Infosolutions Pvt ltd","https://clutch.co/profile/quosphere-infosolutions","http://www.quosphere.com","manish.p@quosphere.com"
"165","SpurTree Tech","https://clutch.co/profile/spurtree-tech","http://spurtreetech.com/","ajit.n@spurtreetech.com"
"166","Solwit SA","https://clutch.co/profile/solwit-sa","http://www.solwit.com","solwit@solwit.com"
"167","Now IT Works","https://clutch.co/profile/now-it-works","https://www.nowitworks.com","sales@bairesdev.com"
"168","RockSolid PSF","https://clutch.co/profile/rocksolid-psf","https://rocksolid.com.ua","info@rocksolid.com.ua"
"169","Ad-Tech","https://clutch.co/profile/ad-tech","http://www.ad-tech.com.jo/","info@ad-tech.com.joNA"
"170","HIC Global Solutions","https://clutch.co/profile/hic-global-solutions","https://hicglobalsolutions.com/","piyush@hicglobalsolutions.com"
"171","EXECUTIVE NETWORK SERVICES INC","https://clutch.co/profile/executive-network-services","http://www.execnets.com/","info@execnets.comNA"
"172","Digitech Bahamas","https://clutch.co/profile/digitech-bahamas","http://www.digitechbahamas.com/store/","sales@bairesdev.com"
"173","Microbase Infotech","https://clutch.co/profile/microbase-infotech","http://www.microbaseinfotech.com","touch@microbaseinfotech.comNA"
"174","DNK Software","https://clutch.co/profile/dnk-software","https://dnksoft.vn/","contact@dnksoft.vnNA"
"175","RIOT","https://clutch.co/profile/riot","http://www.riot.com.br/","contato@riot.com.br"
"176","TROY ICT Malaysia","https://clutch.co/profile/troy-ict-malaysia","http://troy.com.my/troy/","enquiries@troy.com.my"
"177","Inspyre Design","https://clutch.co/profile/inspyre-design","https://www.inspyredesign.net/","info@inspyredesign.net"
"178","ELEVI Associates","https://clutch.co/profile/elevi-associates","http://www.elevi.net/?lipi=urn%3Ali%3Apage%3Ad_flagship3_company%3BhFL0gP3pQFiSksP94%2BxEXQ%3D%3D","info@elevi.net"
"179","Network Heroes","https://clutch.co/profile/network-heroes","https://www.network-heroes.com/","info@network-heroes.comNA"
"180","MIS Choice ","https://clutch.co/profile/mis-choice","http://www.mischoice.com/","sales@mischoice.com"
"181","MOBITIC CONSULTING","https://clutch.co/profile/mobitic-consulting-0","http://www.mobitic-consulting.com","fdesaunois@mobi-tic.eu"
"182","IntermixIT","https://clutch.co/profile/intermixit","https://www.intermixit.com/","info@intermixit.com"
"183"," DriptoSoft","https://clutch.co/profile/driptosoft","http://www.driptosoft.com/","support@driptosoft.comNA"
"184","Newtyne ","https://clutch.co/profile/newtyne","http://www.newtyne.com/","info@newtyne.com"
"185","Onex Labs LLC","https://clutch.co/profile/onex-labs","http://cluth.onexlabs.io","info@onexlabs.io"
"186","Globtier Infotech Inc.","https://clutch.co/profile/globtier-infotech","https://www.globtier.com","bd@globtier.com"
"187","OpenFeel Singapore","https://clutch.co/profile/openfeel-singapore","http://www.openfeel.com/","sales@bairesdev.com"
"188","Fluentsoft Inc","https://clutch.co/profile/fluentsoft","http://www.fluentsoft.com","swathi.rl@fluentsoft.com"
"189","Fifteen Digital Limited","https://clutch.co/profile/fifteen-digital","https://www.fifteengroup.co.uk/","sales@bairesdev.com"
"190","IT Strategists","https://clutch.co/profile/it-strategists","http://www.itstrategists.com/","info@itstrategists.comNA"
"191","Mid-Atlantic Computer Solutions","https://clutch.co/profile/mid-atlantic-computer-solutions","https://4macsolutions.com","woneal@4macsolutions.com"
"192","Aiiria","https://clutch.co/profile/aiiria","http://www.aiiria.com/","info@aiiria.com"
"193","Baltimore Computer Solutions LLC","https://clutch.co/profile/baltimore-computer-solutions","http://baltimorecomputersolutions.net/","brian@baltimorecomputersolutions.netNA"
"194","RAMMP IT Solutions","https://clutch.co/profile/rammp-it-solutions","http://rammp.com.sg/","info@rammp.com.sg"
"195","Viewpoint Construction Software","https://clutch.co/profile/viewpoint-construction-software","https://viewpoint.com/","sales@viewpoint.com"
"196","Public Consulting Group","https://clutch.co/profile/public-consulting-group","http://www.publicconsultinggroup.com/","info@publicconscominggroup.com"
"197","Furious Internet","https://clutch.co/profile/furious-internet","http://www.furiousnet.net/","sales@bairesdev.com"
"198","Lenity Technology","https://clutch.co/profile/lenity-technology","http://www.lenitytech.com/","nerds@lenitytech.com"
"199","Vodlo","https://clutch.co/profile/vodlo","http://www.vodlo.com/site/","v@vodlo.com"
"200","VINTEC Technology Solutions ","https://clutch.co/profile/vintec-technology-solutions","http://www.vintec.vn/","sales@bairesdev.com"
"201","Argus Cyber Security Ltd.","https://clutch.co/profile/argus-cyber-security","https://argus-sec.com/","contact@argus-sec.com"
"202","Enlightened Technology Group","https://clutch.co/profile/enlightened-technology-group","https://www.etgroup.net/","Sales@etgroup.net"
"203","Imagine-IT Networks","https://clutch.co/profile/imagine-it-networks","http://www.imagine-it.be/layout1.php?start=ok","info@imagine-it.beNA"
"204","Ravelin Technology","https://clutch.co/profile/ravelin-technology","https://www.ravelin.com/","info@ravelin.comNA"
"205","Astera Software","https://clutch.co/profile/astera-software","http://www.astera.com/","sales@astera.com"
"206","Seresco","https://clutch.co/profile/seresco","https://www.seresco.es/","soluciones@seresco.esNA"
"207","Rainbow Riders","https://clutch.co/profile/rainbow-riders","https://rainbowriders.dk/","info@rainbowriders.dk"
"208","Qvantel","https://clutch.co/profile/qvantel","https://www.qvantel.com/","sales@qvantel.com"
"209","Boomer Consulting, Inc.","https://clutch.co/profile/boomer-consulting","https://www.boomer.com/","solutions@boomer.comNA"
"210","Atlantida","https://clutch.co/profile/atlantida","http://www.atlantida.es/","atlantida@atlantida.es"
"211","Viva IT Limited","https://clutch.co/profile/viva-it","https://www.vivait.co.uk/","enquiry@vivait.co.uk"
"212","ISsoft ","https://clutch.co/profile/issoft","http://www.issoft.by","info@issoft.by"
"213","Aviana Global","https://clutch.co/profile/aviana-global","http://www.avianaglobal.com/","sales@avianaglobal.comNA"
"214","Etellect Ltd","https://clutch.co/profile/etellect","http://www.etellect.com/","info@etellect.com"
"215","Nextech Limited","https://clutch.co/profile/nextech","http://nextech.com.bd/","info@nextech.com.bd"
"216","CenterMine","https://clutch.co/profile/centermine","http://www.centermine.com/","office@centermine.com"
"217","BMC Software GmbH","https://clutch.co/profile/bmc-software-gmbh","http://www.bmcsoftware.de","customer_support@bmc.comNA"
"218","Bluesky Technologies Consultants","https://clutch.co/profile/bluesky-technologies-consultants","https://bluesky.ae/","info@mailbluesky.comNA"
"219","LogicalTrust.net","https://clutch.co/profile/logicaltrustnet","https://logicaltrust.net/en/","office@logicaltrust.net"
"220","SAV London Ltd","https://clutch.co/profile/sav-london","https://www.sav.co.uk/","info@sav.co.uk"
"221","Fata Informatica","https://clutch.co/profile/fata-informatica","http://www.fatainformatica.com/en/","sales@bairesdev.com"
"222","G&L Group","https://clutch.co/profile/gl-group","https://www.gylgroup.com/","info@gylgroup.comNA"
"223","Mitosis Technologies","https://clutch.co/profile/mitosis-technologies","https://www.mitosistech.com/","hello@mitosistech.comNA"
"224","Bluemetrix","https://clutch.co/profile/bluemetrix","http://www.bluemetrix.com","info@bluemetrix.com"
"225","morelife LONDON","https://clutch.co/profile/morelife-london","http://www.morelifelondon.net/","info@morelifelondon.net"
"226","Ingens","https://clutch.co/profile/ingens","http://www.ingens-developments.com/","ingens@ingens-networks.com"
"227","Aliamex","https://clutch.co/profile/aliamex","http://www.aliamex.com","corporativo@aliamex.comNA"
"228","ReWeb","https://clutch.co/profile/reweb","https://www.reweb.ma/","contact@reweb.maNA"
"229","Beetles Cyber Security Ltd.","https://clutch.co/profile/beetles-cyber-security","https://www.beetles.io/","query@beetles.ioNA"
"230","NetWize","https://clutch.co/profile/netwize","https://www.netwize.com/","inquiries@netwize.comNA"
"231","Cloud11","https://clutch.co/profile/cloud11","http://www.cloud-11.com","sales@cloud-11.com"
"232","Ulfix","https://clutch.co/profile/ulfix","http://www.ulfix.com/","info@ulfix.comNA"
"233","CloudingSoft","https://clutch.co/profile/cloudingsoft","https://www.cloudingsoft.com/","info@cloudingsoft.com"
"234","Solvex Dominicana","https://clutch.co/profile/solvex-dominicana","http://www.solvex.com.do/","contacto@solvex.com.do"
"235","Yunntech","https://clutch.co/profile/yunntech","http://www.yunntech.com/","ventas@yunntech.com"
"236","Matech Consulting & Outsourcing","https://clutch.co/profile/matech-consulting-outsourcing","http://www.matechco.com/","info@matechco.comNA"
"237","Xintec","https://clutch.co/profile/xintec","http://www.xintec.cl","info@xintec.cl"
"238","IT Solution","https://clutch.co/profile/it-solution","https://itsolution.co/","info@itsolution.coNA"
"239","Cyber Gate Defense","https://clutch.co/profile/cyber-gate-defense","https://cybergate.tech/","Info@cybergate.techNA"
"240","Partners in Regulatory Compliance","https://clutch.co/profile/partners-regulatory-compliance","https://www.piregcompliance.com/","info@piregcompliance.com"
"241","Le Grand","https://clutch.co/profile/le-grand","https://legrand.jp/","info@legrand.jp"
"242","Edlution ","https://clutch.co/profile/edlution","https://edlution.com.sg","sales@edlution.com.sg"
"243","TiSmart","https://clutch.co/profile/tismart","http://www.tismart.com/","contacto@tisma'rt.com"
"244","Epoch Network","https://clutch.co/profile/epoch-network","http://www.epochnetwork.com/","info@epochnet.com"
"245","XITASO GmbH","https://clutch.co/profile/xitaso-gmbh","http://xitaso.com/en/","info@xitaso.comNA"
"246","Ebiz-fooge","https://clutch.co/profile/ebiz-fooge","http://www.ebiz-fooge.com/english.html","bai.ming@ebiz-fooge.com"
"247","Billennium S. A.","https://clutch.co/profile/billennium-s","https://billennium.com/","sales.outsourcing@billennium.pl"
"248","Corporate Communications","https://clutch.co/profile/corporate-communications","https://www.corporatecomm.com/","email@corporatecomm.com"
"249","Kamee","https://clutch.co/profile/kamee","https://kamee-software.com/","contact@kamee-software.com"
"250","Inrisoft","https://clutch.co/profile/inrisoft","http://inrisoft.com","info@inrisoft.com"
"251","Cerami","https://clutch.co/profile/cerami","http://ceramiassociates.com/","info@ceramiassociates.comNA"
"252","StyleTech Solution Ltd","https://clutch.co/profile/styletech-solution","https://www.styletech.co.uk/","info@styletech.co.ukNA"
"253","JRS Innovation UG","https://clutch.co/profile/jrs-innovation-ug","http://www.jrsinnovation.com/","contact@jrsinnovation.comNA"
"254","CABEM Technologies","https://clutch.co/profile/cabem-technologies","https://www.cabem.com/","information@cabem.com"
"255","ImagineOn GmbH","https://clutch.co/profile/imagineon-gmbh","http://www.imagineon.de","hi@imagineon.de"
"256","Web Development Group","https://clutch.co/profile/web-development-group","http://www.wdgco.com/index.php/en/","info@wdgco.com"
"257","Slagkryssaren","https://clutch.co/profile/slagkryssaren","https://slagkryssaren.com/","info@slagkryssaren.com"
"258","Carbon by Bold","https://clutch.co/profile/carbon-bold","https://www.carbonbybold.com/","mobile@carbonbybold.com"
"259","Xplantr Ltd","https://clutch.co/profile/xplantr","https://www.xplantr.com/","info@xplantr.com"
"260","n2sys Technology","https://clutch.co/profile/n2sys-technology","http://www.n2sys.com","'info@n2sys.comNA"
"261","Girikon","https://clutch.co/profile/girikon","https://www.girikon.com","sales@girikon.com"
"262","Karibu","https://clutch.co/profile/karibu","http://karibu.cl/","info@karibu.cl"
"263","yondr ","https://clutch.co/profile/yondr","http://www.yondr.agency","info@yondr.agencyNA"
"264","iSovix Technology Ltd","https://clutch.co/profile/isovix-technology","http://www.isovix.com/","info@isovix.com"
"265","Delta AI","https://clutch.co/profile/delta-ai","http://www.delta-ai.com","sales@bairesdev.com"
"266","UPLOAD","https://clutch.co/profile/upload","https://www.upload.com.py/","info@upload.com.py"
"267","Digital Transformations","https://clutch.co/profile/digital-transformations","http://digitaltransformations.us","info@digitaltransformations.us"
"268","Criterionet","https://clutch.co/profile/criterionet","https://criterionet.com/","soporte@criterionet.com"
"269","Superlumen","https://clutch.co/profile/superlumen","https://superlumen.io","hi@superlumen.io"
"270","Rainbow Technologies Ltd","https://clutch.co/profile/rainbow-technologies","https://www.rainbowtecbd.com/","info@rainbowtecbd.com"
"271","WP Agency","https://clutch.co/profile/wp-agency","http://wp-agency.co.uk","hello@wp-agency.co.ukNA"
"272","ALQETAAF Consultancy","https://clutch.co/profile/alqetaaf-consultancy","http://www.alqetaaf.com","info@alqetaaf.com"
"273","Fast2host Ltd","https://clutch.co/profile/fast2host","https://www.fast2host.com//","sales@fast2host.com"
"274","EXP Agency","https://clutch.co/profile/exp-agency","http://www.expagency.co.za/","info@expagency.co.za"
"275","VRAI","https://clutch.co/profile/vrai","http://vrai.ie/","hello@vrai.ie"
"276","gitconsol","https://clutch.co/profile/gitconsol","http://www.gitconsol.com/","info@gitconsol.com"
"277","CSA - Centro de Servicios Avanzados","https://clutch.co/profile/csa-centro-de-servicios-avanzados","http://www.csa.es","joseluis.hernandez@csa.esNA"
"278","20 Miles North Web Design","https://clutch.co/profile/20-miles-north-web-design","https://20milesnorth.com/","info@20milesnorth.com"
"279","Datatrix Soft","https://clutch.co/profile/datatrix-soft","http://www.datatrixsoft.com/","info@datatrixsoft.comNA"
"280","Comptier","https://clutch.co/profile/comptier","http://www.comptier.com.au","hello@comptier.com.auNA"
"281","gbm","https://clutch.co/profile/gbm-0","http://www.gbm.net","mercadeo@gbm.netNA"
"282","Mindviser","https://clutch.co/profile/mindviser","https://mindviser.com/","hello@mindviser.com"
"283","Citizen DataTech Software","https://clutch.co/profile/citizen-datatech-software","http://citizendatatech.com","info@citizendatatech.comNA"
"284","IFB","https://clutch.co/profile/ifb","http://www.ifb.net/","geton@ifb.netNA"
"285","MullenLowe Vietnam","https://clutch.co/profile/mullenlowe-vietnam","http://vietnam.mullenlowe.com/","pr.enquiries@mullenlowe.com"
"286","Pintle","https://clutch.co/profile/pintle","https://www.pintle.dk/en/","info@pintle.dkNA"
"287","Methys","https://clutch.co/profile/methys","http://www.methys.com/","cviarnaud@methys.comNA"
"288","Gag","https://clutch.co/profile/gag","https://www.gag.it/en","mail@gag.it"
"289","CreativeHaus","https://clutch.co/profile/creativehaus","https://creativehaus.com/","info@creativehaus.com"
"290","Focus Softnet","https://clutch.co/profile/focus-softnet","https://www.focussoftnet.com/","dm@focussoftnet.com"
"291","Gaia Technologies","https://clutch.co/profile/gaia-technologies","https://www.gaia-tech.com/","info@gaia-tech.com"
"292","Brennan IT","https://clutch.co/profile/brennan-it","https://www.brennanit.com.au/","information@brennanit.com.auNA"
"293","Adups","https://clutch.co/profile/adups","https://www.adups.com//index.php?lang=en","contact@adups.com"
"294","Precognox","https://clutch.co/profile/precognox","http://www.precognox.com","info@precognox.com"
"295","Infinitech","https://clutch.co/profile/infinitech","http://infinitechusa.net/","sales@infinitechusa.netNA"
"296","Finatext","https://clutch.co/profile/finatext","https://www.finatext.com/","info@finatext.com"
"297","Rayvision","https://clutch.co/profile/rayvision","https://www.rayvision.com/En","gao@rayvision.com"
"298","CognitionX","https://clutch.co/profile/cognitionx","https://cognitionx.com/","info@cognitionx.io"
"299","Briskon Technologies","https://clutch.co/profile/briskon-technologies","http://www.briskon.com","info@briskon.comNA"
"300","Health iQ","https://clutch.co/profile/health-iq","http://www.healthiq.co.uk/","contact@healthiq.co.uk"
"301","Softgroup","https://clutch.co/profile/softgroup","http://softgroup.eu","office@softgroup.eu"
"302","MRE Consulting","https://clutch.co/profile/mre-consulting","http://www.mre-consulting.com/","sales@bairesdev.com"
"303","Cloudblue Web Design","https://clutch.co/profile/cloudblue-web-design","http://www.cloudbluewebdesign.co.uk/","hello@cloudbluewebdesign.co.uk"
"304","Analiticom","https://clutch.co/profile/analiticom","http://www.analiticom.com","administracion@analiticom.comNA"
"305","Mambo Microsystems Limited","https://clutch.co/profile/mambo-microsystems","https://www.mambo.co.ke/","info@mambo.co.ke"
"306","ClearObject","https://clutch.co/profile/clearobject","https://www.clearobject.com/","sales@clearobject.comNA"
"307","Metizsoft Solutions Pvt. Ltd.","https://clutch.co/profile/metizsoft-solutions","https://www.metizsoft.com/","sales@metizsoft.comNA"
"308","Fusion Consulting","https://clutch.co/profile/fusion-consulting","https://fusionconsultinginc.com/","sales@bairesdev.com"
"309","MDA Technologies Group","https://clutch.co/profile/mda-technologies-group","http://www.mdatech.com/","michelle@mdatech.com"
"310","Tekoa","https://clutch.co/profile/tekoa","https://www.tekoa.com.br/","contato@tekoa.com.br"
"311","Peak Performers","https://clutch.co/profile/peak-performers","http://www.peakperformers.org/","recruiter@peakperformers.org"
"312","Consorcio","https://clutch.co/profile/consorcio","https://marketingypublicidad.mx/","contacto@marketingypublicidad.mx"
"313","Arete Software, Inc. - Indiana","https://clutch.co/profile/arete-software-indiana","http://www.aretesoftware.net/","hello@aretesw.com"
"314","Interactions Marketing","https://clutch.co/profile/interactions-marketing","http://www.interactions.ro/","office@interactions.ro"
"315","Intelligent Graphic and Code","https://clutch.co/profile/intelligent-graphic-code","http://www.igcenterprises.com/#home","hello@igc.pm"
"316","Portal Technologies","https://clutch.co/profile/portal-technologies","https://www.portaltechnologies.uk/","Info@portaltechnologies.uk"
"317","SolutionsIT","https://clutch.co/profile/solutionsit","http://www.solutionsit.ca/","info@solutionsit.caNA"
"318","Tight","https://clutch.co/profile/tight","http://tight.no","hello@tight.noNA"
"319","Adventus Pte Ltd.","https://clutch.co/profile/adventus-pte","https://adventusasia.com/","info@adventusasia.com"
"320","Best Marketing Network Inc.","https://clutch.co/profile/best-marketing-network","http://www.misterwebpage.com/","sales@bestmarketingnetwork.caNA"
"321","Hawaii Tech Support","https://clutch.co/profile/hawaii-tech-support","https://www.hitechsupport.net/","info@hitechsupport.net"
"322","Glorant LLC d/b/a Octalsoft ","https://clutch.co/profile/glorant-dba-octalsoft","http://www.octalsoft.com/","inquiry@octalsoft.com"
"323","Chorus Digital","https://clutch.co/profile/chorus-digital","https://www.chorusdigital.co/","hello@chorus.co"
"324","Deci Digital","https://clutch.co/profile/deci-digital","https://decidigital.com/","info@decidigital.com"
"325","hubovsky.net","https://clutch.co/profile/hubovskynet","https://www.hubovsky.net/","office@hubovsky.netNA"
"326","AMBA Communications","https://clutch.co/profile/amba-communications","https://www.amba.agency/","more.info@amba.com.auNA"
"327","UaiTI","https://clutch.co/profile/uaiti","http://www.uaiti.com.br/","contato@uaiti.com.br"
"328","Portavoce Public Relations","https://clutch.co/profile/portavoce-public-relations","https://www.portavocepr.com/","carla.vallone@Portavocepr.com"
"329","MSTART","https://clutch.co/profile/mstart","http://www.mstart.com/portal/","sales@bairesdev.com"
"330","CADagency Limited","https://clutch.co/profile/cadagency","https://www.cadagency.co.uk/","office@cadagency.co.uk"
"331","Nform Interactive","https://clutch.co/profile/nform-interactive","http://www.n-form.com/","info@n-form.com"
"332","Conflux Systems","https://clutch.co/profile/conflux-systems","https://www.confluxsystems.com/","contactus@confluxsystems.com"
"333","5NINES Global LLP","https://clutch.co/profile/5nines-global-llp","https://www.99999.co.uk/","info@99999.co.uk"
"334","Jindal Intellicom Limited","https://clutch.co/profile/jindal-intellicom","http://jindalintellicom.com/","info@intellicomcenters.com"
"335","CMAS - Systems Consultants","https://clutch.co/profile/cmas-systems-consultants","https://www.cmas-systems.pt/","mail@cmas-systems.comNA"
"336","Baifendian - Percent","https://clutch.co/profile/baifendian-percent","http://en.percent.cn/","beijing@percent.cn"
"337","INGELLICOM","https://clutch.co/profile/ingellicom","https://www.ingelli.com/portal/","contactus@ingelli.comNA"
"338","CALLITY","https://clutch.co/profile/callity","http://callity.eu/","sales@callity.eu"
"339","3.14 Agency","https://clutch.co/profile/314-agency","https://314.agency/","hello@314.agency"
"340","N Hawley Business Solutions","https://clutch.co/profile/n-hawley-business-solutions","http://www.nhawley.com/","nancy@nhawley.com"
"341","Legion Elite OKC","https://clutch.co/profile/legion-elite-okc","http://legioneliteokc.com/","hr@legioneliteokc.comNA"
"342","Blue Cloud Digital Solutions","https://clutch.co/profile/blue-cloud-digital-solutions","http://www.bluecds.com/","info@bluecds.com"
"343","ammanseo ","https://clutch.co/profile/ammanseo","http://www.ammanseo.com/","info@ammanseo.com"
"344","Yimian Data","https://clutch.co/profile/yimian-data","http://www.yimian.io/","zhangrong@yimian.com.cnNA"
"345","Netinteractive","https://clutch.co/profile/netinteractive","http://netinteractive.co/","office@netinteractive.co"
"346","Lexart Labs","https://clutch.co/profile/lexart-labs","https://lexartlabs.com/","contacto@lexartlabs.comNA"
"347","Softcode Technology","https://clutch.co/profile/softcode-technology","http://softcodetechnology.com/","softcodetechnology@gmail.com"
"348","Pstox","https://clutch.co/profile/pstox","http://pstox.com/","info@pstox.com"
"349","7Informatica-ti","https://clutch.co/profile/7informatica-ti","http://www.7informatica-ti.com/","contato@7informatica-ti.com"
"350","Elucidate","https://clutch.co/profile/elucidate","http://www.elucidate.ai","info@elucidate.ai"
"351","Webnyze","https://clutch.co/profile/webnyze","http://webnyze.com/","sales@bairesdev.com"
"352","Delta Unit","https://clutch.co/profile/delta-unit","http://www.deltaunit.com","hello@deltaunit.com"
"353","Peloton Agency","https://clutch.co/profile/peloton-agency","http://peloton.agency","hello@peloton.agencyNA"
"354","Brandt International","https://clutch.co/profile/brandt-international","http://brandtinternational.com/","info@brandtinternational.com"
"355","Habari Node","https://clutch.co/profile/habari-node","http://www.habari.co.tz/","support@habari.co.tzNA"
"356","KMC Solutions","https://clutch.co/profile/kmc-solutions","https://kmc.solutions/","info@kmc.solutions"
