"","name","url","website","clutch_email"
"1","Switchfast Technologies","https://clutch.co/profile/switchfast-technologies","https://www.switchfast.com","contact@switchfast.com"
"2","Netcom Solutions","https://clutch.co/profile/netcom-solutions","https://netcomsolutions.net/","info@netcomsolutions.netNA"
"3","Businessware Technologies","https://clutch.co/profile/businessware-technologies","https://www.businesswaretech.com/","sales@businesswaretech.com"
"4","Binary Republik","https://clutch.co/profile/binary-republik","http://www.BinaryRepublik.com","info@binaryrepublik.com"
"5","BGO Software","https://clutch.co/profile/bgo-software","https://www.bgosoftware.com","info@bgosoftware.com"
"6","403Tech","https://clutch.co/profile/403tech","http://www.403tech.com","info@403tech.com"
"7","TWG","https://clutch.co/profile/twg","https://twg.io","hello@twg.io"
"8","GetInData","https://clutch.co/profile/getindata","http://getindata.com/","info@getindata.com"
"9","Itransition","https://clutch.co/profile/itransition","https://www.itransition.com/","info@itransition.comNA"
"10","UNILY (formally BrightStarr)","https://clutch.co/profile/brightstarr","https://www.unily.com/","usa@unily.comNA"
"11","ValueLabs","https://clutch.co/profile/valuelabs","https://www.valuelabs.com/","contactus@valuelabs.com"
"12","DataLab USA","https://clutch.co/profile/datalab-usa","http://www.datalabusa.com","info@datalabusa.comNA"
"13","Chetu, Inc.","https://clutch.co/profile/chetu","http://www.chetu.com","sales@chetu.comNA"
"14","eGuide Tech Allies","https://clutch.co/profile/eguide-tech-allies","http://www.eguidetechallies.com","info@eguidetechallies.comNA"
"15","Iteora GmbH","https://clutch.co/profile/iteora-gmbh","https://www.iteora.com","info@iteora.comNA"
"16","IndustryBuilt Software","https://clutch.co/profile/industrybuilt-software","http://www.industrybuilt.com/","sales@industrybuilt.com"
"17","Preterion","https://clutch.co/profile/preterion","http://www.preterion.com","enquiries@preterion.comNA"
"18","Confianz Global, inc","https://clutch.co/profile/confianz-global","https://www.confianzit.com/","sales@confianzit.biz"
"19","VOLANSYS Technologies","https://clutch.co/profile/volansys-technologies","http://www.volansys.com","business@volansys.com"
"20","Verbella CMG","https://clutch.co/profile/verbella-cmg","http://www.verbellacmg.com","sales@verbellacmg.com"
"21","InData Labs","https://clutch.co/profile/indata-labs","https://indatalabs.com/","info@indatalabs.comNA"
"22","Appscrip","https://clutch.co/profile/appscrip","https://www.appscrip.com/","dreamer@appscrip.comNA"
"23","WP Doin","https://clutch.co/profile/wp-doin","https://wp-doin.com","contact@wp-doin.comNA"
"24","Westsols","https://clutch.co/profile/westsols","http://www.westsols.com","marketing@westsols.comNA"
"25","Evojam","https://clutch.co/profile/evojam","https://evojam.com","hello@evojam.com"
"26","DNA325 ","https://clutch.co/profile/dna325","http://dna325.com","team@dna325.com"
"27","iPrism Technologies","https://clutch.co/profile/iprism-technologies","https://www.iprismtech.com/","sales@iprismtech.com"
"28","DataSelf ","https://clutch.co/profile/dataself","http://www.dataself.com","sales@dataself.com"
"29","Webmyne Systems Pvt Ltd","https://clutch.co/profile/webmyne-systems","http://www.webmynesystems.com/","info@webmynesystems.comNA"
"30","Arekibo","https://clutch.co/profile/arekibo","https://arekibo.com/","enquiry@arekibo.com"
"31","AmberLeaf","https://clutch.co/profile/amberleaf","http://www.amberleaf.net","larry@amberleaf.net"
"32","Allomate Solutions","https://clutch.co/profile/allomate-solutions","http://www.allomate.com","connect@allomate.com"
"33","Dexlock","https://clutch.co/profile/dexlock","http://www.dexlock.com","business@dexlock.com"
"34","Miadria","https://clutch.co/profile/miadria","https://www.miadria.com/","sales@miadria.comNA"
"35","TeshCorp","https://clutch.co/profile/teshcorp","http://www.teshcorp.com","eliaso@teshcorp.com"
"36","Slalom Consulting ","https://clutch.co/profile/slalom-consulting","http://www.slalom.com/","seattle@slalom.com"
"37","single point of contact","https://clutch.co/profile/single-point-contact","http://www.singlepointoc.com/","sales@singlepointoc.com"
"38","LBMC Technology Solutions","https://clutch.co/profile/lbmc-technology-solutions","http://www.lbmctech.com/","info@lbmc.com"
"39","RILA GLOBAL CONSULTING","https://clutch.co/profile/rila-global-consulting","http://www.rilaglobal.com","contact@switchfast.com"
"40","Baynetwork Inc.","https://clutch.co/profile/baynetwork","http://www.baynetwork.net","inquiry@baynetwork.netNA"
"41","FixedFeeIT","https://clutch.co/profile/fixedfeeit","http://fixedfeeit.com/","fixedfeeitlarry@gmail.com"
"42","West Monroe Partners","https://clutch.co/profile/west-monroe-partners","https://www.westmonroepartners.com/","marketing@westmonroepartners.com"
"43","CompuSoluciones","https://clutch.co/profile/compusoluciones","https://www.compusoluciones.com/","mercadotecnia@compusoluciones.com"
"44","HGS Colibrium","https://clutch.co/profile/hgs-colibrium","https://www.colibrium.com/","sales@colibriumpartners.com"
"45","Ascent Innovations LLC","https://clutch.co/profile/ascent-innovations","http://www.ascent365.com/","sales@ascent365.com"
"46","Mandiant","https://clutch.co/profile/mandiant","https://www.fireeye.com/","info@fireeye.comNA"
"47","CherryRoad Technologies ","https://clutch.co/profile/cherryroad-technologies","http://www.cherryroad.com/","info@cherryroad.com"
"48","Omnis Technologies","https://clutch.co/profile/omnis-technologies","http://omnistech.com","sales@omnistech.com"
"49","FINinfocom","https://clutch.co/profile/fininfocom","http://www.fininfocom.com","contact@fininfocom.comNA"
"50","Tata Consultancy Services","https://clutch.co/profile/tata-consultancy-services","https://www.tcs.com/","b.trounson@tcs.com"
"51","Kimind","https://clutch.co/profile/kimind","http://www.kimind.com/","admin@kimind.com"
"52","IBM iX","https://clutch.co/profile/ibm-ix","http://www.resourceammirati.com","ews@us.ibm.com"
"53","Advance2000 Inc.","https://clutch.co/profile/advance2000","http://www.advance2000.com/","a2ksales@advance2000.com"
"54","Infochola","https://clutch.co/profile/infochola","https://www.infochola.com/","solutions@infochola.com"
"55","Inter Smart Solution Pvt. Ltd","https://clutch.co/profile/inter-smart-solution","http://www.intersmartsolution.com","mail@intersmartsolution.comNA"
"56","Grupo CESA","https://clutch.co/profile/grupo-cesa","http://www.grupocesa.com/","info.cr@grupocesa.com"
"57","Equal Experts","https://clutch.co/profile/equal-experts","https://www.equalexperts.com/","helloUK@equalexperts.com"
"58","Toggi Services Limited","https://clutch.co/profile/toggi-services","http://www.toggiservices.com/","info@toggi.services"
"59","Ecotech IT Solutions","https://clutch.co/profile/ecotech-it-solutions","http://www.ecotechservices.com","sri@ecotechservices.com"
"60","Summit Group Software","https://clutch.co/profile/summit-group-software","http://www.summitgroupsoftware.com/","info@summitgroupsoftware.com"
"61","Larry The Computer Guy","https://clutch.co/profile/larry-computer-guy","http://www.larrycomputerguy.com","sales@larrycomputerguy.com"
"62","Ellipse Solutions","https://clutch.co/profile/ellipse-solutions","http://www.ellipsesolutions.com/","info@ellipsesolutions.com"
"63","Wintellisys, Inc.","https://clutch.co/profile/wintellisys","https://www.wintellisys.com","info@wintellisys.com"
"64","BT Global Services","https://clutch.co/profile/bt-global-services","http://home.bt.com/","industryenquiry@bt.com"
"65","Six Degrees Group","https://clutch.co/profile/six-degrees-group","https://www.6dg.co.uk/","info@6dg.co.uk"
"66","IMS Technology","https://clutch.co/profile/ims-technology","http://www.ims-technology.ma/","contact@ims-technology.ma"
"67","QRC Consulting & Solutions","https://clutch.co/profile/qrc-consulting-solutions","https://www.qrcsolutionz.com/","sayed.jubed@qrcsolutionz.comNA"
"68","Secure-24, Inc.","https://clutch.co/profile/secure-24","https://www.secure-24.com/","info@secure-24.com"
"69","RedstoneConnect","https://clutch.co/profile/redstoneconnect","http://www.redstone.com/","info@redston'e.com"
"70","GovTech Singapore","https://clutch.co/profile/govtech-singapore","https://www.tech.gov.sg/","contact@switchfast.com"
"71","Torry Harris Business Solutions","https://clutch.co/profile/torry-harris-business-solutions","http://www.thbs.com/","marketing@thbs.comNA"
"72","Blackstone Technology Group","https://clutch.co/profile/blackstone-technology-group","http://www.bstonetech.com/","contact@switchfast.com"
"73","Tech Advisors","https://clutch.co/profile/tech-advisors","http://www.tech-adv.com/","info@tech-adv.com"
"74","Coretek Services","https://clutch.co/profile/coretek-services","http://www.coretekservices.com/","sales@coretekservices.comNA"
"75","Bardissi Enterprises","https://clutch.co/profile/bardissi-enterprises","https://www.bardissi.net/","contact@switchfast.com"
"76","Capstone Information Technologies Incorporated","https://clutch.co/profile/capstone-information-technologies-incorporated","http://www.capstoneitinc.com","sales@capstoneitinc.com"
"77","Prism Technologies Group","https://clutch.co/profile/prism-technologies-group","http://www.prismtex.com/","contact@switchfast.com"
"78","Total Tech IT Support Long Island, Managed IT Services Long Island","https://clutch.co/profile/total-tech-it-support-long-island-managed-it-services-long-island","https://total.us.com/","sales@total.us.com"
"79","iNovuus Technologies","https://clutch.co/profile/inovuus-technologies","https://inovuus.com/","enquiry@inovuus.com"
"80","TrustedSec","https://clutch.co/profile/trustedsec","https://www.trustedsec.com/","info@trustedsec.com"
"81","Pridesys IT Ltd.","https://clutch.co/profile/pridesys-it","https://pridesys.com/","'info@pridesys.com"
"82","Hypertec Group","https://clutch.co/profile/hypertec-group","http://hypertecdcs.com/","dcsinfo@hypertec.com"
"83","Mobilise Cloud","https://clutch.co/profile/mobilise-cloud","https://mobilise.cloud","info@mobilise.cloudNA"
"84","Alerio Technology Group","https://clutch.co/profile/alerio-technology-group","http://www.aleriotechgroup.com","info@aleriotechgroup.comNA"
"85","SCHOGINI Systems Pvt Ltd","https://clutch.co/profile/schogini-systems","http://www.schogini.com","info@schogini.comNA"
"86","Talsoft TS","https://clutch.co/profile/talsoft-ts","https://www.talsoft.com.ar/site/","consultas@talsoft.com.ar"
"87","weDevs","https://clutch.co/profile/wedevs","https://wedevs.com/","info@wedevs.comNA"
"88","Carbon60","https://clutch.co/profile/carbon60","http://www.carbon60.com/","support@carbon60.com"
"89","Tegen IT Solutions","https://clutch.co/profile/tegen-it-solutions","http://www.tegen.co.uk/","info@tegen.co.uk"
"90","Tongdun","https://clutch.co/profile/tongdun","https://www.tongdun.cn/?lan=EN","mkt@tongdun.cn"
"91","Everything Tech Ltd","https://clutch.co/profile/everything-tech","https://www.everythingtech.co.uk/","hello@everythingtech.co.uk"
"92","Ziptech Services","https://clutch.co/profile/ziptech-services","https://www.ziptechservices.co.uk/","info@ziptechservices.co.uk"
"93","Microtrading","https://clutch.co/profile/microtrading","https://microtrading.co.uk/","info@microtrading.co.uk"
"94","Logic Speak Inc","https://clutch.co/profile/logic-speak","http://www.logicspeak.com/","support@logicspeak.com"
"95","Cloud Cover IT","https://clutch.co/profile/cloud-cover-it","http://www.cloudcoverit.co.uk/","info@cloudcoverit.co.ukNA"
"96","Tenesys","https://clutch.co/profile/tenesys","http://tenesys.io","info@tenesys.plNA"
"97","Mikrodots, Inc.","https://clutch.co/profile/mikrodots","https://www.mikrodots.com/","support@mikrodots.com"
"98","ADVYON Business Technology Consulting","https://clutch.co/profile/advyon-business-technology-consulting","http://www.advyon.com","banderson@advyon.com"
"99","Netbadgers Ltd.","https://clutch.co/profile/netbadgers","https://www.netbadgers.com/","sales@netbadgers.com"
"100","VooServers","https://clutch.co/profile/vooservers","https://www.vooservers.com/","sales@vooservers.com"
"101","Datatech UK","https://clutch.co/profile/datatech-uk","http://www.datatechuk.com/","info@datatechuk.com"
"102","Quadris","https://clutch.co/profile/quadris","https://quadris.co.uk/","enquiries@quadris.co.uk"
"103","Nology Networks","https://clutch.co/profile/nology-networks","https://www.nologynetworks.com/","solutions@nologynetworks.comNA"
"104","MYRA Systems","https://clutch.co/profile/myra-systems","http://www.myra.com/","contact@switchfast.com"
"105","RoundWorks IT","https://clutch.co/profile/roundworks-it","https://www.roundworks-it.co.uk/","info@roundworks-it.co.uk"
"106","Longhurst Consulting","https://clutch.co/profile/longhurst-consulting","http://www.longhurstconsulting.com/","info@longhurstconsulting.com"
"107","ICE Data Services","https://clutch.co/profile/ice-data-services","https://www.theice.com/market-data","icedataservices@theice.com"
"108","Viperlink Pte Ltd","https://clutch.co/profile/viperlink-pte","https://www.viperlink.com.sg/","contact@switchfast.com"
"109","Proficient Business Services","https://clutch.co/profile/proficient-business-services","http://www.pbsbahamas.com/Index.aspx","info@pbsbahamas.comNA"
"110","Foundation Technologies, LLC","https://clutch.co/profile/foundation-technologies","http://fndtn.com","info@fndtn.com"
"111","MyITProTec","https://clutch.co/profile/myitprotec","http://www.myitprotec.net/","Contact@MyITProTec.ca"
"112","BRQ","https://clutch.co/profile/brq","http://www.brq.com/","brq@brq.com"
"113","Accent Computer Solutions Inc.","https://clutch.co/profile/accent-computer-solutions","http://www.accentonit.com/","info@teamaccent.comNA"
"114","Integrated IT","https://clutch.co/profile/integrated-it","https://www.integratedit.com/","contact@switchfast.com"
"115","GRIT Technologies","https://clutch.co/profile/grit-technologies","https://www.grittechs.com/","info@grittechs.comNA"
"116","ERGOS","https://clutch.co/profile/ergos","https://www.ergos.com/","info@ERGOS.com"
"117","Mavenspire","https://clutch.co/profile/mavenspire","http://www.mavenspire.com/","sales@mavenspire.com"
"118","Mass System Services Inc","https://clutch.co/profile/mass-system-services","http://www.MSServicesInc.com","contact-mssi@MSServicesInc.comNA"
"119","Alkaid - Software Company","https://clutch.co/profile/alkaid-software-company","https://alkaid.cr/","ventas@alkaid.cr"
"120","NP - Managed Technology Services & Solutions","https://clutch.co/profile/np-managed-technology-services-solutions","http://www.np-projects.co.uk/","info@np-projects.co.uk"
"121","NETiMAGE","https://clutch.co/profile/netimage","http://www.netimage.net/","info@netimage.netNA"
"122","Intrasoft Middle East","https://clutch.co/profile/intrasoft-middle-east","http://www.intracom.jo/","info@intrasoft.com.jo"
"123","A. K. Khan Telecom Limited","https://clutch.co/profile/k-khan-telecom","http://www.aktelecom.net/","marketing@aktelecom.net'"
"124","AET Solutions, Inc.","https://clutch.co/profile/aet-solutions","https://www.aetcorp.com","info@aetcorp.com"
"125","KaNex","https://clutch.co/profile/kanex","http://www.ka-nex.com","info@ka-nex.com"
"126","Inteople Limited","https://clutch.co/profile/inteople","http://www.inteople.com/","info@inteople.com"
"127","Sonoma Partners","https://clutch.co/profile/sonoma-partners","http://www.sonomapartners.com/","info@sonomapartners.com"
"128","IT IN BUSINESS","https://clutch.co/profile/it-business","https://www.itinbusiness.com/","info@itinbusiness.comNA"
"129","CloudMasonry","https://clutch.co/profile/cloudmasonry","https://cloudmasonry.com/","info@cloudmasonry.comNA"
"130","Defendza","https://clutch.co/profile/defendza","https://www.defendza.com/","contact@switchfast.com"
"131","1-UP IT Consulting","https://clutch.co/profile/1-it-consulting","http://www.1upitconsulting.com/","sales@1upitconsulting.comNA"
"132","Matsyaa Technology","https://clutch.co/profile/matsyaa-technology","http://matsyaa.com/","suresh@matsyaa.com"
"133","Polarsun Creative","https://clutch.co/profile/polarsun-creative","http://polarsun.co.uk/","info@polarsun.co.uk"
"134","Lavish Technologies","https://clutch.co/profile/lavish-technologies","http://www.lavishtech.com","info@lavishtech.comNA"
"135","Quantum FBI, LLC","https://clutch.co/profile/quantum-fbi","https://quantumfbi.com/","hperez@quantumfbi.com"
"136","Infrasys Group","https://clutch.co/profile/infrasys-group","https://igcalgary.com","marketing@igcalgary.com"
"137","Bottomline Technologies","https://clutch.co/profile/bottomline-technologies","http://www.bottomline.com/","info@bottomline.com"
"138","Live800","https://clutch.co/profile/live800","http://en.live800.com/index.html","product@live800.com"
"139","Expedient","https://clutch.co/profile/expedient","https://www.expedient.com/","contact@switchfast.com"
"140","floLIVE","https://clutch.co/profile/flolive","https://flolive.net/","info@flolive.net"
"141","Blitzm Systems Pty Ltd","https://clutch.co/profile/blitzm-systems-pty","https://www.blitzm.com.au","info@blitzm.comNA"
"142","NDOT Technologies","https://clutch.co/profile/ndot-technologies","http://www.ndottech.com","sales@ndottech.com"
"143","CBCI Telecom","https://clutch.co/profile/cbci-telecom","http://www.cbcitelecom.com/","ehebert@cbcitelecom.com"
"144","Altis Consulting","https://clutch.co/profile/altis-consulting","http://altis.com.au/","contact@switchfast.com"
"145","Sec-1","https://clutch.co/profile/sec-1","http://www.sec-1.com/","info@sec-1.com"
"146","ThreatBook","https://clutch.co/profile/threatbook","https://www.threatbook.cn","contactus@threatbook.cn"
"147","Perrit BV","https://clutch.co/profile/perrit-bv","http://www.perrit.eu","sales@perrit.euNA"
"148","ACS","https://clutch.co/profile/acs","https://www.acs365.co.uk/","info@acs365.co.ukNA"
"149","Quanam","https://clutch.co/profile/quanam","https://www.quanam.com/","quanam@quanam.com"
"150","Elmo Solutions","https://clutch.co/profile/elmo-solutions","http://elmosolutions.com/","info@elmosolutions.comNA"
"151","WWOW Communications","https://clutch.co/profile/wwow-communications","http://www.wwow.com","contact@switchfast.com"
"152","Daewoo Information Systems","https://clutch.co/profile/daewoo-information-systems","http://www.daewoobrenic.com","contact@switchfast.com"
"153","NSI","https://clutch.co/profile/nsi","https://www.nsiserv.com/","Sales@nsiserv.com"
"154","Konsultnet Scandinavia","https://clutch.co/profile/konsultnet-scandinavia","http://www.konsultnet.se/en/hem/","post@konsultnet.seNA"
"155","Panaton Software","https://clutch.co/profile/panaton-software","http://www.panaton.com","sales@panaton.com"
"156","Mesiniaga Berhad","https://clutch.co/profile/mesiniaga-berhad","https://www.mesiniaga.com.my/","corpcomm@mesiniaga.com.my"
"157","Delve","https://clutch.co/profile/delve","https://delvedeeper.com/","begin@delvepartners.comNA"
"158","ITUtility.NET","https://clutch.co/profile/itutilitynet","http://www.itutility.net/","contact@switchfast.com"
"159","Titansoft ","https://clutch.co/profile/titansoft","http://www.titansoft.com","info@titansoft.com.sg"
"160","Compri Consulting Inc","https://clutch.co/profile/compri-consulting","http://compri.com/","info@compri.com"
"161","ESPO Engineering Corp.","https://clutch.co/profile/espo-engineering-corp","http://www.espocorp.com","vinnie@espocorp.comNA"
"162","birkle IT","https://clutch.co/profile/birkle-it","http://birkle-it.de/en/","info@birkle-it.de"
"163","Praesto Consulting","https://clutch.co/profile/praesto-consulting","https://www.praestoconsulting.com/","info@praestoconsulting.com"
"164","Crystel.co","https://clutch.co/profile/crystelco","http://www.crystel.co/","info@crystel.co"
"165","Now IT Works","https://clutch.co/profile/now-it-works","https://www.nowitworks.com","contact@switchfast.com"
"166","Datarista","https://clutch.co/profile/datarista","http://www.datarista.com/","info@datarista.com"
"167","Dakota Analytics","https://clutch.co/profile/dakota-analytics","http://www.dakotaanalytics.com","info@dakotaanalytics.com"
"168","Execution Specialists Group LLC","https://clutch.co/profile/execution-specialists-group","https://esgimpact.com","careers@esgimpact.com"
"169","Salentica","https://clutch.co/profile/salentica","https://www.salentica.com/","info@salentica.com"
"170","Bagley Consulting Group","https://clutch.co/profile/bagley-consulting-group","http://www.bagleycg.com/","info@bagleycg.com"
"171","Ascii System","https://clutch.co/profile/ascii-system","http://www.asciisys.com/","info@asciisys.com'"
"172","Idealist Consulting","https://clutch.co/profile/idealist-consulting","https://idealistconsulting.com/","info@idealistconsulting.com"
"173","Roberts Technology Solutions","https://clutch.co/profile/roberts-technology-solutions","https://www.robertstechs.com/","info@robertstechs.com"
"174","AEC Cloud","https://clutch.co/profile/aec-cloud","https://aeccloud.com/","sales@aeccloud.comNA"
"175","Exalogic Consulting","https://clutch.co/profile/exalogic-consulting","http://www.exalogic.co","ms@exalogic.co"
"176","Immense Networks","https://clutch.co/profile/immense-networks","https://immense.net/","sales@immense.netNA"
"177","DevOps Group","https://clutch.co/profile/devops-group","https://www.devopsgroup.com/","team@devopsgroup.com"
"178","Eduteam","https://clutch.co/profile/eduteam","http://www.eduteam.it","segreteria@eduteam.it"
"179","Data Grid Limited","https://clutch.co/profile/data-grid","http://www.datagridbd.com/","info@datagridbd.com'"
"180","Alboradait","https://clutch.co/profile/alboradait","http://www.alboradait.com/","info@alboradait.com"
"181","Volitek Solutions","https://clutch.co/profile/volitek-solutions","http://bizminers.com/","info@bizminers.com"
"182","Webuters Technologies Pvt. Ltd.","https://clutch.co/profile/webuters-technologies","http://www.webuters.com","sales@webuters.com"
"183","Egis Software","https://clutch.co/profile/egis-software","https://www.papertrail.co.za/","support@egis-software.com"
"184","Kite Distribution","https://clutch.co/profile/kite-distribution","https://kitedistribution.co.uk/","sales@kitedistribution.co.ukNA"
"185","CogniBe","https://clutch.co/profile/cognibe","http://Www.cognibe.com","Info@Cognibe.Com"
"186","INMOROCCO Solutions","https://clutch.co/profile/inmorocco-solutions","https://www.inmorocco.com/","info@inmorocco.com"
"187","Next IT Ltd.","https://clutch.co/profile/next-it","http://www.nextit.com.bd/","info@nextit.com.bdNA"
"188","Interfaz Software","https://clutch.co/profile/interfaz-software","http://interfazsoftware.net/","info@interfazsoftware.netNA"
"189","FlexiwareSolutions","https://clutch.co/profile/flexiwaresolutions","http://flexiwaresolutions.com","contact@flexiwaresolutions.com"
"190","Techgecko","https://clutch.co/profile/techgecko","http://www.techgecko.co.uk/","hello@techgecko.co.uk"
"191","Mazeda Technologies","https://clutch.co/profile/mazeda-technologies","http://www.mazedatech.com/","info@mazedatech.com"
"192","Seika Logiciel Inc.","https://clutch.co/profile/seika-logiciel","http://www.seika.ca/","contact@seika.ca"
"193","Nice Power & IT Solution Ltd.","https://clutch.co/profile/nice-power-it-solution","http://nicegroupbd.com/","nicegroupbd@gmail.com"
"194","Exact Abacus","https://clutch.co/profile/exact-abacus","https://www.exactabacus.com/","hello@exactabacus.comNA"
"195","Palmbytes","https://clutch.co/profile/palmbytes","http://www.palmbytes.com/","sales@palmbytes.comNA"
"196","Chmarti Software LLC","https://clutch.co/profile/chmarti-software","http://www.chmartisoftware.com","chris@chmartisoftware.com"
"197","Zivoke","https://clutch.co/profile/zivoke","https://www.zivoke.com/","ceo@zivoke.com"
"198","LabKey","https://clutch.co/profile/labkey","http://www.labkey.com/","contact@switchfast.com"
"199","Bit Shifters","https://clutch.co/profile/bit-shifters","https://bit-shifters.com","info@bit-shifters.com"
"200","PingCAP","https://clutch.co/profile/pingcap","https://www.pingcap.com/en/","info@pingcap.com"
"201","GlowTouch Technologies","https://clutch.co/profile/glowtouch-technologies","https://www.glowtouch.com","marketing@glowtouch.com"
"202","Bios Software","https://clutch.co/profile/bios-software","http://www.biossoft.net","'info@biossoft.net"
"203","Ravelin Technology","https://clutch.co/profile/ravelin-technology","https://www.ravelin.com/","info@ravelin.com"
"204","MFX Services","https://clutch.co/profile/mfx-services","http://www.mfxservices.com","analytics@mfxservices.com"
"205","ICOA","https://clutch.co/profile/icoa","https://icoa.it/en","info@icoa.it"
"206","Diatom Enterprises ","https://clutch.co/profile/diatom-enterprises","http://www.diatomenterprises.com","marketing@diatomenterprises.comNA"
"207","MaxSys Staffing & Consulting","https://clutch.co/profile/maxsys-staffing-consulting","http://maxsys.ca/","hr@maxsys.ca"
"208","Global Graffiti Web Services","https://clutch.co/profile/global-graffiti-web-services","https://GlobalGraffiti.net","info@GlobalGraffiti.net"
"209","Carvajal Technology and Services","https://clutch.co/profile/carvajal-technology-services","http://carvajaltys.com/","mercadeo.carvajal.tys@carvajal.com"
"210","accesa","https://clutch.co/profile/accesa","https://www.accesa.eu/","info@accesa.eu"
"211","Interware","https://clutch.co/profile/interware","http://www.interware.com.mx/","contacto@interware.comNA"
"212","Concirrus","https://clutch.co/profile/concirrus","https://concirrus.com/","info@concirrus.comNA"
"213","Premis","https://clutch.co/profile/premis","http://www.nethonnun.is/","info@premis.is"
"214","Coreway Solution","https://clutch.co/profile/coreway-solution","http://www.corewaysolution.com","info@corewaysolution.com"
"215","NexTRet ","https://clutch.co/profile/nextret","http://www.nextret.net/es","nextret@nextret.netNA"
"216","Omnitel","https://clutch.co/profile/omnitel","https://omnitel.es/","administracion@omnitel.es"
"217","Bayside Networks.com, Inc.","https://clutch.co/profile/bayside-networkscom","https://www.baysidenetworks.com/","contact@switchfast.com"
"218","Eustace Consulting","https://clutch.co/profile/eustace-consulting","https://www.eustaceconsulting.com/","contact@switchfast.com"
"219","Genesys","https://clutch.co/profile/genesys","http://www.genesys.cl","info@genesys.cl"
"220","Provista UK","https://clutch.co/profile/provista-uk","http://www.provista-uk.com/about-us/","info@provista-uk.com"
"221","Agencia Creativa","https://clutch.co/profile/agencia-creativa","http://www.agenciacreativa.net/","europe@sooft.es"
"222","Neos Consulting Group","https://clutch.co/profile/neos-consulting-group","http://www.neosconsulting.com/","info@neosconsulting.comNA"
"223","PeopleSec, LLC","https://clutch.co/profile/peoplesec","https://peoplesec.org","contact@switchfast.com"
"224","Desoftware","https://clutch.co/profile/desoftware","https://desoftware.mx/","hola@desoftware.mx"
"225","morelife LONDON","https://clutch.co/profile/morelife-london","http://www.morelifelondon.net/","info@morelifelondon.net"
"226","Aliamex","https://clutch.co/profile/aliamex","http://www.aliamex.com","corporativo@aliamex.com"
"227","Sunline","https://clutch.co/profile/sunline","http://www.sunline-i.com/","cs@sunline.cnNA"
"228","Liveware","https://clutch.co/profile/liveware","http://www.liveware.com.ar/","contacto@liveware.com"
"229","Provisions Group","https://clutch.co/profile/provisions-group","http://provisionsgroup.com/","info@provisionsgroup.com"
"230","sourcestream","https://clutch.co/profile/sourcestream","http://sourcestream.de/en","info@sourcestream.de"
"231","CACIOPEE","https://clutch.co/profile/caciopee","http://www.caciopee.com","contact@caciopee.com"
"232","CASKY eTech Co.,Ltd.","https://clutch.co/profile/casky-etech-coltd","http://www.casky.com.cn/en/","sales6@admin.casky.com.cnNA"
"233","Hexa Sistemas","https://clutch.co/profile/hexa-sistemas","https://www.hexa.com.uy/","hexa@hexa.com.uy"
"234","KG Labs Public Foundation","https://clutch.co/profile/kg-labs-public-foundation","https://kglabs.org/","ok@kglabs.orgNA"
"235","Hesketh.com","https://clutch.co/profile/heskethcom","http://www.hesketh.net/","contact@switchfast.com"
"236","SECURE SOFT CORPORATION","https://clutch.co/profile/secure-soft-corporation","https://www.securesoftcorp.com/","informes@securesoftcorp.com"
"237","Agelix Consulting","https://clutch.co/profile/agelix-consulting","https://www.agelixconsulting.com/","info@agelixconsulting.com"
"238","Rumble Fish Blockchain Development","https://clutch.co/profile/rumble-fish-blockchain-development","https://www.rumblefishdev.com/","hello@rumblefishdev.comNA"
"239","Open Pascal","https://clutch.co/profile/open-pascal","http://opascal.com/","info@opascal.com"
"240","SMX Services & Consulting","https://clutch.co/profile/smx-services-consulting","http://smxusa.com/","contact@switchfast.com"
"241","Trimix","https://clutch.co/profile/trimix","http://www.trimix.com.ar/","info@trimix.com.arNA"
"242","Continuity Studios","https://clutch.co/profile/continuity-studios","http://continuitystudios.co.uk/","info@continuitystudios.co.ukNA"
"243","Toexa Inc.","https://clutch.co/profile/toexa","http://www.toexa.com","sales@toexa.comNA"
"244","SoftLink Systems Limited","https://clutch.co/profile/softlink-systems","https://www.softlinksystemsltd.com/","info@softlinksystemsltd.com"
"245","Milarite","https://clutch.co/profile/milarite","http://www.milarite.com","m.abujubara@milarite.com"
"246","VastyHost","https://clutch.co/profile/vastyhost","http://www.vastyhost.com","support@vastyhost.comNA"
"247","Mercury Studio","https://clutch.co/profile/mercury-studio","http://mercury.team","info@mercury.teamNA"
"248","AYA Group","https://clutch.co/profile/aya-group","http://ayagroup.ru","Aya.Qroup@mail.ru"
"249","Exact Software","https://clutch.co/profile/exact-software","https://exact.co.tz/","info@exact.co.tz"
"250","WildFire Force","https://clutch.co/profile/wildfire-force","https://wildfireforce.com/","sales@wildfireforce.com"
"251","Waqartech Ltd","https://clutch.co/profile/waqartech","http://www.waqartech.com/","contact@switchfast.com"
"252","Synegen, Inc.","https://clutch.co/profile/synegen","http://www.synegen.com/","info@synegen.comNA"
"253","Consu.me","https://clutch.co/profile/consume","http://www.consume.biz/eng.html","jj@consume.biz"
"254","Oployeelabs","https://clutch.co/profile/oployeelabs","http://oployeelabs.com/","info@oployeelabs.com"
"255","Asia ODC Technologies","https://clutch.co/profile/asia-odc-technologies","https://asiaodc.vn/","tan.nguyen@asiaodc.vn"
"256","Exponent Solution Limited","https://clutch.co/profile/exponent-solution","http://www.exponentsolution.com/","info@exponentsolution.comNA"
"257","Thorn Technologies","https://clutch.co/profile/thorn-technologies","https://www.thorntech.com/","info@thorntech.com"
"258","HabileLabs","https://clutch.co/profile/habilelabs","http://www.habilelabs.io/","info@habilelabs.io"
"259","iDeveloper Technologies","https://clutch.co/profile/ideveloper-technologies","http://www.idevelopertechnologies.co.ke","hello@idevelopertechnologies.co.keNA"
"260","Optimistik Infosystems Pvt. Ltd.","https://clutch.co/profile/optimistik-infosystems","http://www.optimistikinfo.com","info@optimistikinfo.com"
"261","Homeland, LLC","https://clutch.co/profile/homeland","http://homelandus.com/","info@HomelandUS.comNA"
"262","Improwised Techhnologies","https://clutch.co/profile/improwised-techhnologies","http://www.improwised.com","sales@improwised.com"
"263","Atech BD","https://clutch.co/profile/atech-bd","https://atechbd.net/","info@atechbd.net"
"264","DataShall Analytics Ltd.","https://clutch.co/profile/datashall-analytics","https://datashall.com/","info@datashall.com"
"265","ISA","https://clutch.co/profile/isa","http://isaportal.com.uy/inicio","contactouy@isaportal.uy"
"266","Techquity Ltd","https://clutch.co/profile/techquity","http://www.techquity.co.uk","hello@techquity.co.uk"
"267","MicroMac Techno Valley Ltd.","https://clutch.co/profile/micromac-techno-valley","https://www.mmtvbd.com/","postmaster@mmtvbd.com"
"268","Megaminds Web & IT Solutions","https://clutch.co/profile/megaminds-web-it-solutions","http://megaminds.co/","megamindscobd@gmail.comNA"
"269","Openkite","https://clutch.co/profile/openkite","http://www.openkite.gr/","info@openkite.gr"
"270","SoftWorks","https://clutch.co/profile/softworks","http://www.softworksbd.com/a","info@softworksbd.comNA"
"271","Merkle","https://clutch.co/profile/merkle","https://www.merkleinc.com/","info@merkleinc.comNA"
"272","EXP Agency","https://clutch.co/profile/exp-agency","http://www.expagency.co.za/","info@expagency.co.za"
"273","Kotter","https://clutch.co/profile/kotter","https://www.kotterinc.com/","info@kotterinc.com"
"274","Zonda Studio","https://clutch.co/profile/zonda-studio","http://zondastudio.com/","rodrigo@zondastudio.com"
"275","Pikateck Sevices","https://clutch.co/profile/pikateck-sevices","http://www.pikateck.com","support@pikateck.comNA"
"276","Pertemps Network Group","https://clutch.co/profile/pertemps-network-group","https://www.pertemps.co.uk/","info@pertemps.co.uk"
"277","VISTASOFT IT","https://clutch.co/profile/vistasoft-it","http://www.vistasoftit.org/","info@vistasoftit.org"
"278","Flowork Engineers","https://clutch.co/profile/flowork-engineers","http://www.flowork.software/","info@floworkengineers.com"
"279","Chakery","https://clutch.co/profile/chakery","http://chakery.com","admin@chakery.com"
"280","Bytes.co","https://clutch.co/profile/bytesco","https://bytes.co/","contact@switchfast.com"
"281","symatic.io","https://clutch.co/profile/symaticio","http://symatic.io","jaroslaw.bankowski@symatic.io"
"282","WinPath IT Services","https://clutch.co/profile/winpath-it-services","https://www.winpathit.com/","enquiry@winpathit.com"
"283","SysOp","https://clutch.co/profile/sysop","https://sysop.com.mx/","info@sysop.com.mxNA"
"284","Fly Digital","https://clutch.co/profile/fly-digital","http://www.flydigital.com.au/","support@flydigital.com.au"
"285","Data Tech City","https://clutch.co/profile/data-tech-city","http://www.datatechcity.com","info@datatechcity.com"
"286","Kobie Marketing","https://clutch.co/profile/kobie-marketing","http://www.kobie.com/","info@kobie.com"
"287","RevelationBd","https://clutch.co/profile/revelationbd","https://www.revelationbd.com/","support@revelationbd.com"
"288","Digital Lumens","https://clutch.co/profile/digital-lumens","http://digitallumens.com","info@digitallumens.com"
"289","Cybrosys Technologies","https://clutch.co/profile/cybrosys-technologies","https://www.cybrosys.com","info@cybrosys.com"
"290","Boost Labs","https://clutch.co/profile/boost-labs","http://www.boostlabs.com/","info@boostlabs.com"
"291","Webhostchile","https://clutch.co/profile/webhostchile","http://www.webhostchile.com","info@webhostchile.comNA"
"292","Peak Technical Staffing","https://clutch.co/profile/peak-technical-staffing","https://www.peaktechnical.com/","Detroit@PeakTechnical.comNA"
"293","V-JET GROUP","https://clutch.co/profile/v-jet-group","https://v-jet.net/","info@v-jet.net"
"294","BTL Brands Ltd","https://clutch.co/profile/btl-brands","http://www.btlbrands.com/","stu@btlbrands.com"
"295","Tezign","https://clutch.co/profile/tezign","https://www.tezign.com/","hi@tezign.com"
"296","IT Consultis","https://clutch.co/profile/it-consultis","https://it-consultis.com/","contact@it-consultis.com"
"297","TechRista Systems Pvt. Ltd.","https://clutch.co/profile/techrista-systems","http://www.techrista.com","sales@techrista.com"
"298","TACTfactory","https://clutch.co/profile/tactfactory","http://www.tactfactory.com/","contact@tactfactory.com"
"299","DecisionPath Consulting","https://clutch.co/profile/decisionpath-consulting","http://www.decisionpath.com","info@decisionpath.com"
"300","DataPlusValue Web Services","https://clutch.co/profile/dataplusvalue-web-services","http://www.dataplusvalue.com","info@dataplusvalue.com"
"301","Connect Managed Services","https://clutch.co/profile/connect-managed-services","http://www.connectmanaged.com/","info@connectmanaged.com"
"302","Vdu - Idee in Pratica","https://clutch.co/profile/vdu-idee-pratica","http://www.vdu.it/it","vdu@vdu.it"
"303","Inova Software","https://clutch.co/profile/inova-software","https://www.inova-software.com/","privacy@inova-software.com"
"304","Intellectyx Inc","https://clutch.co/profile/intellectyx","https://www.intellectyx.com/","intellectyx@gmail.com"
"305","Orfeostory Pte Ltd","https://clutch.co/profile/orfeostory-pte","http://www.orfeostory.com/","sales.sg@orfeostory.com"
"306","Motadata","https://clutch.co/profile/motadata","http://www.motadata.com/","sales@motadata.com"
"307","Develin","https://clutch.co/profile/develin","https://www.develin.co.uk/","contact@develin.co.ukNA"
"308","NM Cabling Solutions","https://clutch.co/profile/nm-cabling-solutions","http://www.nmcabling.co.uk/","sales@nmcabling.co.uk"
"309","NETiKA IT Services","https://clutch.co/profile/netika-it-services","http://its.netika.com/","contact@switchfast.com"
"310","Attoma","https://clutch.co/profile/attoma","http://www.attoma.eu/en/","milano@attoma.eu"
"311","Integrated Media Group","https://clutch.co/profile/integrated-media-group","http://www.growwithimg.com","Sales@growwithimg.com"
"312","EFE Technology","https://clutch.co/profile/efe-technology","http://efe.com.vn/","hello@efe.com.vnNA"
"313","WizBiz Techno solutions","https://clutch.co/profile/wizbiz-techno-solutions","http://www.wizbiztechno.com/","vijay@wizbiztechno.com"
"314","Effect Burson Marsteller","https://clutch.co/profile/effect-burson-marsteller","http://www.effect.com.tr/","effect@effect.com.trNA"
"315","Tyler D. Perez Consulting","https://clutch.co/profile/tyler-d-perez-consulting","https://tylerperez.com","contact@switchfast.com"
"316","Okta Web","https://clutch.co/profile/okta-web","http://oktaweb.net/","info@oktaweb.net"
"317","JMA Information Technology","https://clutch.co/profile/jma-information-technology","http://jmait.com/","contact@jmait.com"
"318","Metadata Technologies","https://clutch.co/profile/metadata-technologies","http://www.metadatacorp.com","sales@metadatacorp.com"
"319","Masterclass Solutions","https://clutch.co/profile/masterclass-solutions","http://www.masterclass.co.ke","info@masterclass.co.keNA"
"320","Client Staffing Solutions, Inc.","https://clutch.co/profile/client-staffing-solutions","http://clientstaffingsolutions.com/index.php","contact@switchfast.com"
"321","Intelliarts Ltd.","https://clutch.co/profile/intelliarts","http://intelliarts.com","info@intelliarts.com"
"322","TimbukTech Inc","https://clutch.co/profile/timbuktech","https://www.timbuktech.com/","contact@switchfast.com"
"323","Mashey","https://clutch.co/profile/mashey","https://www.mashey.com/","hello@mashey.comNA"
"324","IDesign Web Solutions","https://clutch.co/profile/idesign-web-solutions","http://www.idesignwebsolutions.ca/","jhatfield@idesignwebsolutions.ca"
"325","Caduceus","https://clutch.co/profile/caduceus","https://www.caduceusstaffing.com/","contact@switchfast.com"
"326","Latam Digital Marketing","https://clutch.co/profile/latam-digital-marketing","https://www.latamdigitalmarketing.com/","ldm@latamdigitalmarketing.comNA"
"327","Screenlevel Web Solutions","https://clutch.co/profile/screenlevel-web-solutions","https://www.screenlevel.com/","info@screenlevel.comNA"
"328","Bluetel","https://clutch.co/profile/bluetel","https://www.bluetel.co.uk/","hello@bluetel.co.uk"
"329","Agencia MAD","https://clutch.co/profile/agencia-mad","https://www.multinet.cl/","info@multinet.clNA"
"330","Portavoce Public Relations","https://clutch.co/profile/portavoce-public-relations","https://www.portavocepr.com/","carla.vallone@Portavocepr.com"
"331","Dynamisch IT","https://clutch.co/profile/dynamisch-it","http://www.DynamischIT.com/","contact@DynamischIT.com"
"332","Trust Technology Solutions","https://clutch.co/profile/trust-technology-solutions","http://www.trustechs.com/","helpdesk@trustechs.com"
"333","Resolute Technologies","https://clutch.co/profile/resolute-technologies","http://www.resolutetech.com/","info@resolutetech.com"
"334","Aplectrum Solutions Ltd","https://clutch.co/profile/aplectrum-solutions","https://www.aplectrum.com/","info@aplectrum.com"
"335","Kennedy Personnel Services","https://clutch.co/profile/kennedy-personnel-services","http://www.kennedy-services.com/","contact@switchfast.com"
"336","Polymont IT Services","https://clutch.co/profile/polymont-it-services","https://www.polymont-itservices.fr/","info@polymont-itservices.fr"
"337","Wunderman South Africa","https://clutch.co/profile/wunderman-south-africa","https://www.wunderman.co.za/","contact@switchfast.com"
"338","Chatmine Technologies","https://clutch.co/profile/chatmine-technologies","http://chatmine.com","info@chatmine.com"
"339","Rush Tech Solutions","https://clutch.co/profile/rush-tech-solutions","http://www.rushtechsolutions.com/","info@rushtechsolutions.com"
"340","Next Generation Information Technology","https://clutch.co/profile/next-generation-information-technology","http://www.nxgit.com/","info@nxgit.com"
"341","EpiQ","https://clutch.co/profile/epiq","http://epiq.se/","info@epiq.se"
"342","Themaar Consultancy Group","https://clutch.co/profile/themaar-consultancy-group","https://themaar.ae/","info@themaar.aeNA"
"343","DenBe Computer Consulting","https://clutch.co/profile/denbe-computer-consulting","http://www.denbeconsulting.com","sales@denbeconsulting.com"
"344","Endless Technology Solutions","https://clutch.co/profile/endless-technology-solutions","https://endlesstechsolutions.com/","info@endlesstechsolutions.com"
"345","DELTA DIJLH","https://clutch.co/profile/delta-dijlh","https://www.delta.iq/","webmaster@delta.iq"
"346","AlgoLabs Technologies","https://clutch.co/profile/algolabs-technologies","http://www.algolabs.in/","info@algolabs.in"
"347","PiraSys","https://clutch.co/profile/pirasys","https://www.pirasys.net","yousefi@pirasys.com"
"348","Bendigo Marketing","https://clutch.co/profile/bendigo-marketing","https://www.bendigomarketing.com.my/","info@bendigomarketing.com.my"
"349","Edilabs","https://clutch.co/profile/edilabs","http://www.edilabs.uy/","contact@switchfast.com"
"350","Fearless","https://clutch.co/profile/fearless","http://fearless.tech/","'bd@fearless.tech"
"351","SimLabs Inc.","https://clutch.co/profile/simlabs","https://www.sim-labs.com","info@sim-labs.com"
"352","Weniuz","https://clutch.co/profile/weniuz","http://weniuz.com/","contacto@weniuz.com"
"353","The Hare + The Tortoise","https://clutch.co/profile/hare-tortoise","https://www.thehareandthetortoise.com/","enquiries@thehareandthetortoise.com"
"354","EXODUS","https://clutch.co/profile/exodus","http://www.exodus.co.tz/","info@exodus.co.tzNA"
"355","Les Olson Company","https://clutch.co/profile/les-olson-company","http://www.lesolson.com/","info@lesolsoncompany.comNA"
"356",NA,"https://clutch.coNA",NA,"contact@switchfast.com"
