"","name","url","website","clutch_email"
"1","Wildnet Technologies Pvt. Ltd.","https://clutch.co/profile/wildnet-technologies","https://www.wildnettechnologies.com/","clutch@wildnettechnologies.com"
"2","NewCloud Networks","https://clutch.co/profile/newcloud-networks","http://NewCloudNetworks.com","sdiedrich@newcloudnetworks.com"
"3","InsITe Business Solutions, Inc.","https://clutch.co/profile/insite-business-solutions","https://www.trustedinsite.com","tellmemore@trustedinsite.com"
"4","Preemo IT Support","https://clutch.co/profile/preemo-it-support","https://www.preemo.com","info@preemo.com"
"5","InCrys","https://clutch.co/profile/incrys","http://www.incrys.com","adela.sandru@incrys.com"
"6","ITGix","https://clutch.co/profile/itgix","http://itgix.com/","sales@itgix.comNA"
"7","Dressler Consulting","https://clutch.co/profile/dressler-consulting","https://dresslerconsulting.com/","sales@dresslerconsulting.com"
"8","GURUS Solutions","https://clutch.co/profile/gurus-solutions","http://gurussolutions.com","info@gurussolutions.com"
"9","Achieve Internet","https://clutch.co/profile/achieve-internet","http://www.achieveinternet.com","info@achieveinternet.com"
"10","Perfsys","https://clutch.co/profile/perfsys","https://perfsys.com/","info@perfsys.net"
"11","Redpath Consulting Group","https://clutch.co/profile/redpath-consulting-group","http://redpathcg.com","eric_gunderson@redpathcg.com"
"12","IncQuery Labs","https://clutch.co/profile/incquery-labs","https://incquerylabs.com","info@incquerylabs.com"
"13","Alverden Systems LLC","https://clutch.co/profile/alverden-systems","https://www.alverden.com/","info@alverden.com"
"14","alligatortek","https://clutch.co/profile/alligatortek","https://alligatortek.com","lead@alligatortek.comNA"
"15","TEKConn","https://clutch.co/profile/tekconn","http://www.tekconn.com/","sales@tekconn.comNA"
"16","4Thought Marketing","https://clutch.co/profile/4thought-marketing","http://4thoughtmarketing.com/","info@4thoughtmarketing.com"
"17","Strix","https://clutch.co/profile/strix","http://www.strix.net","contact@strix.net"
"18","Logikview Analytics","https://clutch.co/profile/logikview-analytics","http://www.logikview.com","sales@logikview.comNA"
"19","Fayrix","https://clutch.co/profile/fayrix","http://www.fayrix.com/?utm_source=clutch","info@fayrix.comNA"
"20","Groovy The Web Firm","https://clutch.co/profile/groovy-web-firm","http://groovyweb.firm.in","company@groovyweb.firm.in"
"21","Technology Management Concepts","https://clutch.co/profile/technology-management-concepts","https://abouttmc.com/","info@tmc-la.com"
"22","Tuva Interactive","https://clutch.co/profile/tuva-interactive","http://www.tuvainteractive.com","ken@tuvainteractive.com"
"23","Oxagile ","https://clutch.co/profile/oxagile","https://www.oxagile.com/","contact@oxagile.comNA"
"24","HeyPayless","https://clutch.co/profile/heypayless","https://www.heypayless.com/","saurabh@heypayless.com"
"25","Westsols","https://clutch.co/profile/westsols","http://www.westsols.com","marketing@westsols.comNA"
"26","Ideas2IT Technologies ","https://clutch.co/profile/ideas2it-technologies","http://www.ideas2it.com/?utm_source=Clutch&utm_medium=ad&utm_campaign=paid&utm_term=enterprise","contact@ideas2it.com"
"27","DNA325 ","https://clutch.co/profile/dna325","http://dna325.com","team@dna325.com"
"28","DM STAT-1 Consulting","https://clutch.co/profile/dm-stat-1-consulting","http://dmstat1.com","br@dmstat1.com"
"29","Pricewise","https://clutch.co/profile/pricewise","http://pricewise.sk/","office@pricewise.sk"
"30","11th Hour","https://clutch.co/profile/11th-hour","http://www.11thhournow.com","info@11thhournow.com"
"31","Algoscale Technologies, Inc.","https://clutch.co/profile/algoscale-technologies","https://algoscale.com","sales@algoscale.com"
"32","Eastsource","https://clutch.co/profile/eastsource","https://www.eastsource.tech/","info@eastsource.tech"
"33","Kaptcha Softwares","https://clutch.co/profile/kaptcha-softwares","http://kaptchasoftwares.com/","kaptchasoftwares@gmail.comNA"
"34","SoftElegance","https://clutch.co/profile/softelegance","http://www.softelegance.com","imarianova@softelegance.com"
"35","RoughRider Digital Marketing","https://clutch.co/profile/roughrider-digital-marketing","http://www.roughriderdigitalmarketing.com/","info@roughriderdigitalmarketing.comNA"
"36","42 Inc","https://clutch.co/profile/42","http://www.42inc.com/index.php","info@42inc.com"
"37","CITOC","https://clutch.co/profile/citoc","https://www.citoc.com/","info@citoc.com"
"38","Broscorp","https://clutch.co/profile/broscorp","http://broscorp.net/?utm_source=clutch&utm_medium=referral","contact@broscorp.net"
"39","IT Acceleration","https://clutch.co/profile/it-acceleration","http://www.itacceleration.com/","info@itacceleration.comNA"
"40","Christo IT ","https://clutch.co/profile/christo-it","http://www.christoit.com/","info@christoit.comNA"
"41","Baynetwork Inc.","https://clutch.co/profile/baynetwork","http://www.baynetwork.net","inquiry@baynetwork.net"
"42","FixedFeeIT","https://clutch.co/profile/fixedfeeit","http://fixedfeeit.com/","fixedfeeitlarry@gmail.com"
"43","COMPAREX","https://clutch.co/profile/comparex","https://www.comparex-group.com/web/com/comparex.htm","nfo@comparex.com"
"44","CompuSoluciones","https://clutch.co/profile/compusoluciones","https://www.compusoluciones.com/","mercadotecnia@compusoluciones.comNA"
"45","CORE Business Technologies","https://clutch.co/profile/core-business-technologies","https://www.corebt.com/","4core@corebt.com"
"46","Indianmesh Pvt. Ltd.","https://clutch.co/profile/indianmesh","http://www.Indianmesh.com","Contactus@indianmesh.com"
"47","CrucialLogics","https://clutch.co/profile/cruciallogics","http://cruciallogics.com","info@cruciallogics.comNA"
"48","Digital Defense","https://clutch.co/profile/digital-defense","https://www.digitaldefense.com/","support@digitaldefense.comNA"
"49","Canarys Automations Pvt. Ltd.","https://clutch.co/profile/canarys-automations","http://www.ecanarys.com","info@ecanarys.comNA"
"50","Tallega Software","https://clutch.co/profile/tallega-software","http://www.tallega.com","derekg@tallega.com"
"51","Protiviti","https://clutch.co/profile/protiviti","https://www.protiviti.com","clutch@wildnettechnologies.com"
"52","Kimind","https://clutch.co/profile/kimind","http://www.kimind.com/","admin@kimind.com"
"53","CWPS","https://clutch.co/profile/cwps","https://www.cwps.com/","connect@cwps.com"
"54","Trapp Technology","https://clutch.co/profile/trapp-technology","https://trapptechnology.com","sales@trapptechnology.comNA"
"55","Infochola","https://clutch.co/profile/infochola","https://www.infochola.com/","solutions@infochola.com"
"56","Galantis","https://clutch.co/profile/galantis","http://www.galantis.com","rclevenger@galantis.comNA"
"57","Uptime Solutions","https://clutch.co/profile/uptime-solutions","https://www.uptimesolutions.co.uk/","info@uptimesolutions.co.uk"
"58","Geek Squares (Out of Business)","https://clutch.co/profile/geek-squares-out-business","https://www.geeksquares.com","support@geeksquares.com"
"59","ACCi ~ American Computer Consultants, Inc.","https://clutch.co/profile/acci-american-computer-consultants","https://acci.business.site","info@acci.com"
"60","AKITO","https://clutch.co/profile/akito","http://www.akito.it","marketing@akito.it"
"61","Summit Group Software","https://clutch.co/profile/summit-group-software","http://www.summitgroupsoftware.com/","info@summitgroupsoftware.com"
"62","CloudMoyo","https://clutch.co/profile/cloudmoyo","http://www.cloudmoyo.com","contact@cloudmoyo.com"
"63","Fieldpoint Service Applications","https://clutch.co/profile/fieldpoint-service-applications","http://www.fieldpoint.net/","Sales@fieldpoint.net"
"64","Enehano Solutions","https://clutch.co/profile/enehano-solutions","https://www.enehano.cz/","info@enehano.czNA"
"65","Aql","https://clutch.co/profile/aql","https://aql.com/","enquiries@uk.aql.comNA"
"66","Sufalam Technologies Pvt Ltd","https://clutch.co/profile/sufalam-technologies","http://www.sufalamtech.com","info@sufalamtech.comNA"
"67","Silicon Plains, LLC","https://clutch.co/profile/silicon-plains","https://www.siliconplains.net","answers@siliconplains.net"
"68","Envision","https://clutch.co/profile/envision","https://www.envisionsuccess.net/","info@envisionsuccess.netNA"
"69","Damovo","https://clutch.co/profile/damovo","https://www.damovo.com/en/","sales.netherlands@damovo.com"
"70","hSo","https://clutch.co/profile/hso","https://www.hso.co.uk/","info@hso.co.uk"
"71","Quest Media & Supplies, Inc.","https://clutch.co/profile/quest-media-supplies","https://www.questsys.com/","PressKit@questsys.com"
"72","New Signature","https://clutch.co/profile/new-signature","https://www.newsignature.co.uk/","hello@newsignature.com"
"73","Multipolar Technology","https://clutch.co/profile/multipolar-technology","http://www.multipolar.com/","center@multipolar.com"
"74","Nodus Technologies","https://clutch.co/profile/nodus-technologies","http://www.nodus.com/","sales@nodus.com"
"75","YJT Solutions","https://clutch.co/profile/yjt-solutions","https://www.yjtsolutions.com/","info@yjtsolutions.comNA"
"76","Infrastructure and Communication Solutions (ICS)","https://clutch.co/profile/infrastructure-communication-solutions-ics","http://icscanhelp.com/","inquiry@icscanhelp.comNA"
"77","ADM computing","https://clutch.co/profile/adm-computing","https://www.adm-computing.co.uk/","sales@adm-computing.co.uk"
"78","BECA, The IT Brain Power Company","https://clutch.co/profile/beca-it-brain-power-company","https://www.becacorp.com/","sales@becacorp.com"
"79","Total Tech IT Support Long Island, Managed IT Services Long Island","https://clutch.co/profile/total-tech-it-support-long-island-managed-it-services-long-island","https://total.us.com/","sales@total.us.comNA"
"80","Oasis Technology","https://clutch.co/profile/oasis-technology","http://www.oasistechnology.com/","info@oasistechnology.com"
"81","123 Reg","https://clutch.co/profile/123-reg","http://www.acenseo.com/","'info@acenseo.comNA"
"82","Business Data Services","https://clutch.co/profile/business-data-services","http://bdsnow.com/","support@bdsnow.com"
"83","SilverBug","https://clutch.co/profile/silverbug","https://www.silverbug.it/","enquiries@silverbug.it"
"84","MetroNet Bangladesh Limited","https://clutch.co/profile/metronet-bangladesh","http://www.metro.net.bd/","marketing@metro.net.bd"
"85","Columbia IT Solutions","https://clutch.co/profile/columbia-it-solutions","https://www.columbiaits.com/","info@columbiaits.comNA"
"86","SCHOGINI Systems Pvt Ltd","https://clutch.co/profile/schogini-systems","http://www.schogini.com","info@schogini.com"
"87","Talsoft TS","https://clutch.co/profile/talsoft-ts","https://www.talsoft.com.ar/site/","consultas@talsoft.com.ar"
"88","weDevs","https://clutch.co/profile/wedevs","https://wedevs.com/","info@wedevs.com"
"89","Datum Datacentres Ltd","https://clutch.co/profile/datum-datacentres","https://www.datum.co.uk/","info@datum.co.ukNA"
"90","TLD Computers","https://clutch.co/profile/tld-computers","http://www.tld.com/","tldhelpdesk@tld.comNA"
"91","CATS Tanzania","https://clutch.co/profile/cats-tanzania","http://www.catsgroup.co.tz/","sales@catsgroup.co.tz"
"92","Business Cloud","https://clutch.co/profile/business-cloud","https://businesscloud.ca/","info@businesscloud.ca"
"93","Strawberry Global Technology","https://clutch.co/profile/strawberry-global-technology","https://www.strawberrygt.com/en/","sales@strawberrygt.comNA"
"94","Carisma","https://clutch.co/profile/carisma","https://www.carisma.net","support@carisma.netNA"
"95","Logic Speak Inc","https://clutch.co/profile/logic-speak","http://www.logicspeak.com/","support@logicspeak.com"
"96","Your Cloud Works Ltd","https://clutch.co/profile/your-cloud-works","https://www.yourcloudworks.com/","info@yourcloudworks.com"
"97","Tenesys","https://clutch.co/profile/tenesys","http://tenesys.io","info@tenesys.pl"
"98","Fantastic IT","https://clutch.co/profile/fantastic-it","https://fantasticit.com/","hello@fantasticit.com"
"99","B2BGateway","https://clutch.co/profile/b2bgateway","http://www.b2bgateway.net","sales@b2bgateway.net"
"100","Power Computing","https://clutch.co/profile/power-computing","https://www.powercomputinginc.com/","info@powercomputinginc.comNA"
"101","VooServers","https://clutch.co/profile/vooservers","https://www.vooservers.com/","sales@vooservers.comNA"
"102","Utixo ltd","https://clutch.co/profile/utixo","https://www.utixo.eu/","info@utixo.eu"
"103","ACCSA","https://clutch.co/profile/accsa","https://www.arnaldocastro.com.uy","info@arnaldocastro.com.uy"
"104","JustRight Technology","https://clutch.co/profile/justright-technology","http://www.justright.com/","info@justright.com"
"105","Tanisha Systems, Inc","https://clutch.co/profile/tanisha-systems","http://www.tanishasystems.com/index.html","info@tanishasystems.com"
"106","Crusade Computer Solutions Ltd","https://clutch.co/profile/crusade-computer-solutions","http://crusade-cs.co.uk/","info@crusade-cs.co.uk"
"107","Network Resource Technologies","https://clutch.co/profile/network-resource-technologies","http://www.networkresourcetech.com","info@networkresourcetech.com"
"108","Metal Toad","https://clutch.co/profile/metal-toad","https://www.metaltoad.com/","communication@metaltoad.com"
"109","Zdalny Admin","https://clutch.co/profile/zdalny-admin","http://www.zdalnyadmin.com.pl","kontakt@zdalnyadmin.com.pl"
"110","Lochbridge","https://clutch.co/profile/lochbridge","http://lochbridge.com/","info@lochbridge.com'"
"111","Phoenix Business Consulting","https://clutch.co/profile/phoenix-business-consulting","http://www.phoenixteam.com","marketing@phoenixteam.com"
"112","Timeless IT","https://clutch.co/profile/timeless-it","https://www.timelessims.co.uk/","shop@timelesstech.co.uk"
"113","DMC, Inc.","https://clutch.co/profile/dmc","https://www.dmcinfo.com/","sales@dmcinfo.comNA"
"114","Tensoft","https://clutch.co/profile/tensoft","http://www.tensoft.com/","info@tensoft.comNA"
"115","Adroit Infosystem","https://clutch.co/profile/adroit-infosystem","http://www.adroitinfosystem.com","info@adroitinfosystem.com"
"116","Xpanxion","https://clutch.co/profile/xpanxion","https://www.xpanxion.com/","info@xpanxion.com"
"117","Terracom Informatics Ltd","https://clutch.co/profile/terracom-informatics","https://www.terracom.gr/en","info@terracom.gr"
"118","M-Files","https://clutch.co/profile/m-files","http://www.m-files.com/","sales@m-files.com"
"119","Ryan Consulting Group","https://clutch.co/profile/ryan-consulting-group","http://www.consultrcg.com/","sales@consultrcg.com"
"120","Primary Solutions","https://clutch.co/profile/primary-solutions","http://www.primarysolutions.net","info@primarysolutions.net"
"121","Verticomm","https://clutch.co/profile/verticomm","http://www.verticomm.com/","info@verticomm.com"
"122","INCOSA","https://clutch.co/profile/incosa","https://www.incosa.com.uy","info@incosa.com.uy"
"123","Intermedia Software","https://clutch.co/profile/intermedia-software","http://intermediasoftware.com/","americas@intermediasoftware.com"
"124","Cyber Care LLC","https://clutch.co/profile/cyber-care","http://getcybercare.com/","info@getcybercare.comNA"
"125","AET Solutions, Inc.","https://clutch.co/profile/aet-solutions","https://www.aetcorp.com","info@aetcorp.com"
"126","Gateway Digital UK","https://clutch.co/profile/gateway-digital-uk","http://www.gatewaydigital.eu","jack.dunning@gatewaydigitaluk.co"
"127","Toggi Services Limited","https://clutch.co/profile/toggi-services-0","http://www.toggi.services/","info@bg.com.bd"
"128","IMPRES Technology Solutions","https://clutch.co/profile/impres-technology-solutions","http://www.imprestechnology.com/","clutch@wildnettechnologies.com"
"129","IT IN BUSINESS","https://clutch.co/profile/it-business","https://www.itinbusiness.com/","info@itinbusiness.com"
"130","CloudMasonry","https://clutch.co/profile/cloudmasonry","https://cloudmasonry.com/","info@cloudmasonry.com"
"131","Krayma Technical Solutions","https://clutch.co/profile/krayma-technical-solutions","http://www.krayma.com/","info@krayma.com"
"132","1-UP IT Consulting","https://clutch.co/profile/1-it-consulting","http://www.1upitconsulting.com/","sales@1upitconsulting.comNA"
"133","Matsyaa Technology","https://clutch.co/profile/matsyaa-technology","http://matsyaa.com/","suresh@matsyaa.com"
"134","Polarsun Creative","https://clutch.co/profile/polarsun-creative","http://polarsun.co.uk/","info@polarsun.co.uk"
"135","Lavish Technologies","https://clutch.co/profile/lavish-technologies","http://www.lavishtech.com","info@lavishtech.com"
"136","Datagemini.Sierra","https://clutch.co/profile/datageminisierra","http://www.datagemini-sierra.com/","Sales@DATAGEMINI-SIERRA.COM"
"137","Infrasys Group","https://clutch.co/profile/infrasys-group","https://igcalgary.com","marketing@igcalgary.com"
"138","CrowdStrike","https://clutch.co/profile/crowdstrike","https://www.crowdstrike.com/","info@crowdstrike.com"
"139","Logicworks","https://clutch.co/profile/logicworks","https://www.logicworks.com/","sales@logicworks.net"
"140","eSentire","https://clutch.co/profile/esentire","https://www.esentire.com/","hello@esentire.comNA"
"141","floLIVE","https://clutch.co/profile/flolive","https://flolive.net/","info@flolive.netNA"
"142","Blitzm Systems Pty Ltd","https://clutch.co/profile/blitzm-systems-pty","https://www.blitzm.com.au","info@blitzm.com"
"143","Node4","https://clutch.co/profile/node4","https://www.node4.co.uk/","info@node4.co.ukNA"
"144","Prolifics","https://clutch.co/profile/prolifics","http://www.prolifics.com","solutions@prolifics.comNA"
"145","Yonghong Tech","https://clutch.co/profile/yonghong-tech","http://en.yonghongtech.com/","public@yonghongtech.com"
"146","Visibility Software","https://clutch.co/profile/visibility-software","http://www.visibilitysoftware.com/","sales@visibilitysoftware.comNA"
"147","Axoni","https://clutch.co/profile/axoni","https://axoni.com/","contact@axoni.com"
"148","IT Solutions Consulting","https://clutch.co/profile/it-solutions-consulting","http://www.itsolutions-inc.com","info@itsolutions-inc.com"
"149","WINNER","https://clutch.co/profile/winner","http://en.winnerinf.com/","zhangh@winnerinf.com"
"150","Quanam","https://clutch.co/profile/quanam","https://www.quanam.com/","quanam@quanam.com"
"151","Command I.T. Services","https://clutch.co/profile/command-it-services","https://www.commandit.com.au/","support@commandit.com.auNA"
"152","BusinessTech-Company","https://clutch.co/profile/businesstech-company","http://www.businesstech-company.com/en/","info@businesstech-company.com"
"153","Primitive Logic","https://clutch.co/profile/primitive-logic","https://www.primitivelogic.com/","info@primitivelogic.com"
"154","Deviniti","https://clutch.co/profile/deviniti","http://deviniti.com","deviniti@deviniti.com"
"155","Spindox","https://clutch.co/profile/spindox","https://www.spindox.it/en/","info@spindox.it"
"156","OSIS SAC","https://clutch.co/profile/osis-sac","http://www.osisonline.com/","consultas@osisonline.comNA"
"157","EXEControl Global Solutions","https://clutch.co/profile/execontrol-global-solutions","https://execontrol.com/","sales@execontrol.com"
"158","Delve","https://clutch.co/profile/delve","https://delvedeeper.com/","begin@delvepartners.com"
"159","TACT","https://clutch.co/profile/tact","http://www.trendsetterz.co.in","contact@tact.co.in"
"160","Titansoft ","https://clutch.co/profile/titansoft","http://www.titansoft.com","info@titansoft.com.sg"
"161","Oram Corporate Advisors","https://clutch.co/profile/oram-corporate-advisors","http://www.oramboston.com/","info@oramca.com"
"162","Resource Data","https://clutch.co/profile/resource-data","https://www.resourcedata.com/","info@resourcedata.com"
"163","Blue Moon Industries","https://clutch.co/profile/blue-moon-industries","http://www.bluemoonisv.com/","Info@BlueMoonInd.com"
"164","Praesto Consulting","https://clutch.co/profile/praesto-consulting","https://www.praestoconsulting.com/","info@praestoconsulting.comNA"
"165","House of IT","https://clutch.co/profile/house-it","https://houseofit.ph/","info@houseofit.com.phNA"
"166","Datalere","https://clutch.co/profile/datalere","https://datalere.com/","Info@Datalere.comNA"
"167","Tecnikal","https://clutch.co/profile/tecnikal","https://www.tecnikal.net/","support@tecnikal.net"
"168","TP&P Technology","https://clutch.co/profile/tpp-technology","http://www.tpptechnology.com","info@tpptechnology.comNA"
"169","Maroc Cloud","https://clutch.co/profile/maroc-cloud","https://www.maroccloud.ma","hello@maroccloud.maNA"
"170","Systems Integration","https://clutch.co/profile/systems-integration","https://www.sys-int.com/","support@sys-int.com"
"171","ITM Management","https://clutch.co/profile/itm-management","https://www.itm-management.vn/","info@it-management.vn"
"172","EXECUTIVE NETWORK SERVICES INC","https://clutch.co/profile/executive-network-services","http://www.execnets.com/","info@execnets.com"
"173","Microbase Infotech","https://clutch.co/profile/microbase-infotech","http://www.microbaseinfotech.com","touch@microbaseinfotech.com"
"174","Empreus","https://clutch.co/profile/empreus","https://empreusitsupport.com.au/","sales@empreusitsupport.com.auNA"
"175","RIOT","https://clutch.co/profile/riot","http://www.riot.com.br/","contato@riot.com.br"
"176","Platform","https://clutch.co/profile/platform-0","http://www.theitplatform.com","info@theitplatform.com"
"177","Inspyre Design","https://clutch.co/profile/inspyre-design","https://www.inspyredesign.net/","info@inspyredesign.net"
"178","Cuelogic Technologies","https://clutch.co/profile/cuelogic-technologies","https://www.cuelogic.com","info@cuelogic.co.in"
"179","TurnKey Lender","https://clutch.co/profile/turnkey-lender","https://turnkey-lender.com","sales@turnkey-lender.com"
"180","Capita Cyber Security","https://clutch.co/profile/capita-cyber-security","https://www.capitacybersecurity.com/","clutch@wildnettechnologies.com"
"181","MOBITIC CONSULTING","https://clutch.co/profile/mobitic-consulting-0","http://www.mobitic-consulting.com","fdesaunois@mobi-tic.eu"
"182","Integrated Technology Services","https://clutch.co/profile/integrated-technology-services","http://itscares.com","help@itscares.comNA"
"183","Zetaguard","https://clutch.co/profile/zetaguard","https://www.zetaguard.com/","support@zetaguard.com"
"184","Newtyne ","https://clutch.co/profile/newtyne","http://www.newtyne.com/","info@newtyne.com"
"185","Onex Labs LLC","https://clutch.co/profile/onex-labs","http://cluth.onexlabs.io","info@onexlabs.io"
"186","eCom Solutions Inc","https://clutch.co/profile/ecom-solutions","http://www.ecomsolinc.com/","info@ecomsolinc.com"
"187","UNISOFT SYSTEMS LTD","https://clutch.co/profile/unisoft-systems","http://www.uslbd.com/","info@uslbd.com"
"188","Concert Tech Corporation","https://clutch.co/profile/concert-tech-corporation","http://www.concert-tech.com/","support@concert-tech.comNA"
"189","Régens Plc","https://clutch.co/profile/r%C3%A9gens-plc","http://www.regenseurope.com","szarka.andrea@regens.hu"
"190","Cogneto.io","https://clutch.co/profile/cognetoio","http://cogneto.io","hello@cogneto.ioNA"
"191","QStride","https://clutch.co/profile/qstride","http://www.qstride.com/company/","info@qstride.comNA"
"192","BizTech Fusion","https://clutch.co/profile/biztech-fusion","http://www.biztechfusion.com/","solutions@biztechfusion.comNA"
"193","Baltimore Computer Solutions LLC","https://clutch.co/profile/baltimore-computer-solutions","http://baltimorecomputersolutions.net/","brian@baltimorecomputersolutions.net"
"194","RAMMP IT Solutions","https://clutch.co/profile/rammp-it-solutions","http://rammp.com.sg/","info@rammp.com.sg"
"195","Arxan Technologies","https://clutch.co/profile/arxan-technologies","https://www.arxan.com/","info@arxan.com"
"196","Locaweb","https://clutch.co/profile/locaweb","https://www.locaweb.com.br/","ouvidoria@locaweb.com.br"
"197","Oziom Technologies Canada Inc.","https://clutch.co/profile/oziom-technologies-canada","http://www.oziom.ca/","info@oziom.caNA"
"198","Columbus Technologies and Services","https://clutch.co/profile/columbus-technologies-services","http://www.columbususa.com/","clutch@wildnettechnologies.com"
"199","Progmatix Software Services Pvt Ltd","https://clutch.co/profile/progmatix-software-services","http://www.progmatixsoftware.co.in","sales@progmatixsoftware.co.in"
"200","eVestment","https://clutch.co/profile/evestment","https://www.evestment.com/","info@evestment.comNA"
"201","Asiance","https://clutch.co/profile/asiance","https://www.asiance.com/","info@asiance.com"
"202","CapitalPlus Software","https://clutch.co/profile/capitalplus-software","http://capitalplussoftware.com/","info@capitalplussoftware.com"
"203","Sitka Technology Group","https://clutch.co/profile/sitka-technology-group","http://www.sitkatech.com/","info@sitkatech.comNA"
"204","BOC Group","https://clutch.co/profile/boc-group","http://www.boc-group.com/","info@boc-group.com"
"205","IND Corporation","https://clutch.co/profile/ind-corporation","http://www.indcorp.com","leads@indcorp.comNA"
"206","Dot Net","https://clutch.co/profile/dot-net","http://www.dotnet.com.mx/","info@dotnet.com.mx"
"207","Paradigma ","https://clutch.co/profile/paradigma","http://www.paradigma.com.ar/contacto.html","clutch@wildnettechnologies.com"
"208","Zuma Technology","https://clutch.co/profile/zuma-technology","http://zumatech.com","sales@zumatech.comNA"
"209","Enterprise Technology Services","https://clutch.co/profile/enterprise-technology-services","http://www.etechservices.com/","sales@etechservices.com"
"210","Cloud Success","https://clutch.co/profile/cloud-success","http://www.cloudsuccess.com","sales@cloudsuccess.com"
"211","Plan-Net","https://clutch.co/profile/plan-net","https://www.plan-net.co.uk/","info@plan-ne't.co.uk"
"212","Green Cloud Hosting","https://clutch.co/profile/green-cloud-hosting","https://greencloudhosting.co.uk/","info@greencloudhosting.co.uk"
"213","Optisoft","https://clutch.co/profile/optisoft","http://optisoft.gr/","sales@optisoft.gr"
"214","Maestro Technology Services Pvt.Ltd","https://clutch.co/profile/maestro-technology-services-pvtltd","http://www.themaestro.in","arvind@themaestro.in"
"215","Serokell OÜ","https://clutch.co/profile/serokell-o%C3%BC","http://serokell.io","hi@serokell.io"
"216","NexTRet ","https://clutch.co/profile/nextret","http://www.nextret.net/es","nextret@nextret.netNA"
"217","Juran Consultants","https://clutch.co/profile/juran-consultants","https://juranconsultants.com","services@juranconsultants.com"
"218","CenterMine","https://clutch.co/profile/centermine","http://www.centermine.com/","office@centermine.com"
"219","AespaTech","https://clutch.co/profile/aespatech","http://www.aespatech.com/","info@aespatech.com"
"220","IT Resource Center LTD","https://clutch.co/profile/it-resource-center","https://www.itrc.uk","saeed@itrc.uk"
"221","Innova4J","https://clutch.co/profile/innova4j","https://www.innova4j.com/en/","info@innova4j.com"
"222","Cloud Nine Consulting","https://clutch.co/profile/cloud-nine-consulting","http://cloudnine.ie/","clutch@wildnettechnologies.com"
"223","Kalibroida Technology Solutions","https://clutch.co/profile/kalibroida-technology-solutions","https://kalibroida.com/","info@kalibroida.com"
"224","Cybraics","https://clutch.co/profile/cybraics","https://cybraics.com/","careers@cybraics.com"
"225","Bitech Company","https://clutch.co/profile/bitech-company","http://www.bitech.ro/en/","office@bitech.ro"
"226","76 Degrees East","https://clutch.co/profile/76-degrees-east","http://www.76degrees.io","harinath.r@76degrees.io"
"227","Southtech Limited","https://clutch.co/profile/southtech","http://www.southtechgroup.com/","enquiries@southtechlimited.com"
"228","GoVirtualMx","https://clutch.co/profile/govirtualmx","https://www.govirtual.com.mx/","contacto@govirtual.com.mx"
"229","Clarion Consulting ","https://clutch.co/profile/clarion-consulting","http://clarionconsulting.com/","clutch@wildnettechnologies.com"
"230","ARES Security Corporation","https://clutch.co/profile/ares-security-corporation","http://aressecuritycorp.com","contactus@aressecuritycorp.com"
"231","Artistry Labs","https://clutch.co/profile/artistry-labs","https://www.artistrylabs.com/","marketing@artistrylabs.comNA"
"232","QACG","https://clutch.co/profile/qacg","http://www.qacg.com/","info@qacg.com"
"233","SBI Technology","https://clutch.co/profile/sbi-technology","http://sbi-technology.com/sbiseguros/","contacto@sbi-technology.com"
"234","DL Systems","https://clutch.co/profile/dl-systems","https://dlsystemsgt.com/","info@dlsystemsgt.com"
"235","Iconsoft Consulting Group, Inc","https://clutch.co/profile/iconsoft-consulting-group","http://www.iconsoftgroup.com/","info@iconsoftgroup.com"
"236","ITechnology Group","https://clutch.co/profile/itechnology-group","http://www.itechnology-group.com/#Accueil","contact@itechnologrouroup.com"
"237","E-Software","https://clutch.co/profile/e-software","http://www.e-software.com.mx/","nora.saldivar@e-software.com.mxNA"
"238","Periferia IT","https://clutch.co/profile/periferia-it","http://periferiaitgroup.com/","'info@periferia-it.comNA"
"239","Arcturus Security","https://clutch.co/profile/arcturus-security","http://www.arcturussecurity.com","info@arcturussecurity.com"
"240","The Scalers","https://clutch.co/profile/scalers","https://thescalers.com/","sales@thescalers.com"
"241","Ekohe","https://clutch.co/profile/ekohe","https://ekohe.com/offices/paris","paris@ekohe.comNA"
"242","Triops Solutions C.A.","https://clutch.co/profile/triops-solutions-ca","http://www.triops.com.ve/","clutch@wildnettechnologies.com"
"243","Applicature","https://clutch.co/profile/applicature","https://applicature.com/","info@applicature.com"
"244","Sabat","https://clutch.co/profile/sabat","http://www.sabatinformatica.com/","info@sabatinformatica.comNA"
"245","Synic Systems Pvt Ltd","https://clutch.co/profile/synic-systems","http://www.synicsys.com","synicsys@gmail.com"
"246","Dash Data and IT Solutions","https://clutch.co/profile/dash-data-it-solutions","http://www.dash-tech.co","dedic@dash-tech.coNA"
"247","INFINITE UPTIME","https://clutch.co/profile/infinite-uptime","https://infinite-uptime.com/","contact@infinite-uptime.comNA"
"248","Aperture Labs","https://clutch.co/profile/aperture-labs","http://www.aperturelabs.biz/","inquiries@aperturelabs.biz"
"249","Xebia France","https://clutch.co/profile/xebia-france","http://mobile.xebia.fr","clutch@wildnettechnologies.com"
"250","Talents On Tap LLP","https://clutch.co/profile/talents-tap-llp","http://www.talentsontap.com","sales@talentsontap.com"
"251","AZNEO Limited","https://clutch.co/profile/azneo","http://az-neo.com/","'info@az-neo.com"
"252","Jet Creative Ltd","https://clutch.co/profile/jet-creative","http://www.jetcreative.co.uk/","m.kubacki@jetcreative.co.ukNA"
"253","Waqartech Ltd","https://clutch.co/profile/waqartech","http://www.waqartech.com/","clutch@wildnettechnologies.com"
"254","ITIRRA","https://clutch.co/profile/itirra","https://itirra.com","info@itirra.comNA"
"255","Gruppo IT","https://clutch.co/profile/gruppo-it","http://www.gruppoit.com/es/","info@gruppoit.com"
"256","Oployeelabs","https://clutch.co/profile/oployeelabs","http://oployeelabs.com/","info@oployeelabs.com"
"257","HParser","https://clutch.co/profile/hparser","http://www.hparser.com/","mail@demolink.org"
"258","Atomix System Ltd.","https://clutch.co/profile/atomix-system","http://atomixsystem.com/","info@atomixsystem.com"
"259","Bells Design","https://clutch.co/profile/bells-design","http://www.bellsdesign.com/","hello@bellsdesign.com"
"260","Mesa Mobile Thinking","https://clutch.co/profile/mesa-mobile-thinking","http://www.mesainc.com.br/en/#!/home","contato@mesainc.com.brNA"
"261","Reckon Digital","https://clutch.co/profile/reckon-digital","https://reckondigital.com/","info@reckondigital.com"
"262","Karibu","https://clutch.co/profile/karibu","http://karibu.cl/","info@karibu.clNA"
"263","UX Design Collective","https://clutch.co/profile/ux-design-collective","https://www.uxdesigncollective.com/","helheluxdesigncollective.com"
"264","Net Bangla Limited","https://clutch.co/profile/net-bangla","http://netbanglaltd.com/","'mamun@netbanglaltd.com.bdNA"
"265","Cloud502","https://clutch.co/profile/cloud502","https://cloud502.com","server@cloud502.com"
"266","Ligne Infotech","https://clutch.co/profile/ligne-infotech","https://www.ligneinfotech.com/","info@ligneinfotech.comNA"
"267","Dnamic World","https://clutch.co/profile/dnamic-world","http://dnamicworld.com","contact@dnamicworld.com"
"268","devolute","https://clutch.co/profile/devolute","https://www.devolute.org/en","contact@devolute.org"
"269","Doodle Inc.","https://clutch.co/profile/doodle","http://doodlei.net/","info@doodlei.net"
"270","Digimatt Solutions Limited","https://clutch.co/profile/digimatt-solutions","http://www.digimatt.co.ke","info@digimattsolutions.com"
"271","Scalia","https://clutch.co/profile/scalia","http://scalia.es","Contacto@scalia.es"
"272","Soft IT Security","https://clutch.co/profile/soft-it-security","https://softitsecurity.com/","info@softitsecurity.comNA"
"273","Masergy","https://clutch.co/profile/masergy","https://www.masergy.com/","info@masergy.comNA"
"274","Kenmore Design LLC","https://clutch.co/profile/kenmore-design","https://www.kenmoredesign.com","hello@kenmoredesign.co'm"
"275","Garbott","https://clutch.co/profile/garbott","https://www.garbott.co.uk","hello@garbott.co.uk"
"276","Bluebay Systems Limited","https://clutch.co/profile/bluebay-systems","http://www.bluebaysystemsltd.com/","sales@bluebaysys'temsltd.com"
"277","AppJetty","https://clutch.co/profile/appjetty","https://www.appjetty.com/","sales@appjetty.com"
"278","Outreach","https://clutch.co/profile/outreach","https://www.outreach.io/","support@outreach.io"
"279","Elan Telemedia Limited","https://clutch.co/profile/elan-telemedia","http://www.elantelemedia.com","Info@elanTelemedia.comNA"
"280","Cloud Paraguay","https://clutch.co/profile/cloud-paraguay","https://cloudparaguay.co","hola@cloudparaguay.coNA"
"281","Chakery","https://clutch.co/profile/chakery","http://chakery.com","admin@chakery.com"
"282","Q3 Technologies","https://clutch.co/profile/q3-technologies","http://q3tech.com","info@q3tech.com"
"283","KiloBit","https://clutch.co/profile/kilobit","http://www.kilobitit.com/","info@kilobitit.comNA"
"284","NetCom Learning","https://clutch.co/profile/netcom-learning","http://www.netcomlearning.com/","info@netcomlearning.com"
"285","VYROX","https://clutch.co/profile/vyrox","http://software.vyrox.com/","enquiry@vyrox.comNA"
"286","Argo Ventures Digital Ltd | Sitefinity Partner","https://clutch.co/profile/argo-ventures-digital-sitefinity-partner","https://www.argoventuresdigital.com/","hello@argoventuresdigital.com"
"287","Synergy Business Solutions","https://clutch.co/profile/synergy-business-solutions","http://synergybusiness.com","info@synergybusiness.com"
"288","Storagepipe","https://clutch.co/profile/storagepipe","https://storagepipe.com/","clutch@wildnettechnologies.com"
"289","Mondo","https://clutch.co/profile/mondo","https://www.mondo.com/","clutch@wildnettechnologies.com"
"290","501 Commons","https://clutch.co/profile/501-commons","https://www.501commons.org/","info@501commons.org"
"291","2op","https://clutch.co/profile/2op","http://2op.com.br/","agencia@2op.com.brNA"
"292","Peak Technical Staffing","https://clutch.co/profile/peak-technical-staffing","https://www.peaktechnical.com/","Detroit@PeakTechnical.com"
"293","Ariad Partners","https://clutch.co/profile/ariad-partners","https://ariadpartners.com/","BStoltz@AriadPartners.comNA"
"294","SEO experts, llc.","https://clutch.co/profile/seo-experts-1","https://seo-experts.com","lunin@seo-experts.com"
"295","V-JET GROUP","https://clutch.co/profile/v-jet-group","https://v-jet.net/","info@v-jet.net"
"296","Ray Morgan Company ","https://clutch.co/profile/ray-morgan-company","http://www.raymorgan.com","info@raymorgan.com'"
"297","VideoPlusPlus","https://clutch.co/profile/videoplusplus","http://videojj.com/?lng=en","support@videopls.com"
"298","LIDA","https://clutch.co/profile/lida-0","http://london.lida.com/","info@lida.comNA"
"299","RNF Digital Innovation","https://clutch.co/profile/rnf-digital-innovation","http://www.rnfdigital.com","enquiries@rnfdigital.com"
"300","Marketingo Valdymas","https://clutch.co/profile/marketingo-valdymas","http://marketingovaldymas.lt/","vaiva@marketingovaldymas.lt"
"301","RGB Interactive LLC","https://clutch.co/profile/rgb-interactive","http://www.rgbinteractive.com","clutch@wildnettechnologies.com"
"302","Netshield","https://clutch.co/profile/netshield","http://www.netshield.co.uk/","info@netshield.net"
"303","Vdu - Idee in Pratica","https://clutch.co/profile/vdu-idee-pratica","http://www.vdu.it/it","vdu@vdu.itNA"
"304","Squad Digital","https://clutch.co/profile/squad-digital","http://squaddigital.com/","info@squaddigital.com"
"305","centrexIT","https://clutch.co/profile/centrexit","https://centrexit.com/","info@centrexit.comNA"
"306","Heather Holm HolmPage Productions","https://clutch.co/profile/heather-holm-holmpage-productions","http://www.holmpage.com/","heather@holmpage.com"
"307","22nd Century Technologies, Inc.","https://clutch.co/profile/22nd-century-technologies","https://www.tscti.com","itmsp@tscti.com"
"308","Snapcom Srl","https://clutch.co/profile/snapcom-srl","https://www.snapcom.it/","fb@snapcom.it"
"309","Mamsys","https://clutch.co/profile/mamsys","https://www.mamsys.com/","info@mamsys.comNA"
"310","DigiPronto","https://clutch.co/profile/digipronto","http://www.digipronto.com.br/","contato@digipronto.comNA"
"311","DEVTAC","https://clutch.co/profile/devtac","https://www.devtac.asia/","info@devtac.asiaNA"
"312","JDC Group","https://clutch.co/profile/jdc-group","http://www.jdc-group.com/","info@jdc-group.comNA"
"313","W3 Eden Inc.","https://clutch.co/profile/w3-eden","http://w3eden.com/","contact@w3e'den.comNA"
"314","Integrated Media Group","https://clutch.co/profile/integrated-media-group","http://www.growwithimg.com","Sales@growwithimg.com"
"315","EMPSOL SRL","https://clutch.co/profile/empsol-srl","http://www.empsol.it/","info@empsol.itNA"
"316","Commerx","https://clutch.co/profile/commerx","http://www.commerx.ca/","info@commerx.ca"
"317","Protera","https://clutch.co/profile/protera","https://www.protera.com","k.taner@protera.com"
"318","WebiusSoft","https://clutch.co/profile/webiussoft","http://webiussoft.com/","team@webiussoft.comNA"
"319","Nadel Phelan, Inc.","https://clutch.co/profile/nadel-phelan","http://nadelphelan.com/","info@nadelphelan.comNA"
"320","Site-Byte Web Design","https://clutch.co/profile/site-byte-web-design","http://www.site-byte.com/","clutch@wildnettechnologies.com"
"321","Aardvark Computer Solutions, Inc.","https://clutch.co/profile/aardvark-computer-solutions","http://www.aardvarkinc.com/","info@aardvarkinc.com"
"322","Graviton Consulting Services","https://clutch.co/profile/graviton-consulting-services","http://www.gravitonconsulting.com/","info@gravitonconsulting.com"
"323","Keepler","https://clutch.co/profile/keepler","https://keepler.io/","hello@keepler.io"
"324","Pillar","https://clutch.co/profile/pillar","https://pillarstudio.com/","info@pillarstudio.comNA"
"325","Compumatik","https://clutch.co/profile/compumatik","http://www.compumatik.com/","info@compumatik.com"
"326","dk hugbúnaður ehf.","https://clutch.co/profile/dk-hugb%C3%BAna%C3%B0ur-ehf","https://dk.is/","dk@dk.isNA"
"327","CreativeWeb.biz","https://clutch.co/profile/creativewebbiz","https://creativeweb.biz/","info@creativeweb.biz"
"328","Praxis Computing","https://clutch.co/profile/praxis-computing","http://www.praxis.co.za/","info@praxis.co.zaNA"
"329","Deci Digital","https://clutch.co/profile/deci-digital","https://decidigital.com/","info@decidigital.comNA"
"330","IDesign Web Solutions","https://clutch.co/profile/idesign-web-solutions","http://www.idesignwebsolutions.ca/","jhatfield@idesignwebsolutions.ca"
"331","ERP-One Consulting Inc.","https://clutch.co/profile/erp-one-consulting","http://erp-one.com/","info@erp-one.com"
"332","SiteWhere","https://clutch.co/profile/sitewhere","https://www.sitewhere.com/","sales@sitewhere.com"
"333","Qmea","https://clutch.co/profile/qmea","http://qmea.fi/","sales@qmea.fi"
"334","iSystems Ltd","https://clutch.co/profile/isystems","http://www.i-systemsltd.co.uk/","info@i-systemsltd.co.ukNA"
"335","Winer+Bevilacqua, Inc","https://clutch.co/profile/winerbevilacqua","https://www.wb-cpa.com","info@wb-cpa.com"
"336","Grayfox Technologies","https://clutch.co/profile/grayfox-technologies","http://www.grayfox.ae/","contact@grayfox.aeNA"
"337","ARAGO Consulting","https://clutch.co/profile/arago-consulting","https://www.aragoconsulting.eu/en","contact@aragoconsulting.com"
"338","Olafe","https://clutch.co/profile/olafe","https://www.olafe.com/","info@olafe.comNA"
"339","Erdos Technologies","https://clutch.co/profile/erdos-technologies","https://www.erdostechnologies.com","info@erdostechnologies.comNA"
"340","Chatmine Technologies","https://clutch.co/profile/chatmine-technologies","http://chatmine.com","info@chatmine.com"
"341","Bus Stop Group","https://clutch.co/profile/bus-stop-group","http://busstopgroup.co.uk/","clutch@wildnettechnologies.com"
"342","EasyLinkin","https://clutch.co/profile/easylinkin","http://www.easylinkin.net/","contactus@easylinkin.com"
"343","Rush Tech Solutions","https://clutch.co/profile/rush-tech-solutions","http://www.rushtechsolutions.com/","info@rushtechsolutions.com"
"344","Brand PDQ","https://clutch.co/profile/brand-pdq","https://www.brandpdq.com","brandpdq@ipwatch.com"
"345","Ammunition","https://clutch.co/profile/ammunition-0","http://ammunition.agency/","letstalk@ammunition.agencyNA"
"346","DELTA DIJLH","https://clutch.co/profile/delta-dijlh","https://www.delta.iq/","webmaster@delta.iq"
"347","Sunnah software","https://clutch.co/profile/sunnah-software","http://sunnahsoftware.com/","info@sunnahsoftware.com"
"348","C3 Insight Group Inc.","https://clutch.co/profile/c3-insight-group","http://c3-inc.com","info@c3-inc.com"
"349","Arisen Web Solutions LLC","https://clutch.co/profile/arisen-web-solutions","http://www.arisenws.com","clutch@wildnettechnologies.com"
"350","Prologics SAS","https://clutch.co/profile/prologics-sas","https://clutch.co/www.prologics.co/%E2%80%8E","proyectos@prologics.coNA"
"351","MOUSE POTATO","https://clutch.co/profile/mouse-potato","https://www.mousepotato.ca/","clutch@wildnettechnologies.com"
"352","Freya Systems","https://clutch.co/profile/freya-systems","http://freyasystems.net/","clutch@wildnettechnologies.com"
"353","Blackchalk IT Services","https://clutch.co/profile/blackchalk-it-services","http://blackchalk.sg","sales@blackchalk.sg"
"354","MovingBI","https://clutch.co/profile/movingbi","http://www.movingbi.com.ar/","ncoronel@movingbi.com.arNA"
"355","Simba Web Designs","https://clutch.co/profile/simba-web-designs","https://simbadesign.co.tz/","hello@simbadesign.co.tz"
"356","Live IT Support","https://clutch.co/profile/live-it-support","http://www.liveitsupport.co.uk/","kevin@liveitsupport.co.uk"
