"","name","url","website","clutch_email"
"1","UPQODE","https://clutch.co/profile/upqode","https://www.upqode.com/?utm_source=clutch&utm_medium=referral&utm_campaign=it-services","projects@upqode.com"
"2","Caserta","https://clutch.co/profile/caserta","https://caserta.com","hello@caserta.comNA"
"3","Digital Edge Ventures","https://clutch.co/profile/digital-edge-ventures","https://www.digitaledge.net/","sales@digitaledge.net"
"4","Kcloud Technologies","https://clutch.co/profile/kcloud-technologies","http://www.kcloudtechnologies.com/","contact@kcloudtechnologies.com"
"5","RiskIQ","https://clutch.co/profile/riskiq","https://www.riskiq.com/","sales@riskiq.com"
"6","Indusa","https://clutch.co/profile/indusa","http://www.indusa.com","sales@indusa.com"
"7","Impiger Technologies","https://clutch.co/profile/impiger-technologies","http://www.impigertech.com","sales@impigertech.comNA"
"8","PCe Solutions","https://clutch.co/profile/pce-solutions","http://www.pcesolutions.ca","info@pcesolutions.net"
"9","R&D Solutions","https://clutch.co/profile/rd-solutions","https://rnd-solutions.net/","contact@rnd-solutions.net"
"10","ABSYZ","https://clutch.co/profile/absyz","http://www.absyz.com","teamabsyz@absyz.com"
"11","Cube84","https://clutch.co/profile/cube84","http://cube84.com/","info@cube84.com"
"12","Granite Computer Solutions","https://clutch.co/profile/granite-computer-solutions","http://www.gcs-az.com","info@gcs-az.com"
"13","Cinter Unison Networks","https://clutch.co/profile/cinter-unison-networks","https://cinter.net/","info@cinter.net"
"14","PLVision","https://clutch.co/profile/plvision","http://plvision.eu/","contact@plvision.eu"
"15","Spineor Webservices Private Limited","https://clutch.co/profile/spineor-webservices-private","http://www.spineor.com","hr@spineor.com"
"16","Go Nimbly","https://clutch.co/profile/go-nimbly","http://gonimbly.com","sales@gonimbly.com"
"17","Goodman Lantern","https://clutch.co/profile/goodman-lantern","https://www.goodmanlantern.com","hello@goodmanlantern.comNA"
"18","Code Inspiration","https://clutch.co/profile/code-inspiration","https://codeinspiration.pro","info@codeinspiration.pro"
"19","Network Remedy","https://clutch.co/profile/network-remedy","http://www.networkremedy.com/","aaron.mangal@networkremedy.com"
"20","Appsbee Software LLC","https://clutch.co/profile/appsbee-software","http://appsbee.com","sales@appsbee.com"
"21","Joss Technology (Acquired by AIM Software)","https://clutch.co/profile/joss-technology-acquired-aim-software","http://www.josstechnology.com","info@josstechnology.com"
"22","ACE Microtechnology","https://clutch.co/profile/ace-microtechnology","http://www.acemicrotech.com/","info@acemicrotech'.comNA"
"23","Annertech","https://clutch.co/profile/annertech","http://www.annertech.com","hello@annertech.comNA"
"24","Ledgeview Partners","https://clutch.co/profile/ledgeview-partners","https://www.ledgeviewpartners.com/","contactus@ledgeviewpartners.comNA"
"25","Zapro Digital","https://clutch.co/profile/zapro-digital","http://www.zapro.uk","hello@zapro.uk"
"26","Leadium","https://clutch.co/profile/leadium","http://www.leadium.io","hello@leadium.io"
"27","VILMATE","https://clutch.co/profile/vilmate","http://www.vilmate.com","info@vilmate.com"
"28","Black Diamond Solutions","https://clutch.co/profile/black-diamond-solutions","http://blackdiamondsolutions.com/","sales@blackdiamondsolutions.com"
"29","kromeon","https://clutch.co/profile/kromeon","http://kromeon.com","jonathan@kromeon.comNA"
"30","Eryce ","https://clutch.co/profile/eryce","http://eryce.com/","info@eryce.comNA"
"31","WhatArmy","https://clutch.co/profile/whatarmy","http://whatarmy.com","sales@whatarmy.comNA"
"32","Ignitho Technologies","https://clutch.co/profile/ignitho-technologies","http://www.ignitho.com/","sales@in.ignitho.com"
"33","Business Data Miners","https://clutch.co/profile/business-data-miners","http://www.businessdataminers.com","lbookman@businessdataminers.com"
"34","PointerArray","https://clutch.co/profile/pointerarray","https://pointerarray.com/","contact@pointerarray.com"
"35","Aqueity","https://clutch.co/profile/aqueity","http://www.aqueity.com/","sales@aqueity.com"
"36","Securonix","https://clutch.co/profile/securonix","https://www.securonix.com/","info@securonix.com"
"37","NthDimenzion Solutions ","https://clutch.co/profile/nthdimenzion-solutions-private","http://www.nthdimenzion.com","ramprasad_nagaraja@nthdimenzion.com"
"38","High-Tech Systems & Software","https://clutch.co/profile/high-tech-systems-software","http://www.htss.ro","alexandra.stoica@htss.roNA"
"39","Improving","https://clutch.co/profile/improving","http://www.improving.com/","info@improving.com"
"40","Open Systems Technologies, Inc. ","https://clutch.co/profile/open-systems-technologies","http://www.ostusa.com/solutions/enterprise/application-development","info@ostusa.com"
"41","Modus Create","https://clutch.co/profile/modus-create","http://moduscreate.com","contact@moduscreate.com"
"42","Calabria Technology (Out Of Business)","https://clutch.co/profile/calabria-technology-out-business","http://www.calabriatechnology.com","info@calabriatechnology.com"
"43","All Covered","https://clutch.co/profile/all-covered","https://www.allcovered.com/","info@allcovered.com"
"44","Faction Media - Out of Business","https://clutch.co/profile/faction-media-out-business","http://www.factionmedia.com","aaronb@factionmedia.com"
"45","Stability Networks - Ketchum","https://clutch.co/profile/stability-networks-ketchum","https://stabilitynetworks.com/","projects@upqode.com"
"46","SWAT Systems","https://clutch.co/profile/swat-systems","http://www.swatsystems.com/","marketing@swatsystems.comNA"
"47","ABM Integrated Solutions","https://clutch.co/profile/abm-integrated-solutions","http://www.abmis.ca/","projects@upqode.com"
"48","Avalution Consulting","https://clutch.co/profile/avalution-consulting","http://www.avalution.com","sales@avalution.com"
"49","Sunrise Technologies","https://clutch.co/profile/sunrise-technologies","http://www.sunriseconsult.com/","info@sunriseconsult.comNA"
"50","Yellow Objects Solutions Private Limited","https://clutch.co/profile/yellow-objects-solutions-private","http://www.yellowobjects.com","info@yellowobjects.com"
"51","Bytecafe Consulting","https://clutch.co/profile/bytecafe-consulting","http://www.bytecafe.net/","info@bytecafe.net"
"52","Basefarm AS","https://clutch.co/profile/basefarm","https://www.basefarm.com","post@basefarm.comNA"
"53","Key Information Systems","https://clutch.co/profile/key-information-systems","https://www.keyinfo.com/","info@keyinfo.com"
"54","Anblicks","https://clutch.co/profile/anblicks","http://www.anblicks.com/","info@anblicks.comNA"
"55","Riverbank IT Management","https://clutch.co/profile/riverbank-it-management","https://www.riverbank.co.uk/","enquiries@riverbank.co.uk"
"56","eLink Business Innovations","https://clutch.co/profile/elink-business-innovations","http://www.elink.bz","cmatthews@elink.bz"
"57","Software Solutions Group","https://clutch.co/profile/software-solutions-group","http://www.softsolgrp.com/","carol@softsolgrp.com"
"58","4it Inc.","https://clutch.co/profile/4it","https://www.4it-inc.com/","sales@4it-inc.com"
"59","Tresbu Technologies","https://clutch.co/profile/tresbu-technologies","http://tresbu.com/","projects@upqode.com"
"60","Equilibrium IT Solutions","https://clutch.co/profile/equilibrium-it-solutions","http://eqinc.com/","info@EQinc.com"
"61","Keytech","https://clutch.co/profile/keytech","http://www.keytech.co.uk","info@keytech.co.uk"
"62","EYEMAGINE","https://clutch.co/profile/eyemagine","http://www.eyemaginetech.com","sales@eyemaginetech.comNA"
"63","QED National","https://clutch.co/profile/qed-national","http://www.qednational.com/","info@QEDnational.com"
"64","Insight","https://clutch.co/profile/insight","https://www.uk.insight.com/","info@uk.insight.com"
"65","iomart Group","https://clutch.co/profile/iomart-group","https://www.iomart.com/","info@iomart.com"
"66","Redcentric","https://clutch.co/profile/redcentric","http://www.redcentricplc.com/","sayhello@redcentricplc.com"
"67","RedstoneConnect MS","https://clutch.co/profile/redstoneconnect-ms","https://www.redstoneconnectplc.com/","chris.hull@redcplc.com"
"68","Clare Computer Solutions","https://clutch.co/profile/clare-computer-solutions","http://www.clarecomputer.com/","info@clarecomputer.com"
"69","Telkomsigma","https://clutch.co/profile/telkomsigma","http://www.telkomsigma.co.id/","projects@upqode.com"
"70","Taylor Made Computer Solutions","https://clutch.co/profile/taylor-made-computer-solutions","http://www.tmcs.co.uk/","enquiries@tmcs.co.uk"
"71","Seno","https://clutch.co/profile/seno","http://www.seno-ti.com.br/nova-seno/","projects@upqode.com"
"72","Ultima Business Solutions Ltd.","https://clutch.co/profile/ultima-business-solutions","http://www.ultima.com/","enquiries@ultima.com"
"73","Air-IT","https://clutch.co/profile/air-it","https://www.air-it.co.uk/","info@air-it.co.ukNA"
"74","Aspire Technology Solutions Ltd","https://clutch.co/profile/aspire-technology-solutions","http://www.aspirets.com/","info@aspirets.com"
"75","RKON Technologies","https://clutch.co/profile/rkon-technologies","https://www.rkon.com/","solutions@rkon.com"
"76","Castle Computer Services","https://clutch.co/profile/castle-computer-services","https://www.castle-cs.com/","info@castle-cs.com"
"77","Quartet Service Inc.","https://clutch.co/profile/quartet-service","http://www.quartetservice.com/","talktous@quartetservice.com"
"78","Mariner ","https://clutch.co/profile/mariner","http://marinerpartners.com/","info@marinerpartners.com"
"79","Datrix Ltd","https://clutch.co/profile/datrix","https://www.datrix.co.uk/","sales@datrix.co.uk"
"80","Cxrus ","https://clutch.co/profile/cxrus","http://www.cxrus.com","projects@upqode.com"
"81","Convergence Networks","https://clutch.co/profile/convergence-networks","http://www.convergencenetworks.com/","help@cnwi.net"
"82","KaiZen365 Technology","https://clutch.co/profile/kaizen365-technology","http://www.kaizen365-tech.com","info@kaizen365-tech.comNA"
"83","TechSage Solutions","https://clutch.co/profile/techsage-solutions","https://www.techsagesolutions.com/","info@techsagesolutions.com"
"84","IT Network Consultants, LLC","https://clutch.co/profile/it-network-consultants","https://itnetworkconsultants.com/","projects@upqode.com"
"85","Ascendant Technologies","https://clutch.co/profile/ascendant-technologies","http://ascendant.com.sg/","sales@ascendant.com.sgNA"
"86","Krome Integrated Technologies","https://clutch.co/profile/krome-integrated-technologies","https://www.krome-tech.com","info@krome-tech.com"
"87","MIGSOLV","https://clutch.co/profile/migsolv","https://www.migsolv.com/","enquiries@migsolv.com"
"88","Nuvia","https://clutch.co/profile/nuvia","http://www.nuvia.io","info@nuvia.ioNA"
"89","Synergy Ecuador","https://clutch.co/profile/synergy-ecuador","https://www.synergyecuador.com/","info@synergy'ecuador.com"
"90","Integrity IT","https://clutch.co/profile/integrity-it","http://www.integrityky.com","info@integrityky.com"
"91","ASK","https://clutch.co/profile/ask-0","https://justask.net/","ejacobsen@justask.net"
"92","help4IT Ltd","https://clutch.co/profile/help4it","https://help4it.co.uk/","info@help4it.co.uk"
"93","CloudBudget","https://clutch.co/profile/cloudbudget","http://www.cloudbudget.com","info@cloudbudget.com"
"94","Axon","https://clutch.co/profile/axon","https://www.axon-it.com/","hello@axon-it.com"
"95","Eze Castle Integration","https://clutch.co/profile/eze-castle-integration","https://www.eci.com/","sales@eci.com"
"96","Lexcom Systems Group","https://clutch.co/profile/lexcom-systems-group","http://www.lexcom.ca/","info@lexcom.ca"
"97","Gekko","https://clutch.co/profile/gekko","http://www.gekko.co.uk/","hello@gekko.co.uk"
"98","INSPARK Intelligent Business Solutions","https://clutch.co/profile/inspark-intelligent-business-solutions","http://www.inspark.com","info@inspark.comNA"
"99","Netmon Services","https://clutch.co/profile/netmon-services","http://www.netmonservices.com/","info@netmon.ca"
"100","Alna Intelligence","https://clutch.co/profile/alna-intelligence","http://www.alna.lt/en","info@alna.lt"
"101","GeekTek IT Services","https://clutch.co/profile/geektek-it-services","https://www.geektek.com/","info@geektek.com"
"102","Blue Gulf Technologies","https://clutch.co/profile/blue-gulf-technologies","http://www.bluegulf.com.sg/","sales@bluegulf.com.sgNA"
"103","Teracloud","https://clutch.co/profile/teracloud","https://teracloud.io","info@teracloud.io"
"104","5th Utility IT Services","https://clutch.co/profile/5th-utility-it-services","https://www.5thutility.co.uk/","info@5thutility.co.uk"
"105","Solution Consultants ICT LTD","https://clutch.co/profile/solution-consultants-ict","http://www.solutionconsultants.co.uk/","info@solutionconsultants.co.uk"
"106","Clouds Solutions","https://clutch.co/profile/clouds-solutions","https://clouds.ae/","info@clouds.ae"
"107","MintTec","https://clutch.co/profile/minttec","https://www.minttec.com/","info@minttec.com"
"108","Cegeka","https://clutch.co/profile/cegeka","https://www.cegeka.com/","info@cegeka.com"
"109","Streamline Networks","https://clutch.co/profile/streamline-networks","https://www.streamlinenet.com/","info@streamlinenet.com"
"110","Reliam","https://clutch.co/profile/reliam","http://www.Reliam.com","sales@reliam.comNA"
"111","Earthnet","https://clutch.co/profile/earthnet","http://www.earthnet.net/","sales@earthnet.netNA"
"112","Good Harbor","https://clutch.co/profile/good-harbor","https://www.goodharbor.net/","contact@goodharbor.net"
"113","CODED TECHNOLOGY","https://clutch.co/profile/coded-technology","http://www.codedtec.com","info@codedgroup.comNA"
"114","Oosha Ltd","https://clutch.co/profile/oosha","https://www.oosha.co.uk/","sales@oosha.co.uk"
"115","eTERA","https://clutch.co/profile/etera","http://www.eteraconsulting.com/","marketing@eteraconsulting.com"
"116","OPUSING LLC","https://clutch.co/profile/opusing","http://opusing.com/","vendormanagement@opusingllc.com"
"117","InfoLink Limited","https://clutch.co/profile/infolink","https://www.infolinkbd.com","info@infolinkbd.comNA"
"118","V. Office","https://clutch.co/profile/v-office","http://www.voffice.com.br/","info@voffice.com.br"
"119","Tech Solutions Now","https://clutch.co/profile/tech-solutions-now","http://www.techsn.com/","support@techsn.comNA"
"120","gc infotech","https://clutch.co/profile/gc-infotech","http://www.gcinfotech.com/","info@gcinfotech.com"
"121","Wunderman Phantasia","https://clutch.co/profile/wunderman-phantasia","http://www.wundermanphantasia.pe/","pault@phantasia.pe"
"122","Sunbridge Software Services Pvt. Ltd.","https://clutch.co/profile/sunbridge-software-services","http://sunbridgeglobal.com","info@sunbridgeindia.com"
"123","Bright Consulting","https://clutch.co/profile/bright-consulting","https://www.bright.consulting/","info@bright.consulting"
"124","Brass Willow","https://clutch.co/profile/brass-willow","http://www.brasswillow.com","contact@brasswillow.com"
"125","IT Business Group Ltd","https://clutch.co/profile/it-business-group","http://itbg.co.uk/index.php?route=common/home","projects@upqode.com"
"126","GiaSpace Inc","https://clutch.co/profile/giaspace","https://www.giaspace.com","Support@Giaspace.comNA"
"127","Missan IT Solutions","https://clutch.co/profile/missan-it-solutions","https://www.missancomputer.com/","info@missancomputer.com"
"128","SINNET","https://clutch.co/profile/sinnet","http://www.sinnet.com.cn/en/","4000988000@sinnet.com.cn"
"129","MachineLogic","https://clutch.co/profile/machinelogic","http://www.machinelogic.com/","info@machineLOGIC.com"
"130","Forum Info-Tech Inc.","https://clutch.co/profile/forum-info-tech","http://www.foruminfotech.net","sales@foruminfotech.net"
"131","Network Coverage","https://clutch.co/profile/network-coverage","https://www.netcov.com/","info@netcov.com"
"132","Chess","https://clutch.co/profile/chess","http://www.chessinc.com/","sales@chessinc.com"
"133","Zenzero","https://clutch.co/profile/zenzero","https://www.zenzero.co.uk/","hello@zenzero.co.uk"
"134","Xcomm","https://clutch.co/profile/xcomm","http://xcomm.co.uk/","support@xcomm.co.uk"
"135","Deep Core Data","https://clutch.co/profile/deep-core-data","http://www.deepcoredata.com","inquiries@deepcoredata.com"
"136","Technical Products and Supply","https://clutch.co/profile/technical-products-supply","https://technicalproduct.com","sales@technicalproduct.com"
"137","eCommera","https://clutch.co/profile/ecommera","https://ecommera.com/","info@ecommera.com"
"138","Aspect","https://clutch.co/profile/aspect","https://www.aspect.com/","contact@aspect.com"
"139","RSM","https://clutch.co/profile/rsm-0","https://rsmus.com/","paul.nockels@rsmus.comNA"
"140","Anexia","https://clutch.co/profile/anexia","https://www.anexia-it.com/en/","bock.sales@anexia-it.org"
"141","Lib13 Inc","https://clutch.co/profile/lib13","http://www.lib13.com","vaibhavb@lib13.com"
"142","Odex Perú","https://clutch.co/profile/odex-per%C3%BA","http://www.odex.com.pe/","hola@odex.com.pe"
"143","Bytes Technology Group","https://clutch.co/profile/bytes-technology-group","http://www.bytes.co.uk/","tellmemore@bytes.co.uk"
"144","Brite Computers","https://clutch.co/profile/brite-computers","http://britecomputers.com/","salesinfo@britecomputers.comNA"
"145","Gfi Informatique","https://clutch.co/profile/gfi-informatique","https://www.gfi.world/en/","cil@gfi.fr"
"146","AlfaPeople","https://clutch.co/profile/alfapeople","http://www.alfapeople.com/","emh@alfapeople.com"
"147","Tirzok Private Limited","https://clutch.co/profile/tirzok-private","http://www.tirzok.com/","info@tirzok.com'"
"148","Rize","https://clutch.co/profile/rize","http://www.rizecorp.com/","projects@upqode.com"
"149","Hanel Software Solutions","https://clutch.co/profile/hanel-software-solutions","http://hanel.com.vn/en/","info@hanel.com.vnNA"
"150","Vedlogic Solutions","https://clutch.co/profile/vedlogic-solutions","http://www.vedlogic.com","sales@vedlogic.com"
"151","UK Datahouse","https://clutch.co/profile/uk-datahouse","https://ukdatahouse.com/","hello@ukdatahouse.com"
"152","Questers","https://clutch.co/profile/questers","https://www.questers.com/","info@questers.com"
"153","Cedro Technologies","https://clutch.co/profile/cedro-technologies","http://www.cedrotech.com/","servicedesk@cedrotech.com"
"154","VectorCloud Ltd","https://clutch.co/profile/vectorcloud","https://www.vectorcloud.co.uk/","info@vectorcloud.co.uk"
"155","Craterzone pvt ltd","https://clutch.co/profile/craterzone","http://www.craterzone.com/dedicated-developers/","contact@craterzone.com"
"156","Computer Solutions","https://clutch.co/profile/computer-solutions","http://www.comsoltx.com/","projects@upqode.com"
"157","KS Network Ltd","https://clutch.co/profile/ks-network","https://ksnetworkbd.com/","ks.network@hotmail.comNA"
"158","Prosol Technologies ","https://clutch.co/profile/prosol-technologies","http://prosol.co.ke","admin@prosol.co.ke"
"159","ITUtility.NET","https://clutch.co/profile/itutilitynet","http://www.itutility.net/","projects@upqode.com"
"160","KBIT Consultants Pty Ltd","https://clutch.co/profile/kbit-consultants-pty","http://www.kbitcon.com.au/","info@kbitcon.com.au"
"161","Shammam Consulting Services, Inc.","https://clutch.co/profile/shammam-consulting-services","http://shammam.com/","sales@shammamconsulting.com"
"162","Gap Consulting","https://clutch.co/profile/gap-consulting","http://www.gapconsulting.co.uk/","info@gapconsulting.co.uk"
"163","Solwit SA","https://clutch.co/profile/solwit-sa","http://www.solwit.com","solwit@solwit.com"
"164","Technowave IT Consultants","https://clutch.co/profile/technowave-it-consultants","http://www.technowave.co.uk/","info@technowave.co.uk"
"165","DUTECH","https://clutch.co/profile/dutech","http://dutech.com/","info@dutech.com"
"166","Hazy","https://clutch.co/profile/hazy","https://hazy.com/","info@hazy.com"
"167","Burgi Technologies","https://clutch.co/profile/burgi-technologies","http://www.burgitech.com","info@burgitech.com"
"168","ASPN Co., Ltd.","https://clutch.co/profile/aspn-co","http://aspn.co.kr/","aspn_support@aspnc.com"
"169","ITPAC Consulting, LLC","https://clutch.co/profile/itpac-consulting","https://itpacconsulting.com","info@itpacconsulting.com"
"170","Design is Dead","https://clutch.co/profile/design-dead","https://www.designisdead.com/","jeroen@designisdead.com"
"171","Minh Tu Telecom","https://clutch.co/profile/minh-tu-telecom","http://mtt.vn/","info@mtt.vn"
"172","Ecomsa Telecommunications","https://clutch.co/profile/ecomsa-telecommunications","http://www.ecomsa.com.pa","ventas@ecomsa.com.p'a"
"173","Sahota IT","https://clutch.co/profile/sahota-it","http://www.sahotait.com","info@sahotait.com"
"174","JDW Technology Corporation","https://clutch.co/profile/jdw-technology-corporation","http://jdwtech.com/jdwconsulting/","jdwtech@jdwtech.com"
"175","Projectfive","https://clutch.co/profile/projectfive","https://www.projectfive.co.uk/","projects@upqode.com"
"176","InteleArc Inc","https://clutch.co/profile/intelearc","https://www.intelearc.com","info@intelearc.com"
"177","Serenic Software","https://clutch.co/profile/serenic-software","http://www.serenic.com/","marketing@serenic.comNA"
"178","Granite Networks","https://clutch.co/profile/granite-networks","https://www.granitenetworks.com/","sales@granitenetworks.com"
"179","Natejsoft","https://clutch.co/profile/natejsoft","https://www.natejsoft.com/","info@natejsoft.comNA"
"180","Centerpoint Direct","https://clutch.co/profile/centerpoint-direct","https://www.centerpointit.com/","info@centerpointit.comNA"
"181","NuWave Technology Partners","https://clutch.co/profile/nuwave-technology-partners","http://www.nuwavepartners.com/","info@nuwavepartners.com"
"182","Zartner Technology","https://clutch.co/profile/zartner-technology","http://www.zartner.co.za/","info@zartner.co.zaNA"
"183","Synergy Interface Ltd.","https://clutch.co/profile/synergy-interface","http://www.synergyinterface.com/","info@synergyinterface.com"
"184","OutRight Systems Pvt Ltd","https://clutch.co/profile/outright-systems","https://outrightsystems.org/","sales@outrightcrm.comNA"
"185","Streamba Ltd","https://clutch.co/profile/streamba","https://www.streamba.net/","getvor@streamba.net"
"186","BMB Solutions","https://clutch.co/profile/bmb-solutions","http://bmbsolutions.com/","help@bmbsolutions.com"
"187","Adamant Sec","https://clutch.co/profile/adamant-sec","https://adamantsec.com","general@adamantsec.comNA"
"188","Orion Informatics Ltd","https://clutch.co/profile/orion-informatics","http://www.orion-informatics.com/","info@onirban.net"
"189","Mencodehard","https://clutch.co/profile/mencodehard","http://mencodehard.dp.ua","contact@mencodehard.dp.ua"
"190","Rapid Web Services","https://clutch.co/profile/rapid-web-services","https://www.rapidws.net/","global@rapidws.netNA"
"191","SR Intelligent Technologies","https://clutch.co/profile/sr-intelligent-technologies","http://srintelligenttechnologies.com/","info@srintelligenttechnologies.com"
"192","EngineRoom.io® ","https://clutch.co/profile/engineroomio%C2%AE","http://www.engineroom.io","sales@engineroom.io"
"193","Grid Group AS","https://clutch.co/profile/grid-group","https://www.gridgroup.ee/en/","info@gridgroup.ee"
"194","Innoria Solution","https://clutch.co/profile/innoria-solution","https://web.innoria.com/","contact@innoria.comNA"
"195","Neusoft Corporation","https://clutch.co/profile/neusoft-corporation","https://www.neusoft.com/","bd@neusoft.com"
"196","Furious Internet","https://clutch.co/profile/furious-internet","http://www.furiousnet.net/","projects@upqode.com"
"197","Endava","https://clutch.co/profile/endava","https://www.endava.com/en","contactus@endava.com"
"198","Datasource Software Ltd","https://clutch.co/profile/datasource-software","https://www.datasource.com.bd/","info@datasource.com.bd"
"199","Bitbar","https://clutch.co/profile/bitbar","https://bitbar.com/","marketing@bitbar.com"
"200","Argus Cyber Security Ltd.","https://clutch.co/profile/argus-cyber-security","https://argus-sec.com/","contact@argus-sec.com"
"201","SPC Companies LLC","https://clutch.co/profile/spc-companies","https://spccompanies.com/","projects@upqode.com"
"202","ObjectStyle","https://clutch.co/profile/objectstyle","https://www.objectstyle.com","info@objectstyle.com"
"203","Athens Technology Center","https://clutch.co/profile/athens-technology-center","https://www.atc.gr/?Page=home","info@atc.gr"
"204","Tinext","https://clutch.co/profile/tinext","https://www.tinext.com/en/","marketing@tinext.com"
"205","New Net Technologies","https://clutch.co/profile/new-net-technologies","https://www.newnettechnologies.com/#configuration-management-intelligent-change-control","USinfo@nntws.com"
"206","BBD","https://clutch.co/profile/bbd","https://www.bbd.co.za/","bbdinfo@bbd.co.za"
"207","Techarex Networks","https://clutch.co/profile/techarex-networks","https://www.techarex.net/","support@techarex.netNA"
"208","Accelerance","https://clutch.co/profile/accelerance","http://Accelerance.com","sales@accelerance.com"
"209","Red Apple Media","https://clutch.co/profile/red-apple-media","http://www.redapplemedia.com/red-apple-media/","info@redapplemedia.com"
"210","Développeur Web","https://clutch.co/profile/d%C3%A9veloppeur-web","https://www.developpeursweb.com/","info@developpeursweb.com"
"211","Complete I.T.","https://clutch.co/profile/complete-it","https://www.complete-it.co.uk/","info@complete-it.co.uk"
"212","Power Solution S.A","https://clutch.co/profile/power-solution-sa","http://powersolution.com.ar/","info@powersolution.com.ar"
"213","Planaxis | Groupaxis","https://clutch.co/profile/planaxis-groupaxis-0","http://planaxis.com/en/","info@planaxis.caNA"
"214","Ricks & Company, LLC","https://clutch.co/profile/ricks-company","https://www.rickscpas.com/","info@rickscpas.com"
"215","CloudsourceIT","https://clutch.co/profile/cloudsourceit","http://cloudsourceit.com/","ventas@cloudsourceit.com"
"216","Spring2 Technologies","https://clutch.co/profile/spring2-technologies","http://www.spring2.com/","sales@spring2.comNA"
"217","Kettydo+","https://clutch.co/profile/kettydo","http://www.kettydo.com/it/index.html","info@kettydo.comNA"
"218","NMR Consulting","https://clutch.co/profile/nmr-consulting","http://www.nmrconsulting.com","info@nmrconsulting.com"
"219","Maven Consulting","https://clutch.co/profile/maven-consulting","http://www.mavenme.com/","anabelle.arellano@mavenme.com"
"220","Setelia","https://clutch.co/profile/setelia","http://www.setelia.com/en/home/","info@setelia.com"
"221","Energize Recruitment Solutions ","https://clutch.co/profile/energize-recruitment-solutions","http://www.energizerecruitment.co.uk/","info@energizerec.comNA"
"222","Audaque Data","https://clutch.co/profile/audaque-data","http://www.audaque.com/","sz@audaque.comNA"
"223","SIP Soluciones Integrales Pyme","https://clutch.co/profile/sip-soluciones-integrales-pyme","https://www.solucionesintegralespyme.com/en_US/","sip@solucionesintegralespyme.com"
"224","Calcun Technlogies","https://clutch.co/profile/calcun-technlogies","https://www.calcun.com/","hello@calcun.comNA"
"225","SetFile","https://clutch.co/profile/setfile","https://setfile.net/","setfile@setfile.netNA"
"226","Clarion Consulting ","https://clutch.co/profile/clarion-consulting","http://clarionconsulting.com/","projects@upqode.com"
"227","Synaptic","https://clutch.co/profile/synaptic","https://www.synaptic.cl/","info@synaptic.cl"
"228","Koza Consulting Group","https://clutch.co/profile/koza-consulting-group","https://www.kozaconsultinggroup.com/","kozaconsultinggroup@gmail.comNA"
"229","BMobile Grupo Scanda ","https://clutch.co/profile/bmobile-grupo-scanda","https://www.bmobile.com.mx/","bmobile@scanda.com.mx"
"230","RESTGroup","https://clutch.co/profile/restgroup","https://restgroup.pl/en/","contact@restgroup.plNA"
"231","GoAhead Solutions","https://clutch.co/profile/goahead-solutions","http://goaheadsolutions.com/default.htm","projects@upqode.com"
"232","ITCA","https://clutch.co/profile/itca","http://itcentroamerica.com/","'comercial@itcentroamerica.com"
"233","BrainUp","https://clutch.co/profile/brainup","http://brainupco.com/","ventas@brainupc'o.com"
"234","Server Group Scanda","https://clutch.co/profile/server-group-scanda","https://www.server.mx/","contacto.server@scanda.com.mx"
"235","Monster Development","https://clutch.co/profile/monster-development","https://monsterdevelopment.com/","sales@monsterdevelopment.com"
"236","Virtualización y Nuevas Tecnologías","https://clutch.co/profile/virtualizaci%C3%B3n-y-nuevas-tecnolog%C3%ADas","http://www.vnt.com.mx/","info@vnt.com.mx"
"237","Southplans","https://clutch.co/profile/southplans","http://www.southplans.com.ar/","info@southplans.com.ar"
"238","Redline Digital Consulting","https://clutch.co/profile/redline-digital-consulting","https://www.redlinehd.com/","josh@redlinehd.com"
"239","SII Group Chile","https://clutch.co/profile/sii-group-chile","http://www.siigroup.cl/","seleccion@cvteam.cl"
"240","Element 84","https://clutch.co/profile/element-84","http://www.element84.com/","info@element84.comNA"
"241","Teleion Consulting","https://clutch.co/profile/teleion-consulting","https://www.teleionconsulting.com/","info@teleionconsulting.com"
"242","Contuitiv Consulting","https://clutch.co/profile/contuitiv-consulting","http://www.contuitiv.com/","info@contuitiv.com"
"243","HI-EX IT SERVICES","https://clutch.co/profile/hi-ex-it-services","http://www.hiex.com.sg/","sales@hiex.com.sg"
"244","Grinn","https://clutch.co/profile/grinn","https://grinn-global.com/","m.zelek@grinn-global.com"
"245","ABC Consulting Torino","https://clutch.co/profile/abc-consulting-torino","https://www.abcconsultingtorino.com/","abc-cons@iol.it"
"246","SSBG - IT Solutions","https://clutch.co/profile/ssbg-it-solutions","http://www.ssbg.com.cn","sales1@ssbg.com.cn"
"247","SwarmOnline Ltd","https://clutch.co/profile/swarmonline","http://swarmonline.com/","info@swarmonline.com"
"248","Xebia France","https://clutch.co/profile/xebia-france","http://mobile.xebia.fr","projects@upqode.com"
"249","X8BIT","https://clutch.co/profile/x8bit","https://x8bit.com/","info@x8bit.comNA"
"250","RSK Business Solutions","https://clutch.co/profile/rsk-business-solutions","https://www.rsk-bsl.com/","marketing@rsk-bsl.comNA"
"251","Josoft Technologies","https://clutch.co/profile/josoft-technologies","http://www.josoftech.com","info@josoftech.com"
"252","Web Services Group","https://clutch.co/profile/web-services-group","http://www.wsg.net/","support@wsg.netNA"
"253","Icetulip","https://clutch.co/profile/icetulip","http://icetulip.com/","info@Icetulip.comNA"
"254","JMC CORPORATION (APJ) PTE. LTD.","https://clutch.co/profile/jmc-corporation-apj-pte","http://www.jmcsg.com/","info@jmcsg.com"
"255","UPDG","https://clutch.co/profile/updg","https://updg.net","info@updg.net"
"256","Stratygo","https://clutch.co/profile/stratygo","http://stratygo.com/","info@stratygo.com"
"257","Karlmax Berlin","https://clutch.co/profile/karlmax-berlin","https://www.karlmax-berlin.com/","info@karlmax-berlin.com"
"258","Smach Solutions","https://clutch.co/profile/smach-solutions","http://www.smachsolutions.com","support@smachsolutions.comNA"
"259","Mesa Mobile Thinking","https://clutch.co/profile/mesa-mobile-thinking","http://www.mesainc.com.br/en/#!/home","contato@mesainc.com.br"
"260","ADDIE Soft Ltd.","https://clutch.co/profile/addie-soft","http://www.addiesoftltd.com/","info@addiesoftltd.com"
"261","Oblivion Solutions Limited","https://clutch.co/profile/oblivion-solutions","https://oblivionsolutions.net/","info@oblivionsolutions.net"
"262","UX Design Collective","https://clutch.co/profile/ux-design-collective","https://www.uxdesigncollective.com/","hello@uxdesigncollective.com"
"263","Techno Dhaka","https://clutch.co/profile/techno-dhaka","http://www.technodhaka.com/","info@technodhaka.comNA"
"264","Iluma Design LLP","https://clutch.co/profile/iluma-design-llp","https://www.iluma.com.sg/","info@iluma.com.sg"
"265","Dynport GmbH","https://clutch.co/profile/dynport-gmbh","http://www.dynport.de/","info@dynport.de"
"266","SovTech","https://clutch.co/profile/sovtech","https://sov.tech","info@sovtech.co.zaNA"
"267","Greenweb","https://clutch.co/profile/greenweb-0","https://www.greenweb.com.bd/","greenweb.com.bd@gmail.com"
"268","Criterionet","https://clutch.co/profile/criterionet","https://criterionet.com/","soporte@criterionet.com"
"269","Ascendant Technologies Incorporated","https://clutch.co/profile/ascendant-technologies-incorporated","https://www.ascendant.com.ph/","info@ascendant.com.phNA"
"270","Pixolabs","https://clutch.co/profile/pixolabs","http://www.pixolabs.com/","hello@pixolabs.comNA"
"271","Raisha Host","https://clutch.co/profile/raisha-host","https://www.raishahost.com/","info@raishahost.comNA"
"272","Fast2host Ltd","https://clutch.co/profile/fast2host","https://www.fast2host.com//","sales@fast2host.com"
"273","Toppan Forms","https://clutch.co/profile/toppan-forms","http://www.toppan-f.co.jp/","projects@upqode.com"
"274","Kinamic","https://clutch.co/profile/kinamic","http://kinamic.com/","hello@kinamic.comNA"
"275","Shahin's Helpline","https://clutch.co/profile/shahins-helpline","http://shahins-helpline.com/","support@shahins-helpline.com"
"276","Zyber","https://clutch.co/profile/zyber","https://www.zyber.co.nz/","support@zyber.co.nzNA"
"277","CSS Corp","https://clutch.co/profile/css-corp","https://solution.csscorp.com","projects@upqode.com"
"278","Amin Design Group","https://clutch.co/profile/amin-design-group","http://amindesign.net/","info@amindesign.net"
"279","Sinai RnD","https://clutch.co/profile/sinai-rnd","http://www.sinai.io","info@sinai.io"
"280","Mnubo","https://clutch.co/profile/mnubo","https://mnubo.com/","info@mnubo.com"
"281","Growth Spikes Technologies","https://clutch.co/profile/growth-spikes-technologies","https://growthspikes.com/","info@growthspikes.com"
"282","Citizen DataTech Software","https://clutch.co/profile/citizen-datatech-software","http://citizendatatech.com","info@citizendatatech.comNA"
"283","Balkan Services","https://clutch.co/profile/balkan-services","https://www.balkanservices.com","info@balkanservices.comNA"
"284","Gummisig","https://clutch.co/profile/gummisig","http://www.gummisig.com/","g@gummisig.com"
"285","Spectreum LTD","https://clutch.co/profile/spectreum","http://www.spectreum.co.nz","hello@spectreum.co.nz"
"286","PPTS Solutions","https://clutch.co/profile/ppts-solutions","http://www.pptssolutions.com","contact@pptssolutions.com"
"287","CreativeHaus","https://clutch.co/profile/creativehaus","https://creativehaus.com/","info@creativehaus.com"
"288","Xsosys Technology","https://clutch.co/profile/xsosys-technology","https://www.xsosys.com/","sales@xsosys.com"
"289","Alexander Group","https://clutch.co/profile/alexander-group","https://www.alexandergroup.com/","projects@upqode.com"
"290","Aegis Data Limited","https://clutch.co/profile/aegis-data","https://www.aegisdata.net/","enquiries@aegisdata.netNA"
"291","Prophecy Unlimited","https://clutch.co/profile/prophecy-unlimited","https://www.prophecyunlimited.com/","hello@prophecyunlimited.com"
"292","AICL Communications Ltd.","https://clutch.co/profile/aicl-communications","https://www.aicl.in","info@aicl.in"
"293","Invisible Ink","https://clutch.co/profile/invisible-ink","https://www.invisibleink.com/","chris@invisibleink.com"
"294","Start VR","https://clutch.co/profile/start-vr","http://startvr.co","sales@startvr.co"
"295","Finatext","https://clutch.co/profile/finatext","https://www.finatext.com/","info@finatext.com"
"296","MEDIAVORE interactif","https://clutch.co/profile/mediavore-interactif","https://www.mediavore.ca/","info@mediavore.ca"
"297","Ray Morgan Company ","https://clutch.co/profile/ray-morgan-company","http://www.raymorgan.com","info@raymorgan.c'omNA"
"298","Neal Analytics","https://clutch.co/profile/neal-analytics","http://www.nealanalytics.com/","davidb@nealanalytics.com"
"299","PC Corp","https://clutch.co/profile/pc-corp","http://www.pccorp.com/","projects@upqode.com"
"300","Blue Star Technology, LLC","https://clutch.co/profile/blue-star-technology","http://www.BlueStarTec.com","projects@upqode.com"
"301","FSO Onsite Outsourcing","https://clutch.co/profile/fso-onsite-outsourcing","https://fso-outsourcing.com/","info@fso-outsourcing.comNA"
"302","Squad Digital","https://clutch.co/profile/squad-digital","http://squaddigital.com/","info@squaddigital.com"
"303","Agencia WF","https://clutch.co/profile/agencia-wf","http://agenciawf.com.br/","comercial@agenciawf.com.brNA"
"304","Eque2 Ltd","https://clutch.co/profile/eque2","https://www.eque2.co.uk/","construction@eque2.comNA"
"305","MS Direct AG","https://clutch.co/profile/ms-direct-ag","https://www.ms-direct.ch/de/","contact@ms-direct.ch"
"306","22nd Century Technologies, Inc.","https://clutch.co/profile/22nd-century-technologies","https://www.tscti.com","itmsp@tscti.com"
"307","Cyient Insights","https://clutch.co/profile/cyient-insights","http://www.cyient-insights.com/","info@cyient-insights.com"
"308","Aplicaciones Dinamicas","https://clutch.co/profile/aplicaciones-dinamicas","https://www.aplicacionesdinamicas.com/","ventas@aplicacionesdinamicas.com"
"309","Dash Creative Branding","https://clutch.co/profile/dash-creative-branding","https://dashcreative.ca/","matthew@dashcreative.caNA"
"310","Swift Staffing","https://clutch.co/profile/swift-staffing","http://swiftstaffing.com/","projects@upqode.com"
"311","Digital nGenuity Consulting Ltd.","https://clutch.co/profile/digital-ngenuity-consulting","http://www.ngenuity.ca/","info@ngenuity.ca"
"312","Eleven Media ","https://clutch.co/profile/eleven-media","http://www.elevenmedia.ma/","contact@elevenmedia.maNA"
"313","Insource Services, Inc","https://clutch.co/profile/insource-services","http://insourceservices.com","insource@insourceservices.com"
"314","SolutionsIT","https://clutch.co/profile/solutionsit","http://www.solutionsit.ca/","info@solutionsit.ca"
"315","GOD","https://clutch.co/profile/god","https://godisruptive.com/","contacto@holagod.comNA"
"316","Telesens","https://clutch.co/profile/telesens","http://www.telesens.co.uk","sales@telesens.co.uk"
"317","DCV JSC","https://clutch.co/profile/dcv-jsc","http://dcv.vn/en/","contact@dcv.vnNA"
"318","AdamsGabbert","https://clutch.co/profile/adamsgabbert","https://adamsgabbert.com/","projects@upqode.com"
"319","Maryland Computer Service Inc.","https://clutch.co/profile/maryland-computer-service","https://www.MarylandComputerService.com","Info@MarylandComputerService.com"
"320","Gibson Consulting Group, LLC","https://clutch.co/profile/gibson-consulting-group","http://www.gibsonconsulting.com","info@gibsonconsulting.com"
"321","Ruths.ai","https://clutch.co/profile/ruthsai","https://ruths.ai/","info@ruths.ai"
"322","Sinersys","https://clutch.co/profile/sinersys","http://sinersystech.com/","antonio.velasco@sinersystech.com"
"323","Connections Romania","https://clutch.co/profile/connections-romania","http://connectionsconsult.ro/","office@connectionsconsult.roNA"
"324","Data Monsters","https://clutch.co/profile/data-monsters","https://datamonsters.com/","projects@upqode.com"
"325","Sweet Spot Academy","https://clutch.co/profile/sweet-spot-academy","http://www.sweetspotacademy.ca/index.asp","info@sweetspotacademy.caNA"
"326","JF Computer System Co., Ltd.","https://clutch.co/profile/jf-computer-system-co","http://www.jfsys.com/_en/","cooperation@jfsys.com"
"327","Ariadne Digital","https://clutch.co/profile/ariadne-digital","http://www.ariadnedigital.it/","info@ariadne.it"
"328","Shoreline Consulting Group, Inc.","https://clutch.co/profile/shoreline-consulting-group","http://shorelineconsulting.ca/","adam@shorelineconsulting.caNA"
"329","The Virtual Edge","https://clutch.co/profile/virtual-edge","https://www.thevirtualedge.com","connect@thevirtualedge.com"
"330","NOORAKD","https://clutch.co/profile/noorakd","http://www.noorakd.com","info@noorakd.comNA"
"331","AVORA","https://clutch.co/profile/avora","https://avora.com/","team@avora.comNA"
"332","DW Software","https://clutch.co/profile/dw-software","https://dwsoftware.mx/","sales@dwsoftware.mx"
"333","MavenMagnet","https://clutch.co/profile/mavenmagnet","http://www.mavenmagnet.com","info@mavenmagnet.com"
"334","Contel","https://clutch.co/profile/contel","http://www.contel.com.mx/","soluciones@contel.com.mx"
"335","All Branding SAS","https://clutch.co/profile/all-branding-sas","https://allbrandingco.com/","comercial@allbrandingco.com"
"336","Winer+Bevilacqua, Inc","https://clutch.co/profile/winerbevilacqua","https://www.wb-cpa.com","info@wb-cpa.comNA"
"337","Bulmen Consultant Group, Inc.","https://clutch.co/profile/bulmen-consultant-group","http://www.bulmenconsultantgroup.com/","info@bulmenconsultantgroup.comNA"
"338","Baifendian - Percent","https://clutch.co/profile/baifendian-percent","http://en.percent.cn/","beijing@percent.cnNA"
"339","Rios Computer Designs","https://clutch.co/profile/rios-computer-designs","https://rcdutah.com/","info@rcdutah.com"
"340","Net2Net IT Solutions","https://clutch.co/profile/net2net-it-solutions","http://www.net2net-it.com/","info@net2net-it.comNA"
"341","WINKAM Lab","https://clutch.co/profile/winkam-lab","https://winkam.com/","algos@winkam.com"
"342","Aleysia","https://clutch.co/profile/aleysia","https://www.aleysia.com/en/","contact@aleysia.com"
"343","TALAS Data Intelligence Inc.","https://clutch.co/profile/talas-data-intelligence","http://www.talas.ph/","customercare@talas.ph"
"344","Visartech Inc.","https://clutch.co/profile/visartech","http://visartech.com","a.udovichenko@visartech.com"
"345","Shamema It Limited","https://clutch.co/profile/shamema-it","http://www.shamemait.com/","shamemaitbd@gmail.com"
"346","RIR Software Solution","https://clutch.co/profile/rir-software-solution","https://www.rir.com.bd/","ridwan001@yahoo.comNA"
"347","Lexart Labs","https://clutch.co/profile/lexart-labs","https://lexartlabs.com/","contacto@lexartlabs.com"
"348","Smart Tree Digital - Marketing Agency","https://clutch.co/profile/smart-tree-digital-marketing-agency","https://smartree.business.site/","josh@smartree.co.ke"
"349","A-listware","https://clutch.co/profile/listware","http://www.a-listware.com","info@a-listware.com"
"350","IBTIKAR for Information Technology","https://clutch.co/profile/ibtikar-information-technology","http://www.ibtikar-iq.com","info@ibtikar-iq.com"
"351","BinMile Technologies Pvt. Ltd.","https://clutch.co/profile/binmile-technologies","http://binmile.com","avanish@binmile.comNA"
"352","TPS Engage","https://clutch.co/profile/tps-engage","https://www.tpsengage.com/","hello@tpsengage.com"
"353","270 Strategies","https://clutch.co/profile/270-strategies","https://270strategies.com/","info@270strategies.com"
"354","CCS Media","https://clutch.co/profile/ccs-media","https://www.ccsmedia.com/","letstalk@ccsmedia.com"
"355","PT NEC Indonesia","https://clutch.co/profile/pt-nec-indonesia","https://id.nec.com/","projects@upqode.com"
"356","Joshua Wilson Consulting","https://clutch.co/profile/joshua-wilson-consulting","https://www.joshuawilsonconsulting.com/","joshua.wilson@joshuawilsonconsulting.com"
