"","name","url","website","clutch_email"
"1","TechMD","https://clutch.co/profile/techmd","http://techmd.com","info@techmd.comNA"
"2","Predica","https://clutch.co/profile/predica","http://www.predica.pl","marketing@predica.pl"
"3","Fencecore IT","https://clutch.co/profile/fencecore-it","http://www.fencecore.com","sales@fencecore.com"
"4","Aptitive","https://clutch.co/profile/aptitive","http://www.aptitive.com","info@aptitive.com"
"5","Natsoft Corporation","https://clutch.co/profile/natsoft-corporation","http://www.natsoft.us","m.spielman@natsoft.us"
"6","Tudip Technologies Pvt. Ltd.","https://clutch.co/profile/tudip-technologies","https://www.tudip.com","biz@tudip.com"
"7","Exigent Technologies","https://clutch.co/profile/exigent-technologies","http://www.exigent.net","contact@exigent.net"
"8","Celedon Partners","https://clutch.co/profile/celedon-partners","http://www.celedonpartners.com","contactus@celedonpartners.com"
"9","4th and Bailey","https://clutch.co/profile/4th-bailey","https://www.4thandbailey.com/","inquiries@4thandbailey.comNA"
"10","SiteRocket Labs","https://clutch.co/profile/siterocket-labs","https://www.siterocket.com","sales@siterocket.com"
"11","Simform","https://clutch.co/profile/simform","http://www.simform.com","bd@simform.com"
"12","Massive Insights Inc.","https://clutch.co/profile/massive-insights","http://massiveinsights.com","info@massiveinsights.com"
"13","Network Elites","https://clutch.co/profile/network-elites","http://www.networkelites.com/","info@networkelites.comNA"
"14","i-systems","https://clutch.co/profile/i-systems","http://www.i-systems.net","info@i-systems.netNA"
"15","DataEngi","https://clutch.co/profile/dataengi","http://dataengi.com/","sales@dataengi.com"
"16","Ageno","https://clutch.co/profile/ageno","http://ageno.pl","info@ageno.plNA"
"17","OPGK Software","https://clutch.co/profile/opgk-software","http://www.opgksoftware.com/","info@opgksoftware.com"
"18","THINKSMART","https://clutch.co/profile/thinksmart","http://thinksmart.no","hello@thinksmart.pl"
"19","RedTag","https://clutch.co/profile/redtag","http://redtag.com.ua/","info@redtag.com.ua"
"20","Veon Consulting Pvt Limited","https://clutch.co/profile/veon-consulting","https://www.veonconsulting.com","contact@veonconsulting.com"
"21","Periscope (Formerly Anthem Marketing Solutions)","https://clutch.co/profile/periscope-formerly-anthem-marketing-solutions","https://www.periscope.com","info@periscope.com"
"22","SENLA, Software Engineering Laboratory","https://clutch.co/profile/senla-software-engineering-laboratory","https://senlainc.com/services/salesforce-development//?utm_campaign=senla_salesforce_clutch&utm_medium=referral&utm_source=clutch","sales@senlainc.comNA"
"23","Treselle Systems","https://clutch.co/profile/treselle-systems","http://www.treselle.com","sales@treselle.comNA"
"24","CloudNesil","https://clutch.co/profile/cloudnesil","https://cloudnesil.com/?utm_source=clutch&utm_medium=referral","lead@cloudnesil.com"
"25","Brightblue Consulting","https://clutch.co/profile/brightblue-consulting","http://brightblueconsulting.co.uk/","info@brightblueconsulting.co.ukNA"
"26","BraveGeeks","https://clutch.co/profile/bravegeeks","https://bravegeeks.team","getthingsdone@bravegeeks.team"
"27","Computer Services Unlimited, Inc. (CSU)","https://clutch.co/profile/computer-services-unlimited-csu","http://www.csu-md.com","info@csu-md.com"
"28","Sangatek","https://clutch.co/profile/sangatek","http://www.sangatek.com","info@sangatek.com"
"29","Municode (Formally Aha Consulting)","https://clutch.co/profile/municode-formally-aha-consulting","https://www.municodeweb.com/","info@techmd.comNA"
"30","Accend Networks","https://clutch.co/profile/accend-networks","https://www.accendnetworks.com/?utm_source=clutch&utm_medium=referral","info@accendnetworks.com"
"31","EvMak Tanzania LTD","https://clutch.co/profile/evmak-tanzania","https://evmak.com/","info@evmak.com"
"32","RobustTechHouse","https://clutch.co/profile/robusttechhouse","http://www.robusttechhouse.com","sales@robusttechhouse.com"
"33","DataRoot Labs","https://clutch.co/profile/dataroot-labs","https://datarootlabs.com/?utm_source=clutch&utm_medium=referral","info@datarootlabs.com"
"34","ApexPriv","https://clutch.co/profile/apexpriv","http://www.spiderguard.io","gdpr@apexpriv.com"
"35","KAMIND","https://clutch.co/profile/kamind","http://www.kamind.com/","info@kamind.comNA"
"36","Akvelon","https://clutch.co/profile/akvelon","http://akvelon.com/","info@akvelon.com"
"37","CompuData","https://clutch.co/profile/compudata","http://www.compudata.com/","info@compudata.com"
"38","Keyrus","https://clutch.co/profile/keyrus","http://www.keyrus.us","sales@keyrus.us"
"39","Crimson","https://clutch.co/profile/crimson","https://www.crimson.co.uk","info@techmd.comNA"
"40","ITSG","https://clutch.co/profile/itsg","http://www.itsgllc.com/","sales@itsgllc.com"
"41","Braintek","https://clutch.co/profile/braintek","https://www.braintek.com/","helpdesk@braintek.comNA"
"42","Red Key Solutions","https://clutch.co/profile/red-key-solutions","http://www.redkeysolutions.com","sales@redkeysolutions.com"
"43","Web Werks Data Centers","https://clutch.co/profile/web-werks-data-centers","https://www.webwerks.in","priti.shetti@webwerks.inNA"
"44","Bulletproof","https://clutch.co/profile/bulletproof-0","https://www.bulletproofsi.com","info@bulletproofsi.com"
"45","Armadillo ","https://clutch.co/profile/armadillo","https://wearearmadillo.com/","hello@wearearmadillo.comNA"
"46","24/7 Networks","https://clutch.co/profile/247-networks","https://247networks.com/","hello@247networks.com"
"47","Comstar Technologies","https://clutch.co/profile/comstar-technologies","http://www.comstar-usa.com/","info@comstar-usa.com"
"48","Emorphis Technology","https://clutch.co/profile/emorphis-technology","https://www.emorphis.com/","sales@emorphis.com"
"49","Kroll","https://clutch.co/profile/kroll","http://www.kroll.com/en-us/default.aspx","info@techmd.comNA"
"50","Eli India","https://clutch.co/profile/eli-india","http://www.eliindia.com/","info@eliindia.comNA"
"51","EGiS Technologies, Inc.","https://clutch.co/profile/egis-technologies","https://www.egistech.com/","info@egistech.comNA"
"52","Yell IT","https://clutch.co/profile/yell-it","https://www.yellit.com.au","contact@yellit.com.au"
"53","DSTA","https://clutch.co/profile/dsta","https://www.dsta.gov.sg","csiewche@dsta.gov.sg"
"54","6Point6","https://clutch.co/profile/6point6","https://www.6point6.co.uk/","enquiries@6point6.co.uk"
"55","Insight Technologies","https://clutch.co/profile/insight-technologies","https://www.greatinsight.com/","info@greatinsight.com"
"56","Grupo Cynthus","https://clutch.co/profile/grupo-cynthus","https://www.cynthus.com.mx/","contacto@cynthus.com.mxNA"
"57","LeapFroggr Inc.","https://clutch.co/profile/leapfroggr","https://www.leapfroggr.com/mobile-app-development-philippines","office@leapfroggr.comNA"
"58","neoRhino IT Solutions","https://clutch.co/profile/neorhino-it-solutions","http://www.neorhino.com","sales@neorhino.com"
"59","TeamDevOps","https://clutch.co/profile/teamdevops","https://teamdevops.net/","business.development@teamdevops.net"
"60","Graycon IT","https://clutch.co/profile/graycon-it","https://www.graycon.com/","contact@graycon.com"
"61","Ripple IT","https://clutch.co/profile/ripple-it","http://rippleit.com/","info@rippleit.com"
"62","Gulf Infotech LLC ","https://clutch.co/profile/gulf-infotech","http://www.gulfinfotech.com","expert@gulfinfotech.com"
"63","Netfast Technology Solutions","https://clutch.co/profile/netfast-technology-solutions","https://www.netfast.com/","sales@netfast.com"
"64","The Bunker - Ultra Secure Hosting","https://clutch.co/profile/bunker-ultra-secure-hosting","https://www.thebunker.net/","info@thebunker.netNA"
"65","Cybereason","https://clutch.co/profile/cybereason","https://www.cybereason.com/","info@cybereason.com"
"66","Planet Technologies","https://clutch.co/profile/planet-technologies","http://www.go-planet.com/","info@go-planet.com"
"67","Brightsolid online technology","https://clutch.co/profile/brightsolid-online-technology","https://www.brightsolid.com/","getintouch@brightsolid.comNA"
"68","Zumzum Limitied","https://clutch.co/profile/zumzum-limitied","https://www.zumzum.co.uk/","info@zumzum.co.uk"
"69","Symbio","https://clutch.co/profile/symbio","http://symbio.com","contact@symbio.comNA"
"70","BAASS","https://clutch.co/profile/baass","http://www.baass.com/","advisors@baass.comNA"
"71","Computer Help LA","https://clutch.co/profile/computer-help-la","https://www.computerhelpla.com/","info@computerhelpla.com"
"72","OCSL","https://clutch.co/profile/ocsl","https://www.ocsl.co.uk/","info@ocsl.co.uk"
"73","CentricsIT","https://clutch.co/profile/centricsit","http://www.centricsit.com/","info@centricsit.com"
"74","Doherty IT Solutions Ltd","https://clutch.co/profile/doherty-it-solutions","https://www.doherty.co.uk/","info@doherty.co.ukNA"
"75","Harbour IT","https://clutch.co/profile/harbour-it","https://www.harbourit.com.au/","enquiries@harbourit.com.auNA"
"76","Company85","https://clutch.co/profile/company85","https://www.company85.com/","info@company85.com"
"77","Nova Networks","https://clutch.co/profile/nova-networks","http://novanetworks.com/","info@novanetworks.comNA"
"78","Resource IT Solutions","https://clutch.co/profile/resource-it-solutions","http://us.resourceit.com/","info@techmd.comNA"
"79","Axess Systems Ltd","https://clutch.co/profile/axess-systems","http://www.axesssystems.co.uk/","sales@AxessSystems.co.uk"
"80","Access Systems, Inc.","https://clutch.co/profile/access-systems","https://www.accesssystems.com/","info@accesssystems.comNA"
"81","GCS Technologies","https://clutch.co/profile/gcs-technologies","https://www.gcstechnologies.com/","info@gcstechnologies.com"
"82","FPA Technology Services Inc. ","https://clutch.co/profile/fpa-technology-services","https://www.fpainc.com","info@fpainc.com"
"83","Estarta Solutions","https://clutch.co/profile/estarta-solutions","http://www.estartasolutions.com/Home.aspx","levant@estartasolutions.comNA"
"84","Ash Creek Enterprises","https://clutch.co/profile/ash-creek-enterprises","https://www.ashcreek.com/","info@ashcreek.com"
"85","Freeway","https://clutch.co/profile/freeway","https://www.freewayconsulting.com/","info@freewayconsulting.comNA"
"86","Jade Global","https://clutch.co/profile/jade-global","http://www.jadeglobal.com/","marketing@jadeglobal.com"
"87","Veber","https://clutch.co/profile/veber","https://www.veber.co.uk/","contactus@veber.co.uk'"
"88","Irvine Consulting Services Inc.","https://clutch.co/profile/irvine-consulting-services","http://www.irvineconsulting.com","moreinfo@irvineconsulting.com"
"89","ClickNetworks","https://clutch.co/profile/clicknetworks","https://www.clicknetworks.co.uk","info@clicknetworks.co.ukNA"
"90","The Network Support Company","https://clutch.co/profile/network-support-company","https://www.network-support.com/","info@network-support.com"
"91","Vantisco S.R.L.S","https://clutch.co/profile/vantisco-srls","http://vantisco.it/","info@vantisco.it"
"92","BlueBridge One","https://clutch.co/profile/bluebridge-one","http://www.bluebridgeone.com/","support@bluebridgeone.com"
"93","AMULET Analytics","https://clutch.co/profile/amulet-analytics","http://www.amuletc.com","daniel@amuletanalytics.com"
"94","Backbone UK","https://clutch.co/profile/backbone-uk","http://www.backbone.uk.com/","enquiries@Backbone.uk.com"
"95","Backup Technology","https://clutch.co/profile/backup-technology","https://www.backup-technology.com/","info@techmd.comNA"
"96","Secure Networks for Small Business, Inc.","https://clutch.co/profile/secure-networks-small-business","http://www.securebiznetworks.com/","info@securebiznetworks.com"
"97","Stellarise","https://clutch.co/profile/stellarise","https://stellarise.com/","enquiries@stellarise.com"
"98","Evoke Technologies","https://clutch.co/profile/evoke-technologies","https://www.evoketechnologies.com/","sales@evoketechnologies.com"
"99","Intuitive Networks, Inc.","https://clutch.co/profile/intuitive-networks","http://inicorp.net/","info@inicorp.net"
"100","codeHB","https://clutch.co/profile/codehb","http://www.codehb.com/","hello@codehb.com"
"101","Convverge Inc.","https://clutch.co/profile/convverge","http://www.convverge.com","sales@convverge.com"
"102","Aspire Software Consultancy","https://clutch.co/profile/aspire-software-consultancy","http://www.aspiresoftwareconsultancy.com/","contact@aspiresoftwareconsultancy.com"
"103","CIO Solutions","https://clutch.co/profile/cio-solutions","https://www.ciosolutions.com/","info@techmd.comNA"
"104","TechVoo","https://clutch.co/profile/techvoo","https://www.TechVoo.com/","info@techvoo.com"
"105","CloudStream","https://clutch.co/profile/cloudstream","http://www.cloudstreamtechnology.com","talk@cloudstreamtechnology.comNA"
"106","ArchIT","https://clutch.co/profile/archit","http://getarchit.com","boris.rapoport@getarchit.com"
"107","Longhurst Consulting","https://clutch.co/profile/longhurst-consulting","http://www.longhurstconsulting.com/","info@longhurstconsulting.com"
"108","SAIC","https://clutch.co/profile/saic","http://www.saic.com","info@saic.comNA"
"109","Source One Business Services, LLC","https://clutch.co/profile/source-one-business-services","http://www.s1services.com/","mail@s1services.com"
"110","Gonona Technologies Limited","https://clutch.co/profile/gonona-technologies","http://www.gonona.net/","info@gonona.net"
"111","Grey Matter Ltd","https://clutch.co/profile/grey-matter","http://www.greymatter.com/","sales@greymatter.com"
"112","Zumasys","https://clutch.co/profile/zumasys","http://www.zumasys.com","info@zumasys.comNA"
"113","Fastrabbit","https://clutch.co/profile/fastrabbit","https://fastrabbit.net/","info@fastrabbit.net"
"114","DYXnet","https://clutch.co/profile/dyxnet","https://www.dyxnet.com/","info@dyxnet.com"
"115","Intility","https://clutch.co/profile/intility","https://www.intility.no","info@intility.no"
"116","BRITENET","https://clutch.co/profile/britenet","http://www.britenet.com.pl/home/","biuro@britenet.com.pl"
"117","M.Tech","https://clutch.co/profile/mtech","https://mtechpro.com/","sales@mtechpro.comNA"
"118","Beijing RayooTech Co., Ltd.","https://clutch.co/profile/beijing-rayootech-co","http://www.rayootech.com/en","suport@rayootech.com"
"119","Network Outsource","https://clutch.co/profile/network-outsource","http://www.networkoutsource.com/","info@networkoutsource.com"
"120","SupportMonk","https://clutch.co/profile/supportmonk","http://supportmonk.com","support@supportmonk.com"
"121","Kimat Grupo Scanda","https://clutch.co/profile/kimat-grupo-scanda","https://www.kimat.mx/","atencion.kimat@scanda.com.mx"
"122","iwerk","https://clutch.co/profile/iwerk","https://www.iwerk.com/","whatsup@iwerk.com"
"123","Scalors GmbH","https://clutch.co/profile/scalors-gmbh","https://scalors.com/","svitlana.arschulik@scalors.com"
"124","Cheval Partners","https://clutch.co/profile/cheval-partners","http://chevalpartners.com/","info@chevalpartners.comNA"
"125","TARC Technology Solutions ","https://clutch.co/profile/tarc-technology-solutions","http://www.tarctechnology.com/","info@tarctechnology.com"
"126","BMB SERVICES","https://clutch.co/profile/bmb-services","http://www.bmb-services.com","info@techmd.comNA"
"127","Vista IT Solutions","https://clutch.co/profile/vista-it-solutions","https://www.vitsusa.com/","info@vitsusa.comNA"
"128","QingCloud","https://clutch.co/profile/qingcloud","https://www.qingcloud.com/","contactus@yunify.com"
"129","EchoStor Technologies","https://clutch.co/profile/echostor-technologies","https://echostor.com/","contact@echostor.comNA"
"130","XSKY Data Technology","https://clutch.co/profile/xsky-data-technology","https://www.xsky.com/en/","contact@xsky.com"
"131","MVP Consulting Plus, Inc.","https://clutch.co/profile/mvp-consulting-plus","https://www.mvpconsultingplus.com/","reqs@mvpconsultingplus.comNA"
"132","NetLabs","https://clutch.co/profile/netlabs","http://www.netlabs.com.uy/","contacto@netlabs.com.uy"
"133","NETK5","https://clutch.co/profile/netk5","https://netk5.com.cn","sales@netk5.com.cnNA"
"134","LOROP GmbH","https://clutch.co/profile/lorop-gmbh","https://www.it-berlin-service.de/","kontakt@lorop.deNA"
"135","Unlocklive IT Limited","https://clutch.co/profile/unlocklive-it","http://www.unlocklive.com/","info@unlocklive.com"
"136","Middlesoft","https://clutch.co/profile/middlesoft","http://www.middlesoft.com.uy/Home/Index","info@middle-soft.comNA"
"137","eUKhost Ltd","https://clutch.co/profile/eukhost","https://www.eukhost.com/","sales@eukhost.comNA"
"138","Egenera","https://clutch.co/profile/egenera","https://www.egenera.com/","info@egenera.comNA"
"139","MicroDreamIT","https://clutch.co/profile/microdreamit","https://www.microdreamit.com/","admin@microdreamit.com"
"140","Netbooster","https://clutch.co/profile/netbooster","http://www.netbooster.com/","info-uk@netbooster.com"
"141","Benipal Technologies","https://clutch.co/profile/benipal-technologies","https://benipaltechnologies.com","info@benipaltechnologies.com"
"142","Digital Software Labs","https://clutch.co/profile/digital-software-labs","http://www.digitalsoftlabs.com/","janardhan@digitalsoftlabs.com"
"143","Adexus","https://clutch.co/profile/adexus","https://www.adexus.com/","marketing@adexus.cl"
"144","Godel","https://clutch.co/profile/godel","http://www.godeltech.com/","hello@godeltech.comNA"
"145","eHosting DataFort","https://clutch.co/profile/ehosting-datafort","http://www.ehdf.com/","info@ehdf.com"
"146","ho1a","https://clutch.co/profile/ho1a","http://www.ho1a.com/","contacto@ho1a.com"
"147","ZenFair Solutions Inc ","https://clutch.co/profile/zenfair-solutions","http://www.zenfair-solutions.com","ravee@zenfair-solutions.comNA"
"148","IT Solutions Consulting","https://clutch.co/profile/it-solutions-consulting","http://www.itsolutions-inc.com","info@itsolutions-inc.comNA"
"149","Lighthouse Computer Services","https://clutch.co/profile/lighthouse-computer-services","https://www.lighthousecs.com/","info@lighthousecs.com"
"150","Techify","https://clutch.co/profile/techify","http://www.techify.ca/","info@techmd.comNA"
"151","Corporate Technologies","https://clutch.co/profile/corporate-technologies","http://www.gocorptech.com/","info@gocorptech.com"
"152","Innovative Communication Systems","https://clutch.co/profile/innovative-communication-systems","https://www.ics-com.net/","information@ics-com.net"
"153","ApacheBooster","https://clutch.co/profile/apachebooster","http://www.apachebooster.com/","support@apachebooster.com"
"154","GoLeadingIT.com","https://clutch.co/profile/goleadingitcom","https://www.goleadingit.com/","support@goleadingit.com"
"155","Eaton & Associates","https://clutch.co/profile/eaton-associates","https://www.eatonassoc.com/","hello@eatonassoc.comNA"
"156","Carvajal Tecnología y Servicios","https://clutch.co/profile/carvajal-tecnolog%C3%ADa-y-servicios","https://www.carvajaltys.com/","mercadeo.carvajal.tys@carvajal.comNA"
"157","Ripjar","https://clutch.co/profile/ripjar","https://ripjar.com/","sales@ripjar.com"
"158","TIKAJ","https://clutch.co/profile/tikaj","https://www.tikaj.com","sales@tikaj.com"
"159","Rational Systems Private Limited","https://clutch.co/profile/rational-systems-private","http://www.rational.co.in","info@rational.co.in"
"160","Finsoft","https://clutch.co/profile/finsoft","http://www.finsoft.it/en/","sales@finsoft.it"
"161","Infoquick Global Connection","https://clutch.co/profile/infoquick-global-connection","http://www.infquick.com/En","info@infquick.com"
"162","Dataphiles Ltd","https://clutch.co/profile/dataphiles","https://www.dataphiles.co.uk/","info@dataphiles.co.uk"
"163","Novedea Systems","https://clutch.co/profile/novedea-systems","http://www.novedea.com/","info@novedea.com"
"164","Newgen Technology Limited","https://clutch.co/profile/newgen-technology","https://newgen-bd.com/","newgen@newgen-bd.com"
"165","MATMAG IT Solutions","https://clutch.co/profile/matmag-it-solutions","https://www.matmag.it/","info@matmag.it"
"166","Orion Integration Group","https://clutch.co/profile/orion-integration-group","https://www.oi-group.com/","info@oi-group.comNA"
"167","360 Cloud Solutions","https://clutch.co/profile/360-cloud-solutions","http://www.360cloudsolutions.com","sales@360CloudSolutions.comNA"
"168","Integra IT","https://clutch.co/profile/integra-it","https://www.integrait.com.mx/","marketing@integrait.com.mx"
"169","Gronteq","https://clutch.co/profile/gronteq","http://gronteq.com/","info@gronteq.com"
"170","Software Group","https://clutch.co/profile/software-group","http://www.softwaregroup.com/","info@softwaregroup-bg.com"
"171","Fibase","https://clutch.co/profile/fibase","https://clutch.co/www.fibase.com/%E2%80%8E","info@fibase.com'"
"172","Science Retail","https://clutch.co/profile/science-retail","http://www.scienceretail.com","info@scienceretail.com"
"173","Finchloom","https://clutch.co/profile/finchloom","https://www.finchloom.com/","info@finchloom.comNA"
"174","DNK Software","https://clutch.co/profile/dnk-software","https://dnksoft.vn/","contact@dnksoft.vnNA"
"175","Clear Measure","https://clutch.co/profile/clear-measure","https://www.clear-measure.com/","info@clear-measure.comNA"
"176","BIRCH COVE Digital GmbH","https://clutch.co/profile/birch-cove-digital-gmbh","https://birchcove.de","kontakt@birchcove.de"
"177","Cincom Systems","https://clutch.co/profile/cincom-systems","http://www.cincom.com/","tnies@cincom.com"
"178","BlueRock Technologies","https://clutch.co/profile/bluerock-technologies","http://www.bluerocktech.com/","info@bluerocktech.com"
"179","Solutech Innovation","https://clutch.co/profile/solutech-innovation","http://solutechinnovation.com/","solutechinnovation@gmail.comNA"
"180","iTech Solutions","https://clutch.co/profile/itech-solutions-0","https://www.itechsolutions.com/","info@itechsolutions.comNA"
"181","Select Technology ","https://clutch.co/profile/select-technology","http://www.itsupport.co.uk/","hello@select-technology.co.uk"
"182","Sami Tech Ltd.","https://clutch.co/profile/sami-tech","https://samitechbd.com/","info@samitechbd.comNA"
"183","SEA-Solutions","https://clutch.co/profile/sea-solutions","http://www.sea-solutions.com/","info@sea-solutions.com"
"184","Codestore Technologies Pvt Ltd","https://clutch.co/profile/codestore-technologies","https://www.codestoresolutions.com","sales@codestoresolutions.comNA"
"185","Kolpolok Limited","https://clutch.co/profile/kolpolok","https://www.kolpolok.com/","info@kolpolok.com"
"186","BackOffice Technology Group","https://clutch.co/profile/backoffice-technology-group","http://www.backofficetg.com/","Info@backofficetg.comNA"
"187","Blu Ltd","https://clutch.co/profile/blu","https://www.blu.ltd/","info@blu.ltd"
"188","Impelling Solutions Ltd","https://clutch.co/profile/impelling-solutions","https://impelling.co.uk/","info@impelling.co.uk"
"189","Venturus","https://clutch.co/profile/venturus","http://www.venturus.org.br/","comunicacao@venturus.org.br"
"190","ShookIOT","https://clutch.co/profile/shookiot","https://www.shookiot.com","sales@shookiot.comNA"
"191","OnRamp Networks","https://clutch.co/profile/onramp-networks","http://www.onrampnetworks.com","sales@onrampnetworks.comNA"
"192","Island Technologies","https://clutch.co/profile/island-technologies","https://www.islandtechnologies.net/","contactus@islandtechnologies.net"
"193","The Isidore Group","https://clutch.co/profile/isidore-group","https://www.isidoregroup.com/","info@techmd.comNA"
"194","Codility","https://clutch.co/profile/codility","https://www.codility.co","khurram@codility.co"
"195","eZ Systems","https://clutch.co/profile/ez-systems","https://ez.no/","info.fr@ez.no"
"196","Tomato Web Limited","https://clutch.co/profile/tomato-web","https://www.tomatoweb.com.bd/","support@tomatoweb.com.bd"
"197","PicNet","https://clutch.co/profile/picnet","https://picnet.com.au/","picnet@picnet.com.au"
"198","SUPERITA, JSC","https://clutch.co/profile/superita-jsc","http://www.superita.lt","info@superita.lt"
"199","Argo Internet","https://clutch.co/profile/argo-internet","http://www.argo.com.br/argo2014/","atendimento@argo.net.br"
"200","Versique","https://clutch.co/profile/versique","https://www.versique.com/","info@versique.com"
"201","BasilByte","https://clutch.co/profile/basilbyte","http://www.basilbyte.com","sales@basilbyte.com"
"202","Lohika","https://clutch.co/profile/lohika","http://www.lohika.com","info@lohika.comNA"
"203","Domino","https://clutch.co/profile/domino","https://www.domino.it/","info@domino.it"
"204","Acumin Consulting","https://clutch.co/profile/acumin-consulting","https://www.acumin.co.uk/","info@acumin.co.uk"
"205","Software Solved","https://clutch.co/profile/software-solved","http://www.softwaresolved.com/","london@softwaresolved.com"
"206","SkyTech","https://clutch.co/profile/skytech","https://www.e-skytech.com/","info@e-skytech.com"
"207","Netservers Ltd.","https://clutch.co/profile/netservers","https://www.netservers.net.uk/","sales@netservers.co.uk"
"208","Qvantel","https://clutch.co/profile/qvantel","https://www.qvantel.com/","sales@qvantel.comNA"
"209","MaktApp","https://clutch.co/profile/maktapp","http://MaktApp.com","info@maktapp.com"
"210","Article 10","https://clutch.co/profile/article-10","https://www.article10.com/","hello@article10.com"
"211","Green Cloud Hosting","https://clutch.co/profile/green-cloud-hosting","https://greencloudhosting.co.uk/","info@greencloudhosting.co.uk"
"212","Yondu, Inc.","https://clutch.co/profile/yondu","https://www.yondu.com/","info@yondu.com"
"213","Callsign","https://clutch.co/profile/callsign","https://www.callsign.com/","support@callsign.com"
"214","Deliveron Consulting Services","https://clutch.co/profile/deliveron-consulting-services","https://www.deliveron.com/","contactus@deliveron.com"
"215","Novanotio","https://clutch.co/profile/novanotio","http://www.novanotio.es/","info@novanotio.es"
"216","Blue Spurs","https://clutch.co/profile/blue-spurs","https://www.bluespurs.com/","info@bluespurs.comNA"
"217","Synapse Wireless, Inc.","https://clutch.co/profile/synapse-wireless","https://synapsewireless.com/","media@synapsewireless.comNA"
"218","Data World","https://clutch.co/profile/data-world","http://www.dataworld.co.za/","info@techmd.comNA"
"219","OMBU","https://clutch.co/profile/ombu","http://ombuweb.com/","martin@ombuweb.com"
"220","Secure Digital Solutions","https://clutch.co/profile/secure-digital-solutions","https://trustsds.com/","info@trustsds.com"
"221","ATI Limited","https://clutch.co/profile/ati","http://atilimited.net/","info@atilimited.net"
"222","IT Consultants Limited","https://clutch.co/profile/it-consultants","https://www.itcbd.com/","info@techmd.comNA"
"223","Netpoleon Solutions Pte Ltd","https://clutch.co/profile/netpoleon-solutions-pte","https://www.netpoleons.com/","info@techmd.comNA"
"224","Palnar Transmedia Pvt Ltd","https://clutch.co/profile/palnar-transmedia","http://www.palnarindia.com","sandip@palnarindia.comNA"
"225","Consultia TI","https://clutch.co/profile/consultia-ti","http://www.consultia.biz/","marketing@consultia.biz"
"226","iWebSource Solutions","https://clutch.co/profile/iwebsource-solutions","https://www.iwebsource.net/","support@iwebsource.net"
"227","Vixtel","https://clutch.co/profile/vixtel","http://www.vixtel.com/","info@vixtel.com"
"228","Z Services ","https://clutch.co/profile/z-services","https://www.zservices-me.com/","careers@zservices-me.com"
"229","76 Degrees East","https://clutch.co/profile/76-degrees-east","http://www.76degrees.io","harinath.r@76degrees.io"
"230","Progton Technologies LLP","https://clutch.co/profile/progton-technologies-llp","http://www.progton.com/","info@progton.com"
"231","KSN Technologies","https://clutch.co/profile/ksn-technologies","http://www.ksntech.com/","info@ksntech.com"
"232","BICS GLOBAL ","https://clutch.co/profile/bics-global","https://bicsglobal.com/","info@bicsglobal.com"
"233","insighti LLC","https://clutch.co/profile/insighti","https://www.insighti.com/us/","info@insighti.comNA"
"234","Xelere","https://clutch.co/profile/xelere","http://xelere.com/","info@xelere.com"
"235","Door4","https://clutch.co/profile/door4","https://door4.com/","hello@door4.com"
"236","E-Software","https://clutch.co/profile/e-software","http://www.e-software.com.mx/","nora.saldivar@e-software.com.mx"
"237","Valkimia","https://clutch.co/profile/valkimia","https://www.valkimia.com/","info@valkimia.com"
"238","Beams IT Solutions","https://clutch.co/profile/beams-it-solutions","https://beamserp.com/","sales@beamserp.com"
"239","Cloud IRIS","https://clutch.co/profile/cloud-iris","https://cloudiris.ae/","info@techmd.comNA"
"240","Document Solutions ","https://clutch.co/profile/document-solutions","http://www.dsbls.com/","sales@dsbls.com"
"241","IMG Networks","https://clutch.co/profile/img-networks","http://www.imgnetworks.com/","info@imgnetworks.com"
"242","CODIC","https://clutch.co/profile/codic","https://www.codicsi.com","info.uy@codicsi.com"
"243","Fortunekit Labs","https://clutch.co/profile/fortunekit-labs","https://fortunekit.com","sales@fortunekit.comNA"
"244","IndigoVerge","https://clutch.co/profile/indigoverge","http://indigoverge.com/","info@indigoverge.com"
"245","Omniteq","https://clutch.co/profile/omniteq","https://omniteq.pl/en/home/","kontakt@omniteq.plNA"
"246","Create Simple inc.","https://clutch.co/profile/create-simple","https://www.createsimple.com/","info@createsimple.com"
"247","Winding River Solutions Inc.","https://clutch.co/profile/winding-river-solutions","https://www.windingriver.ca/home","dawnt@windingriver.caNA"
"248","MOTIFE","https://clutch.co/profile/motife","https://motifedigital.com","contact@motifedigital.com"
"249","Awillix","https://clutch.co/profile/awillix","https://awillix.com/","hello@awillix.comNA"
"250","Cube Hub Inc.","https://clutch.co/profile/cube-hub","https://www.cube-hub.com/","Sales@cube-hub.com"
"251","iWebServices","https://clutch.co/profile/iwebservices","http://www.i-webservices.com","business@i-webservices.com"
"252","Right Information","https://clutch.co/profile/right-information","http://www.rightinformation.com","sales@rightinformation.com"
"253","USBD TECH LTD.","https://clutch.co/profile/usbd-tech","http://www.usbdtech.com/","info@usbdtech.comNA"
"254","Properos Software Development","https://clutch.co/profile/properos-software-development","http://properos.com","info@properos.com"
"255","Evolve IT Consulting","https://clutch.co/profile/evolve-it-consulting","http://www.evolve-consultants.co.uk","enquiries@evolve-consultants.co.ukNA"
"256","WonderBits","https://clutch.co/profile/wonderbits","https://www.wonderbits.net/","hello@wonderbits.net"
"257","Field Buzz (Field Information Solutions GmbH)","https://clutch.co/profile/field-buzz-field-information-solutions-gmbh","https://field.buzz/","founders@field.buzz"
"258","The Majordomo","https://clutch.co/profile/majordomo","http://themajordomo.com/","contact@themajordomo.com"
"259","Kunder","https://clutch.co/profile/kunder","https://www.kunder.cl/","solucion@kunder.cl"
"260","Pixel Actions","https://clutch.co/profile/pixel-actions","http://www.pixelactions.com/","info@pixelactions.com"
"261","Aplios","https://clutch.co/profile/aplios","https://www.aplios.com/","info@aplios.com"
"262","Girishas IT Solutions LLP","https://clutch.co/profile/girishas-it-solutions-llp","http://www.gisllp.com","info@gisllp.com"
"263","Concitus","https://clutch.co/profile/concitus","http://www.concitus.com/","adam.awany@concitus.comNA"
"264","Integrallis","https://clutch.co/profile/integrallis","http://integrallis.com","info@integrallis.com"
"265","Evolucionapp","https://clutch.co/profile/evolucionapp","http://evolucionapp.com/","info@evolucionapp.comNA"
"266","Graphicbox","https://clutch.co/profile/graphicbox","https://graphicbox.pl/en/","p.mierzwa@graphicbox.plNA"
"267","Alchemy Software Limited","https://clutch.co/profile/alchemy-software","https://alchemy-bd.com/","alchemysoftware@yahoo.com"
"268","AD System Asia Co., Ltd.","https://clutch.co/profile/ad-system-asia-co","http://www.adsystemasia.com/","info@adsystemasia.comNA"
"269","Movazi Pardaz","https://clutch.co/profile/movazi-pardaz","http://movazipardaz.ir/","info@techmd.comNA"
"270","WP Agency","https://clutch.co/profile/wp-agency","http://wp-agency.co.uk","hello@wp-agency.co.ukNA"
"271","ALQETAAF Consultancy","https://clutch.co/profile/alqetaaf-consultancy","http://www.alqetaaf.com","info@alqetaaf.com"
"272","Dundas Data","https://clutch.co/profile/dundas-data","http://www.dundas.com/","info@dundas.com"
"273","Anaconda","https://clutch.co/profile/anaconda","https://www.anaconda.com/","info@anaconda.com"
"274","Neap","https://clutch.co/profile/neap","https://neap.co","nic@neap.coNA"
"275","Agileroad IT","https://clutch.co/profile/agileroad-it","https://agileroad.com/","contacto@agileroad.comNA"
"276","NetSupport Limited","https://clutch.co/profile/netsupport","https://www.netsupportsoftware.com/","sales@netsupportsoftware.com"
"277","Freeflow Digital","https://clutch.co/profile/freeflow-digital","http://www.freeflowdigital.com/","info@freeflowdigital.com"
"278","ResoNova International Consulting","https://clutch.co/profile/resonova-international-consulting","https://resonova.com/","info@resonova.com"
"279","SimplyPeople.us","https://clutch.co/profile/simplypeopleus","https://www.simplypeople.us/","jerry@simplypeople.us"
"280","Carmatec","https://clutch.co/profile/carmatec-0","https://qatar.carmatec.com/","info@qatar.carmatec.com"
"281","Mindfork Tech Ltd.","https://clutch.co/profile/mindfork-tech","http://mindfork.tech/","'info@mindfork.tech"
"282","IT SOLUTIONS BD","https://clutch.co/profile/it-solutions-bd","http://itsolutionsbd.net/","itsolutionsbd16@gmail.com"
"283","Genetsis","https://clutch.co/profile/genetsis","http://www.genetsis.com/","info@genetsis.comNA"
"284","ecomsolutions","https://clutch.co/profile/ecomsolutions","https://www.ecomsolutions.co.uk/","sales@ecomsolutions.co.ukNA"
"285","Pioneer It Ltd","https://clutch.co/profile/pioneer-it","http://www.pioneeritltd.com/","info@pioneeritltd.comNA"
"286","Stratix Corporation","https://clutch.co/profile/stratix-corporation","http://www.stratixcorp.com","info@techmd.comNA"
"287","Cloud5 Communications","https://clutch.co/profile/cloud5-communications","https://cloud5.com/","info@cloud5.com"
"288","Daksh Infosoft","https://clutch.co/profile/daksh-infosoft","https://www.dakshinfo.com/france/mobile-app-developer-lille/","info@dakshinfo.comNA"
"289","Digitas Liquorice","https://clutch.co/profile/digitas-liquorice","http://www.liquorice.co.za/","info@techmd.comNA"
"290","Integralware","https://clutch.co/profile/integralware","http://www.integralware.mx/","contacto@integralware.com.mxNA"
"291","Partners Andrews Aldridge","https://clutch.co/profile/partners-andrews-aldridge","http://www.madebypartners.com/","hello@madebypartners.com"
"292","Factmata","https://clutch.co/profile/factmata","https://factmata.com/","info@factmata.com"
"293","InAnalytica","https://clutch.co/profile/inanalytica","http://inanalytica.com/","hello@inanalytica.comNA"
"294","DJA Online Services","https://clutch.co/profile/dja-online-services","https://www.djaonline.co.uk/","info@djaonline.co.uk"
"295","FaberHost Indonesia","https://clutch.co/profile/faberhost-indonesia","https://faberhost.com/","info@faberhost.com"
"296","Terralogic Software Solutions","https://clutch.co/profile/terralogic-software-solutions","http://www.terralogic.com","info@techmd.comNA"
"297","Adept Business Solutions","https://clutch.co/profile/adept-business-solutions","http://adeptsol.com","info@adeptsol.com"
"298","Tower Technologies","https://clutch.co/profile/tower-technologies","http://www.thetowertech.com/","info@thetowertech.com"
"299","Grade A","https://clutch.co/profile/grade","http://www.gradea.ca/","info@gradeA.caNA"
"300","BAB","https://clutch.co/profile/bab","https://www.wearebab.com/es","HOLA@WEAREBAB.COM"
"301","Louisville Geek, LLC","https://clutch.co/profile/louisville-geek","https://louisvillegeek.com/","info@lougeek.com"
"302","Mumford Connect Web Design","https://clutch.co/profile/mumford-connect-web-design","https://mumfordconnect.com/","info@mumfordconnect.com"
"303","Synaptic AP","https://clutch.co/profile/synaptic-ap","https://www.synapticap.com/?utm_campaign=2018-Q2-PS-GA-clutch-listing&utm_source=clutch&utm_medium=referral&utm_content=organic","info@synapticap.comNA"
"304","Jonar Services","https://clutch.co/profile/jonar-services","https://www.jonarservices.com/","services@jonar.comNA"
"305","Get CRG","https://clutch.co/profile/get-crg","https://getcrg.com","info@techmd.comNA"
"306","Envision Design Solutions LLC","https://clutch.co/profile/envision-design-solutions","https://www.envisiondesignsolutions.com/","info@envisiondesignsolutions.comNA"
"307","Mamsys","https://clutch.co/profile/mamsys","https://www.mamsys.com/","info@mamsys.comNA"
"308","Scala Design","https://clutch.co/profile/scala-design","http://www.scaladesign.com/","monica@scaladesign.comNA"
"309","Salpo Technologies","https://clutch.co/profile/salpo-technologies","https://www.salpo.com/","sales@salpo.com"
"310","Level One Personnel","https://clutch.co/profile/level-one-personnel","http://www.levelonepersonnel.com/","INFO@LEVELONEPERSONNEL.COM"
"311","WEB DESIGN PRO","https://clutch.co/profile/web-design-pro","https://www.webdesignpro.ca/","webmaster@webdesignpro.ca"
"312","3Creatives","https://clutch.co/profile/3creatives","http://www.3creatives.com/","comercial@3creatives.comNA"
"313","Couse5 Intelligence","https://clutch.co/profile/couse5-intelligence","https://www.course5i.com","info@course5i.comNA"
"314","Commerx","https://clutch.co/profile/commerx","http://www.commerx.ca/","info@commerx.caNA"
"315","NX3 Corporation","https://clutch.co/profile/nx3-corporation","https://www.nx3corp.com/","info@nx3corp.comNA"
"316","Intrafusion","https://clutch.co/profile/intrafusion","https://www.intrafusion.co.uk/","info@intrafusion.co.ukNA"
"317","Welsend Telecom Co., Ltd. ","https://clutch.co/profile/welsend-telecom-co","http://www.chinaws.net/","yut@chinaws.netNA"
"318","re:infer","https://clutch.co/profile/reinfer","https://reinfer.io/","founders@reinfer.io"
"319","Hawaii Tech Support","https://clutch.co/profile/hawaii-tech-support","https://www.hitechsupport.net/","info@hitechsupport.netNA"
"320","Protera","https://clutch.co/profile/protera","https://www.protera.com","k.taner@protera.comNA"
"321","Glorant LLC d/b/a Octalsoft ","https://clutch.co/profile/glorant-dba-octalsoft","http://www.octalsoft.com/","inquiry@octalsoft.com"
"322","Serigor Inc","https://clutch.co/profile/serigor","http://www.serigor.com/Default.aspx","contact@serigor.com"
"323","Digital Natives Content","https://clutch.co/profile/digital-natives-content","http://www.digitalnativescontent.com/","hello@diglo@lnativescontent.coont"
"324","Professional Computer Associates, Inc","https://clutch.co/profile/professional-computer-associates","https://www.pcasupport.com/","info@techmd.comNA"
"325","uRiTS","https://clutch.co/profile/urits","http://www.rits-iraq.com","info@rits-iraq.com"
"326","J3 SOLUTIONS SAS","https://clutch.co/profile/j3-solutions-sas","http://www.j3solutions.net/","ventas@j3solutions.net"
"327","HeyDay Pro","https://clutch.co/profile/heyday-pro","https://heydaypro.com/","info@heyday.fi"
"328","Jon Burke Web Design","https://clutch.co/profile/jon-burke-web-design","http://www.jonburke.ca/","info@jonburke.caNA"
"329","GILDEE ITECH SOLUTIONS","https://clutch.co/profile/gildee-itech-solutions","https://i-techsolutions.co.ke/","info@i-techsolutions.co.ke"
"330","Abangani Media","https://clutch.co/profile/abangani-media","https://abanganimedia.co.za/","info@abanganimedia.co.za"
"331","Swordfish Advertising","https://clutch.co/profile/swordfish-advertising","https://www.swordfishadvertising.co.uk","info@techmd.comNA"
"332","KPlus Technology Solutions","https://clutch.co/profile/kplus-technology-solutions","http://www.kplusts.com/Default","info@kplusts.com"
"333","Vega Performance Marketing","https://clutch.co/profile/vega-performance-marketing","http://www.vegapmi.com/","sales@vegapmi.com"
"334","Hishab","https://clutch.co/profile/hishab","http://www.hishab.co/","info@hishab.co"
"335","Mad Kings","https://clutch.co/profile/mad-kings","https://www.madkings.com/","brussels@madkings.com"
"336","Punto Visual","https://clutch.co/profile/punto-visual","http://www.puntovisual.com.pe/","ventas@puntovisual.com.pe"
"337","2KLIC - Open IoT Solution","https://clutch.co/profile/2klic-open-iot-solution","http://2klic.com/","info@2klic.com"
"338","Bysoftgraphix","https://clutch.co/profile/bysoftgraphix","http://www.bysoftgraphix.com/","team@bysoftgraphix.comNA"
"339","N Hawley Business Solutions","https://clutch.co/profile/n-hawley-business-solutions","http://www.nhawley.com/","nancy@nhawley.comNA"
"340","Web Services Manster","https://clutch.co/profile/web-services-manster","http://www.manster.com/","info@manster.com"
"341","Soleil Software Studio, Inc.","https://clutch.co/profile/soleil-software-studio-0","http://www.soleil.tw/","hi@soleil.tw"
"342","Next Century Technologies (IT Consultant, Drone Services)","https://clutch.co/profile/next-century-technologies-it-consultant-drone-services","https://www.ky-consultant.com/","info@ky-consultant.com"
"343","Y&R Vietnam","https://clutch.co/profile/yr-vietnam","http://yrindochina.com/","info@techmd.comNA"
"344","VanillaSys","https://clutch.co/profile/vanillasys","http://www.vanillasys.com/","info@vanillasys.comNA"
"345","Rise Research","https://clutch.co/profile/rise-research","https://www.riseresearch.co.uk/","info@riseresearch.co.ukNA"
"346","Butterfly Business Development","https://clutch.co/profile/butterfly-business-development","http://www.butterflybusiness.ca/","butterflybusinessdevelopment@gmail.com"
"347","leanconsult","https://clutch.co/profile/leanconsult","http://leanconsult.ru/en","sales@leanconsult.ru"
"348","Elucidate","https://clutch.co/profile/elucidate","http://www.elucidate.ai","info@elucidate.ai"
"349","Software Company Bangladesh","https://clutch.co/profile/software-company-bangladesh","http://www.softwarecompanybangladesh.com/","info@softwarecompanybangladesh.com"
"350","Assisttree Inc.","https://clutch.co/profile/assisttree","http://www.assisttree.com","info@assisttree.com"
"351","Sebastian Dracopol Software Development and Project Management","https://clutch.co/profile/sebastian-dracopol-software-development-project-management","http://www.dracopol.com","seb@dracopol.comNA"
"352","Dufrain","https://clutch.co/profile/dufrain","https://www.dufrain.co.uk/","enquiries@dufrain.co.uk"
"353","CSG Computer Services","https://clutch.co/profile/csg-computer-services","https://www.csgrp.co.uk/","sales@csgrp.co.ukNA"
"354","Block 8 Digital","https://clutch.co/profile/block-8-digital","https://block8.digital/","hello@block8.co.ukNA"
"355","Measured Results Marketing","https://clutch.co/profile/measured-results-marketing","http://measuredresultsmarketing.com","info@techmd.comNA"
"356","TPM Group, LLC","https://clutch.co/profile/tpm-group","http://www.tysonpmgroup.com/","info@tysonpmgroup.com"
