"","name","url","website","email"
"1","BairesDev","https://clutch.co/profile/bairesdev","https://bairesdev.com/?utm_source=clutch&utm_medium=referral&utm_campaign=it-svcs",NA
"2","NewCloud Networks","https://clutch.co/profile/newcloud-networks","http://NewCloudNetworks.com","info@newcloudnetworks.com"
"3","General Networks ","https://clutch.co/profile/general-networks","http://www.gennet.com",NA
"4","Nuvem Consulting","https://clutch.co/profile/nuvem-consulting","http://nuvemconsulting.com","info@newcloudnetworks.com"
"5","ComputerSupport","https://clutch.co/profile/computersupport","https://www.computersupport.com/","partners@computersupport.com"
"6","Geeks Ltd","https://clutch.co/profile/geeks","https://www.geeks.ltd.uk/","info@newcloudnetworks.com"
"7","Baker Security & Networks","https://clutch.co/profile/baker-security-networks","http://www.bsn.ie",NA
"8","SETA International","https://clutch.co/profile/seta-international","http://www.seta-international.com","info@seta-international.com"
"9","Computer Maintenance Service","https://clutch.co/profile/computer-maintenance-service","http://www.cmsnetworking.com",NA
"10","TechMagic","https://clutch.co/profile/techmagic","https://www.techmagic.co","info@newcloudnetworks.com"
"11","AppShark Software, Inc.","https://clutch.co/profile/appshark-software","https://www.appshark.com/","sales@appshark.com"
"12","Pegasus One","https://clutch.co/profile/pegasus-one","https://www.pegasusone.com","info@newcloudnetworks.com"
"13","Techmango Technology Services Private Limited","https://clutch.co/profile/techmango-technology-services-private","https://www.techmango.net/","business@techmango.net"
"14","SD Squared","https://clutch.co/profile/sd-squared","http://www.sd2labs.com","info@newcloudnetworks.com"
"15","Data Reply","https://clutch.co/profile/data-reply","https://www.datareply.co.uk/",NA
"16","Fluid Attacks","https://clutch.co/profile/fluid-attacks","https://fluidattacks.com/web/en/?utm_source=clutch&utm_medium=referral","info@newcloudnetworks.com"
"17","TechnoCube","https://clutch.co/profile/technocube","http://www.technocube.co","abhishek.sinha@technocube.in"
"18","IQVIS","https://clutch.co/profile/iqvis","https://www.iqvis.com/","info@iqvis.com"
"19","ANiMODUS","https://clutch.co/profile/animodus","http://ANiMODUS.com/",NA
"20","Napal Innovation ","https://clutch.co/profile/napal-innovation","https://www.napal-innovation.xyz/","contact@napal-innovation.xyz"
"21","VironIT","https://clutch.co/profile/vironit","http://vironit.com","info@vironit.com"
"22","Icreativez Technologies","https://clutch.co/profile/icreativez-technologies","http://www.icreativez.com","contactus@icreativez.com"
"23","Prospus","https://clutch.co/profile/prospus","http://www.prospus.com",NA
"24","Intuz Cloud | Blockchain Development","https://clutch.co/profile/intuz-cloud-blockchain-development","https://www.intuz.com/blockchain","info@intuz.com"
"25","Codete","https://clutch.co/profile/codete","http://www.codete.com","mail@codete.com"
"26","TowerHouseStudio","https://clutch.co/profile/towerhousestudio","https://towerhousestudio.com","info@newcloudnetworks.com"
"27","Lemlock","https://clutch.co/profile/lemlock","http://lemlock.com",NA
"28","Unique Software Development LLC","https://clutch.co/profile/unique-software-development","http://www.uniquesoftwaredev.com","//info@uniquesoftwaredev.com"
"29","InsightWhale","https://clutch.co/profile/insightwhale","https://insightwhale.com/",NA
"30","Pragmatic DLT","https://clutch.co/profile/pragmatic-dlt","https://pragmaticdlt.com/","info@newcloudnetworks.com"
"31","TrillionBits Ltd.","https://clutch.co/profile/trillionbits","http://www.trillionbits.com",NA
"32","APPNWEB ","https://clutch.co/profile/appnweb","https://www.appnwebtechnologies.com/","info@newcloudnetworks.com"
"33","Demand Solutions Group","https://clutch.co/profile/demand-solutions-group","http://www.demandsolutionsgroup.com",NA
"34","Syntech Software","https://clutch.co/profile/syntech-software","http://syntech.software/","office@syntech.software"
"35","SM Technology Group, LLC","https://clutch.co/profile/sm-technology-group","https://www.smtechnologygroup.com/",NA
"36","Securonix","https://clutch.co/profile/securonix","https://www.securonix.com/","info@newcloudnetworks.com"
"37","Avanade","https://clutch.co/profile/avanade","http://www.avanade.com/","?subject=Business Solutions, Digital & Cloud Services - Avanade via Avanade&body=
Avanade is the leading provider of innovative digital and cloud services, business solutions and design-led experiences delivered through the Microsoft ecosystem'Business Solutions, Digital & Cloud Services - Avanade' at https://www.avanade.com/en"
"38","Kinetix Technology Services","https://clutch.co/profile/kinetix-technology-services","http://www.kinetix.com/","moreinfo@kinetix.com"
"39","TeamLogicIT","https://clutch.co/profile/teamlogicit","https://www.teamlogicit.com/sandycityut402/","khughes@teamlogicit.com"
"40","Open Systems Technologies, Inc. ","https://clutch.co/profile/open-systems-technologies","http://www.ostusa.com/solutions/enterprise/application-development","info@ostusa.com"
"41","Modus Create","https://clutch.co/profile/modus-create","http://moduscreate.com",NA
"42","Calabria Technology (Out Of Business)","https://clutch.co/profile/calabria-technology-out-business","http://www.calabriatechnology.com","info@newcloudnetworks.com"
"43","Hi-Tech ITO","https://clutch.co/profile/hi-tech-ito","http://www.hitechito.com","info@hitechito.com"
"44","Intercity Technology Ltd","https://clutch.co/profile/intercity-technology","https://intercity.technology/","info@newcloudnetworks.com"
"45","ERP International","https://clutch.co/profile/erp-international","http://erpinternational.com","mbravo@erpinternational.com"
"46","JK Technology","https://clutch.co/profile/jk-technology","http://jktech.com.sg/","info@jktech.com.sg"
"47","SailPoint","https://clutch.co/profile/sailpoint","https://www.sailpoint.com",NA
"48","Revevol","https://clutch.co/profile/revevol-0","http://revevol.eu/","info@newcloudnetworks.com"
"49","BlazeDream","https://clutch.co/profile/blazedream","https://www.blazedream.com","reach@blazedream.com"
"50","Surety IT","https://clutch.co/profile/surety-it","https://www.suretyit.com.au/","info@newcloudnetworks.com"
"51","Bytecafe Consulting","https://clutch.co/profile/bytecafe-consulting","http://www.bytecafe.net/",NA
"52","Varsity Technologies","https://clutch.co/profile/varsity-technologies","http://www.varsitytechnologies.com/","info@newcloudnetworks.com"
"53","Sentinel Technologies","https://clutch.co/profile/sentinel-technologies","https://www.sentinel.com/",NA
"54","Anblicks","https://clutch.co/profile/anblicks","http://www.anblicks.com/","info@newcloudnetworks.com"
"55","Architecting Innovation","https://clutch.co/profile/architecting-innovation","https://www.theaiteam.com/",NA
"56","Boxfusion Consulting","https://clutch.co/profile/boxfusion-consulting","http://www.boxfusionconsulting.com/","info@newcloudnetworks.com"
"57","C3 Business Solutions Inc.","https://clutch.co/profile/c3-business-solutions","http://www.c3biz.com","info@c3biz.com"
"58","4it Inc.","https://clutch.co/profile/4it","https://www.4it-inc.com/","info@newcloudnetworks.com"
"59","Intelligent Technical Solutions ","https://clutch.co/profile/intelligent-technical-solutions","http://itsasap.com",NA
"60","ACP Technologies, Inc.","https://clutch.co/profile/acp-technologies","https://acp.us.com/","info@newcloudnetworks.com"
"61","HTG","https://clutch.co/profile/htg","http://www.htguk.com/","info@htguk.com"
"62","HexaFusion IT Solutions","https://clutch.co/profile/hexafusion-it-solutions","http://www.hexafusion.com","support@hexafusion.com"
"63","Alvarez Technology Group","https://clutch.co/profile/alvarez-technology-group","https://www.alvareztg.com/","info@alvareztg.com"
"64","Cybereason","https://clutch.co/profile/cybereason","https://www.cybereason.com/","info@newcloudnetworks.com"
"65","Virgin Media Business","https://clutch.co/profile/virgin-media-business","https://www.virginmediabusiness.co.uk/",NA
"66","Herjavec Group","https://clutch.co/profile/herjavec-group","https://www.herjavecgroup.com/","info@newcloudnetworks.com"
"67","Planet E-com Solutions Pvt. Ltd.","https://clutch.co/profile/planet-e-com-solutions","http://www.planetecomsolutions.com",NA
"68","Digital Suite","https://clutch.co/profile/digital-suite","https://www.digitalsuite.cloud/","info@digitalsuite.cloud"
"69","Global Data Solutions Limited","https://clutch.co/profile/global-data-solutions","http://en.gds-services.com/","marketing@gds-services.com"
"70","BAASS","https://clutch.co/profile/baass","http://www.baass.com/","info@newcloudnetworks.com"
"71","Stimulus Web Design","https://clutch.co/profile/stimulus-web-design","http://www.stimuluswebdesign.com","contact@stimuluswebdesign.com"
"72","Nuspire Networks","https://clutch.co/profile/nuspire-networks","https://www.nuspire.com/","info@newcloudnetworks.com"
"73","PCMS Datafit","https://clutch.co/profile/pcms-datafit","http://www.pcmsdatafit.com/",NA
"74","Atlantix Global Systems","https://clutch.co/profile/atlantix-global-systems","http://www.atlantixglobal.com/","service@atlantixglobal.com"
"75","Coretelligent","https://clutch.co/profile/coretelligent","https://coretelligent.com/",NA
"76","InfoSight, Inc.","https://clutch.co/profile/infosight","http://www.infosightinc.com/","info@infosightinc.com"
"77","MBA IT","https://clutch.co/profile/mba-it","http://mba-it.com/",NA
"78","Kingdee","https://clutch.co/profile/kingdee","http://www.kingdee.com.hk/en/","asiapac@kingdee.com.hk"
"79","Telecom Computer","https://clutch.co/profile/telecom-computer","http://www.telecomcomputer.com/en/",NA
"80","Access Systems, Inc.","https://clutch.co/profile/access-systems","https://www.accesssystems.com/","info@accesssystems.com"
"81","Lanware","https://clutch.co/profile/lanware","http://www.lanware.co.uk/","enquiries@lanware.co.uk"
"82","FPA Technology Services Inc. ","https://clutch.co/profile/fpa-technology-services","https://www.fpainc.com","info@newcloudnetworks.com"
"83","IT Security C&T","https://clutch.co/profile/it-security-ct","https://www.itsecurityct.com/english.php",NA
"84","Ash Creek Enterprises","https://clutch.co/profile/ash-creek-enterprises","https://www.ashcreek.com/","info@newcloudnetworks.com"
"85","Divine IT Limited","https://clutch.co/profile/divine-it","https://www.divineit.net/",NA
"86","Jade Global","https://clutch.co/profile/jade-global","http://www.jadeglobal.com/","info@jadeglobal.com"
"87","VIRTUS Data Centres","https://clutch.co/profile/virtus-data-centres","https://virtusdatacentres.com/",NA
"88","ParamInfo","https://clutch.co/profile/paraminfo","http://www.paraminfo.com","//info@paraminfo.com"
"89","B2E TECHNOLOGY PVT LTD","https://clutch.co/profile/b2e-technology","http://www.b2e.in",NA
"90","ixtel","https://clutch.co/profile/ixtel","https://ixtel.com/","info@newcloudnetworks.com"
"91","Amri Consulting","https://clutch.co/profile/amri-consulting","http://www.amriconsulting.com","Tal-el@amriconsulting.com"
"92","Ardenta Limited","https://clutch.co/profile/ardenta","https://www.ardenta.com/","
solutionsupport@uk.clara.net?Subject=Technical Support"
"93","Kamatera","https://clutch.co/profile/kamatera","https://www.kamatera.com/",NA
"94","Blue Cube","https://clutch.co/profile/blue-cube","https://www.bluecubesecurity.com/","enquiries@bluecubesecurity.com"
"95","PS QuickIT PVT LTD","https://clutch.co/profile/ps-quickit","http://www.psquickit.com/","careers@psquickit.com"
"96","ITatOnce","https://clutch.co/profile/itatonce","http://www.itatonce.com/","sales@itatonce.com"
"97","The LLB Group","https://clutch.co/profile/llb-group","https://www.llbgrouptechsolutions.com/","Info@llbgroup.com"
"98","Blacklight Solutions","https://clutch.co/profile/blacklight-solutions","http://www.blacklightsolutions.com","contact@blacklightsolutions.com"
"99","Intuitive Networks, Inc.","https://clutch.co/profile/intuitive-networks","http://inicorp.net/",NA
"100","Jabtech","https://clutch.co/profile/jabtech","https://www.jabtech.net/","helpdesk@enertronllc.com"
"101","iauro Systems Pvt Ltd ","https://clutch.co/profile/iauro-systems","http://www.iauro.com",NA
"102","America One Technologies","https://clutch.co/profile/america-one-technologies","http://www.americatech.com/","info@newcloudnetworks.com"
"103","FOTHION","https://clutch.co/profile/fothion","http://www.Fothion.com","Contactus@fothion.com"
"104","JustRight Technology","https://clutch.co/profile/justright-technology","http://www.justright.com/","info@newcloudnetworks.com"
"105","Cadan Technologies","https://clutch.co/profile/cadan-technologies","https://cadan.com/","sales@cadan.com"
"106","First Stop IT","https://clutch.co/profile/first-stop-it","https://www.firststopit.co.uk/","solutions@firststopit.co.uk"
"107","Secure IT Consult","https://clutch.co/profile/secure-it-consult","http://www.secureitconsult.com/",NA
"108","AhnLab","https://clutch.co/profile/ahnlab","http://global.ahnlab.com/site/main.do","global.sales@ahnlab.com"
"109","Tier 3 Technology Solutions","https://clutch.co/profile/tier-3-technology-solutions","https://GoTier3.com",NA
"110","Oktacode.com","https://clutch.co/profile/oktacode","http://www.oktacode.com","contact@oktacodecom"
"111","stepin solutions","https://clutch.co/profile/stepin-solutions-0","http://www.stepin-solutions.com","hello@stepinsolutions.in"
"112","Razorthorn","https://clutch.co/profile/razorthorn","http://www.razorthorn.co.uk/","info@newcloudnetworks.com"
"113","Luminis UK Limited","https://clutch.co/profile/luminis-uk","https://www.luminis.eu/","info@luminis.eu"
"114","Northdoor","https://clutch.co/profile/northdoor","https://www.northdoor.co.uk/","info@northdoor.co.uk"
"115","Virteva","https://clutch.co/profile/virteva","https://www.virteva.com/","info@virteva.com"
"116","Radius Intelligence","https://clutch.co/profile/radius-intelligence","https://radiusintel.com/","info@newcloudnetworks.com"
"117","ICONSULTING","https://clutch.co/profile/iconsulting","https://www.iconsulting.biz/","info@iconsulting.biz"
"118","Convergence Consulting Group","https://clutch.co/profile/convergence-consulting-group","http://convergenceconsultinggroup.com/","info@newcloudnetworks.com"
"119","Pictonio Lda.","https://clutch.co/profile/pictonio-lda","http://www.pictonio.com","pictonio@pictonio.com"
"120","Advancedata Network","https://clutch.co/profile/advancedata-network","http://advancedatan.com","sales@advancedatan.com"
"121","NP - Managed Technology Services & Solutions","https://clutch.co/profile/np-managed-technology-services-solutions","http://www.np-projects.co.uk/",NA
"122","Liontech Solutions","https://clutch.co/profile/liontech-solutions","http://liontech.ca","info@liontech.ca"
"123","Intrasoft Middle East","https://clutch.co/profile/intrasoft-middle-east","http://www.intracom.jo/",NA
"124","Robocom","https://clutch.co/profile/robocom","http://www.robocom.com/","info@robocom.com?subject=Not sure Where to Start-Interest in Robocom"
"125","TARC Technology Solutions ","https://clutch.co/profile/tarc-technology-solutions","http://www.tarctechnology.com/",NA
"126","GiaSpace Inc","https://clutch.co/profile/giaspace","https://www.giaspace.com","info@newcloudnetworks.com"
"127","Directions Technology","https://clutch.co/profile/directions-technology","https://www.directionstech.com.au/",NA
"128","Qiniu Cloud","https://clutch.co/profile/qiniu-cloud","https://www.qiniu.com/en","jubao@qiniu.com"
"129","InterDyn Artis","https://clutch.co/profile/interdyn-artis","http://www.interdynartis.com/","info@interdynartis.com"
"130","FoxNet Inc.","https://clutch.co/profile/foxnet","http://www.foxnetsolutions.com/","info@newcloudnetworks.com"
"131","MVP Consulting Plus, Inc.","https://clutch.co/profile/mvp-consulting-plus","https://www.mvpconsultingplus.com/",NA
"132","ITQ","https://clutch.co/profile/itq","https://itq-qatar.com/","info@itq-qatar.com"
"133","Zenzero","https://clutch.co/profile/zenzero","https://www.zenzero.co.uk/","hello@zenzero.co.uk"
"134","CompsDoc LLC","https://clutch.co/profile/compsdoc","http://www.compsdoc.com/","info@newcloudnetworks.com"
"135","Dovetail Technologies","https://clutch.co/profile/dovetail-technologies","https://www.dovetail.ie/","info@dovetail.ie"
"136","Synetek Solutions","https://clutch.co/profile/synetek-solutions","http://www.syneteksolutions.com/","info@newcloudnetworks.com"
"137","CrowdStrike","https://clutch.co/profile/crowdstrike","https://www.crowdstrike.com/","services@crowdstrike.com"
"138","Sapient Razorfish","https://clutch.co/profile/sapient-razorfish","https://www.sapientrazorfish.com/","info@newcloudnetworks.com"
"139","Technigent","https://clutch.co/profile/technigent","http://www.technigents.com/",NA
"140","Netbooster","https://clutch.co/profile/netbooster","http://www.netbooster.com/","info@newcloudnetworks.com"
"141","Lib13 Inc","https://clutch.co/profile/lib13","http://www.lib13.com",NA
"142","Digital Software Labs","https://clutch.co/profile/digital-software-labs","http://www.digitalsoftlabs.com/","info@newcloudnetworks.com"
"143","Node4","https://clutch.co/profile/node4","https://www.node4.co.uk/",NA
"144","Heartland Business Systems ","https://clutch.co/profile/heartland-business-systems","http://www.hbs.net/","info@newcloudnetworks.com"
"145","Agio","https://clutch.co/profile/agio","https://agio.com/","sales@agio.com?subject=Agio Inquiry"
"146","ho1a","https://clutch.co/profile/ho1a","http://www.ho1a.com/","contacto@ho1a.com"
"147","Tirzok Private Limited","https://clutch.co/profile/tirzok-private","http://www.tirzok.com/",NA
"148","VirtualArmour","https://clutch.co/profile/virtualarmour","https://www.virtualarmour.com/","info@newcloudnetworks.com"
"149","LDeX Group Ltd","https://clutch.co/profile/ldex-group","https://www.ldexgroup.co.uk/",NA
"150","Pyxis","https://clutch.co/profile/pyxis","http://www.pyxisportal.com/","info@newcloudnetworks.com"
"151","Nordcloud","https://clutch.co/profile/nordcloud","https://www.nordcloud.com/","info@nordcloud.com"
"152","Freedom Consulting Group, Inc.","https://clutch.co/profile/freedom-consulting-group","https://freedomconsultinggroup.com/","info@newcloudnetworks.com"
"153","Comglobal IT","https://clutch.co/profile/comglobal-it","https://www.comglobalit.com/",NA
"154","Keeran Networks","https://clutch.co/profile/keeran-networks","https://www.keeran.ca/","questions@keeran.ca"
"155","Aryvart","https://clutch.co/profile/aryvart","http://www.aryvart.com/","salesinfo@aryvart.com"
"156","The GDR Group, Inc.","https://clutch.co/profile/gdr-group","https://www.gdrgroup.com/"," info@gdrgroup.com"
"157","Yunshan Networks","https://clutch.co/profile/yunshan-networks","https://www.yunshan.net/en/index.html","info@yunshan.net.cn"
"158","TIKAJ","https://clutch.co/profile/tikaj","https://www.tikaj.com","info@newcloudnetworks.com"
"159","SecureStrux LLC","https://clutch.co/profile/securestrux","http://securestrux.com/","info@securestrux.com"
"160","Cordeos Group","https://clutch.co/profile/cordeos-group","https://www.cordeos.com/","info@newcloudnetworks.com"
"161","Network Data Security Experts Inc. (NDSE)","https://clutch.co/profile/network-data-security-experts-ndse","https://www.ndse.net/",NA
"162","MyTGroup","https://clutch.co/profile/mytgroup","https://www.mytgroup.net","info@mytgroup.net?subject=Front%20Page%20Website%20Inquiry"
"163","iQuasar LLC","https://clutch.co/profile/iquasar","https://www.iquasar.com/","info@iquasar.com"
"164","A-IT Software Services Pte Ltd","https://clutch.co/profile/it-software-services-pte","http://www.aitsoftware.com/","ithr@aitsoftware.com"
"165","Prime Software","https://clutch.co/profile/prime-software","https://www.primesoft.ph/",NA
"166","Tecnikal","https://clutch.co/profile/tecnikal","https://www.tecnikal.net/","support@tecnikal.net"
"167","Intelli-NET","https://clutch.co/profile/intelli-net","https://www.intellinet-sc.com/",NA
"168","Rackstar","https://clutch.co/profile/rackstar","http://www.rackstar.co.uk/","talk@cannyclever.co.uk?subject=Customer Enquiry"
"169","Datashapa","https://clutch.co/profile/datashapa","https://www.datashapa.com/","%69%6e%66%6f%40%64%61%74%61%73%68%61%70%61%2e%63%6f%6d"
"170","TRIMIT","https://clutch.co/profile/trimit","http://www.trimit.com/","info@newcloudnetworks.com"
"171","Techera","https://clutch.co/profile/techera","http://www.techeraperu.com/",NA
"172","MarcSoft","https://clutch.co/profile/marcsoft","http://www.marc-soft.com","info@newcloudnetworks.com"
"173","Ensitech","https://clutch.co/profile/ensitech","https://www.ensitech.com/",NA
"174","Bangladesh Consulting Ltd","https://clutch.co/profile/bangladesh-consulting","http://www.bdconsultingltd.com/","info@newcloudnetworks.com"
"175","Mannya Techno Solutions Inc","https://clutch.co/profile/mannya-techno-solutions","https://www.mannyats.com/","info@mannyats.com"
"176","RedBean Technologies INC","https://clutch.co/profile/redbean-technologies","http://www.redbeantechnologies.com","info@newcloudnetworks.com"
"177","Capital Network Solutions","https://clutch.co/profile/capital-network-solutions","https://www.cns-service.com/","Help@cns-service.com"
"178","Custom Computer Services","https://clutch.co/profile/custom-computer-services","https://ccsw.co.uk/","enquiries [at] ccsw [dot] co [dot] uk"
"179","VOICE2insight","https://clutch.co/profile/voice2insight","http://www.voice2insight.com/","sales@voice2insight.com"
"180","VIQU Recruitment","https://clutch.co/profile/viqu-recruitment","https://www.viqu.co.uk/","info@newcloudnetworks.com"
"181","Alleviate Technologies ","https://clutch.co/profile/alleviate-technologies","http://www.alleviatetech.com","join@alleviatetech.com"
"182","Cynosure Solutions","https://clutch.co/profile/cynosure-solutions","http://www.cynosure-solutions.com/","info@newcloudnetworks.com"
"183","IntelliNet","https://clutch.co/profile/intellinet","http://www.intellinet-canada.com/",NA
"184","kreuzwerker GmbH","https://clutch.co/profile/kreuzwerker-gmbh","https://kreuzwerker.de/en","info@newcloudnetworks.com"
"185","M BIZTech Consulting Pvt. Ltd.","https://clutch.co/profile/m-biztech-consulting","https://www.mbiztech.net/","info@mbizteh.net"
"186","Cognitive","https://clutch.co/profile/cognitive","https://cognitive-cs.com","info@newcloudnetworks.com"
"187","Scriptics Decisions","https://clutch.co/profile/scriptics-decisions","https://scriptics.ro","contact@scriptics.ro"
"188","Excel Company Limited","https://clutch.co/profile/excel-company","https://www.excelcobd.com/","bipul@atomixsyste.com"
"189","Guava Software","https://clutch.co/profile/guava-software","https://guavasoftware.com/","hello@guavasoftware.com"
"190","Thinking Hut IT Solutions Pvt. ltd.","https://clutch.co/profile/thinking-hut-it-solutions","http://www.thinkinghut.com","contact@thinkinghut.com?Subject=Hello"
"191","Bits on Disk, LLC","https://clutch.co/profile/bits-disk","https://www.bitsondisk.com","contact@bitsondisk.com"
"192","TainoSystems Inc.","https://clutch.co/profile/tainosystems","https://tainosystems.com/en/","info@newcloudnetworks.com"
"193","Cooltimedia","https://clutch.co/profile/cooltimedia","http://cooltimedia.com/",NA
"194","SOFTANIS","https://clutch.co/profile/softanis","http://softanis.com/","info@newcloudnetworks.com"
"195","Arxan Technologies","https://clutch.co/profile/arxan-technologies","https://www.arxan.com/",NA
"196","IT Total Care Inc.","https://clutch.co/profile/it-total-care","http://www.ittotalcare.com","info@newcloudnetworks.com"
"197","Marathon Consulting","https://clutch.co/profile/marathon-consulting","https://www.marathonus.com/",NA
"198","Aplus IT Solutions Ltd","https://clutch.co/profile/aplus-it-solutions","http://aplusit.ca/home.html","info@newcloudnetworks.com"
"199","Scott Logic","https://clutch.co/profile/scott-logic","http://www.scottlogic.com","nigel@scottlogic.com"
"200","ERPisT","https://clutch.co/profile/erpist","http://www.erpist.com/","info@newcloudnetworks.com"
"201","ZS Associates","https://clutch.co/profile/zs-associates","https://www.zs.com/",NA
"202","Medma Infomatix","https://clutch.co/profile/medma-infomatix","http://www.medma.net/","info@newcloudnetworks.com"
"203","Support Wala","https://clutch.co/profile/support-wala","https://supportwala.net",NA
"204","Oxford Global Resources","https://clutch.co/profile/oxford-global-resources","https://www.oxfordcorp.com","info@newcloudnetworks.com"
"205","Integra América","https://clutch.co/profile/integra-am%C3%A9rica","http://www.integraamerica.com/","info@integraamerica.com"
"206","TeskaLabs","https://clutch.co/profile/teskalabs","https://www.teskalabs.com/","info@newcloudnetworks.com"
"207","Zuma Technology","https://clutch.co/profile/zuma-technology","http://zumatech.com","sales@zumatech.com"
"208","Nascenia","https://clutch.co/profile/nascenia","https://www.nascenia.com/","info@newcloudnetworks.com"
"209","Carlson Management Consulting","https://clutch.co/profile/carlson-management-consulting","https://www.carlsonmc.com/",NA
"210","Unisecure ","https://clutch.co/profile/unisecure","https://www.unisecure.com","info@newcloudnetworks.com"
"211","S&T Croatia ","https://clutch.co/profile/st-croatia","http://www.snt.hr/","info@snt.hr"
"212","BThrust","https://clutch.co/profile/bthrust","https://www.bthrust.com/","info@newcloudnetworks.com"
"213","Etellect Ltd","https://clutch.co/profile/etellect","http://www.etellect.com/","info@etellect.com"
"214","Pace Harmon","https://clutch.co/profile/pace-harmon","http://www.paceharmon.com/","info@newcloudnetworks.com"
"215","Systalk","https://clutch.co/profile/systalk","http://www.systalk.com.au/","sales@systalk.com.au"
"216","LCG Technologies Corp.","https://clutch.co/profile/lcg-technologies-corp","http://lcgtech.com/services/","info@newcloudnetworks.com"
"217","SRA Information Technology","https://clutch.co/profile/sra-information-technology","https://www.sra.com.au/",NA
"218","Computer Application Services Ltd","https://clutch.co/profile/computer-application-services","https://www.casltd.com/","info@casltd.com"
"219","Albertson Consulting","https://clutch.co/profile/albertson-consulting","https://www.ebigpicture.com",NA
"220","Axede","https://clutch.co/profile/axede","https://www.axede.com.co/","info@newcloudnetworks.com"
"221","Pyramid IT","https://clutch.co/profile/pyramid-it","https://pyramid-it.co.uk/",NA
"222","Sooft","https://clutch.co/profile/sooft","http://sooft.es/","info@newcloudnetworks.com"
"223","Bluemetrix","https://clutch.co/profile/bluemetrix","http://www.bluemetrix.com","infomanagedservices@bluemetrix.com"
"224","Coztel","https://clutch.co/profile/coztel","https://coztel.com/","info@newcloudnetworks.com"
"225","Bitech Company","https://clutch.co/profile/bitech-company","http://www.bitech.ro/en/",NA
"226","Vontikakis","https://clutch.co/profile/vontikakis","https://vontikakis.com","info@newcloudnetworks.com"
"227","Skylark Soft Limited","https://clutch.co/profile/skylark-soft","http://www.skylarksoft.com/",NA
"228","Bangladesh Internet Press LTD (BIPL)","https://clutch.co/profile/bangladesh-internet-press-bipl","http://www.biplit.com/","marketing@biplit.com"
"229","Diyital World by Corporate Business","https://clutch.co/profile/diyital-world-corporate-business","https://www.diyitalworld.com/","info@diyitalworld.com"
"230","AIRAM TECNOLOGÍA, PROCESOS E INFORMACIÓN","https://clutch.co/profile/airam-tecnolog%C3%ADa-procesos-e-informaci%C3%B3n","https://www.airam.com.mx/","info@newcloudnetworks.com"
"231","Uniterrene Websoft Pvt Ltd","https://clutch.co/profile/uniterrene-websoft","http://www.uniterrene.com",NA
"232","DL Systems","https://clutch.co/profile/dl-systems","https://dlsystemsgt.com/","info@dlsystemsgt.com"
"233","NOVELDO GmbH","https://clutch.co/profile/noveldo-gmbh","https://www.noveldo.com/","office@noveldo.com"
"234","Maker Communication","https://clutch.co/profile/maker-communication","http://www.makercommunication.com/","info@newcloudnetworks.com"
"235","Cyberlobe Technologies Ltd.","https://clutch.co/profile/cyberlobe-technologies","http://www.cyberlobe.com",NA
"236","Visible Technology Solutions","https://clutch.co/profile/visible-technology-solutions","http://visiblets.com/","info@visiblets.com"
"237","Intelivix","https://clutch.co/profile/intelivix","http://intelivix.com/",NA
"238","Stellar Information Technology Pvt. Ltd.","https://clutch.co/profile/stellar-information-technology","https://www.stellar.com.bd/","info@newcloudnetworks.com"
"239","Global Technology Services GTS","https://clutch.co/profile/global-technology-services-gts","http://www.gtssa.co",NA
"240","Beach Web Design & IT","https://clutch.co/profile/beach-web-design-it","https://beachwebdesigner.com/","info@newcloudnetworks.com"
"241","Arkadel21","https://clutch.co/profile/arkadel21","http://www.arkadel21.com/",NA
"242","ESolutions S.A.","https://clutch.co/profile/esolutions-sa","http://www.esolutions.com.ar/web/","rrhh@esolutions.com.ar"
"243","Epoch Network","https://clutch.co/profile/epoch-network","http://www.epochnetwork.com/",NA
"244","ARC Managed Services","https://clutch.co/profile/arc-managed-services","http://arcmanagedservices.com","info@newcloudnetworks.com"
"245","Ebiz-fooge","https://clutch.co/profile/ebiz-fooge","http://www.ebiz-fooge.com/english.html",NA
"246","Teplar Solutions","https://clutch.co/profile/teplar-solutions","https://www.teplar.com","info@newcloudnetworks.com"
"247","Putti","https://clutch.co/profile/putti","https://www.puttiapps.com/",NA
"248","Beyond Key Systems","https://clutch.co/profile/beyond-key-systems","http://www.beyondkey.com/","contact@beyondkey.com"
"249","Kinexo","https://clutch.co/profile/kinexo","http://www.kinexo.com/","info@kinexo.com"
"250","ICTPACK Solution","https://clutch.co/profile/ictpack-solution","https://www.ictpack.com/","service@ictpack.com"
"251","AMAZNET","https://clutch.co/profile/amaznet","http://www.amaznet.com/",NA
"252","Intelligent Demand","https://clutch.co/profile/intelligent-demand","http://intelligentdemand.com","info@intelligentdemand.com"
"253","ThingLogix Inc","https://clutch.co/profile/thinglogix","http://www.thinglogix.com","info@thinglogix.com"
"254","OnGoingMedia GmbH","https://clutch.co/profile/ongoingmedia-gmbh","https://www.ongoingmedia.de/en/","info@newcloudnetworks.com"
"255","AbleIT Inc.","https://clutch.co/profile/ableit","http://ableit.ca/",NA
"256","Betterweather","https://clutch.co/profile/betterweather","http://betterweatherllc.com/","info@newcloudnetworks.com"
"257","Carbon by Bold","https://clutch.co/profile/carbon-bold","https://www.carbonbybold.com/",NA
"258","Inverselogic, Inc","https://clutch.co/profile/inverselogic","http://www.inverselogic.com/","info@inverselogic.com"
"259","Web Technology","https://clutch.co/profile/web-technology","http://www.web-teh.net/",NA
"260","FiPa Software","https://clutch.co/profile/fipa-software","https://fipasoft.com/","ventas@fipasoft.com.mx"
"261","Setronica","https://clutch.co/profile/setronica","http://setronica.com",NA
"262","Neginet","https://clutch.co/profile/neginet","http://www.neginet.com","contact@neginet.com"
"263","LaQuest Inc","https://clutch.co/profile/laquest","https://www.laquest.net",NA
"264","A34 Internet Agency","https://clutch.co/profile/a34-internet-agency","https://www.a34.net/en/home/","info@newcloudnetworks.com"
"265","DOT Infotech","https://clutch.co/profile/dot-infotech","http://dotinfo.tech",NA
"266","Builtvisible","https://clutch.co/profile/builtvisible","http://builtvisible.com/","info@newcloudnetworks.com"
"267","Unbreakable Code","https://clutch.co/profile/unbreakable-code","http://www.unbreakablecode.com",NA
"268","MicroMac Techno Valley Ltd.","https://clutch.co/profile/micromac-techno-valley","https://www.mmtvbd.com/","info@newcloudnetworks.com"
"269","KR Digital Concept","https://clutch.co/profile/kr-digital-concept","http://36its.com/",NA
"270","Technology Projects ","https://clutch.co/profile/technology-projects","http://tech-projects.com/","info@newcloudnetworks.com"
"271","Square Root Solutions","https://clutch.co/profile/square-root-solutions","https://squareroot.ie/",NA
"272","Cendyn","https://clutch.co/profile/cendyn","https://www.cendyn.com/","info@cendyn.com"
"273","1&1 Internet Mexico","https://clutch.co/profile/11-internet-mexico","https://www.1and1.mx/",NA
"274","Mind The Gap Public Relations LLC","https://clutch.co/profile/mind-gap-public-relations","https://mindthegappr.com/","ann@mindthegappr.com"
"275","Tiger Park Limited","https://clutch.co/profile/tiger-park","http://www.tiger-park.com/","info@tiger-park.com"
"276","Rosebells","https://clutch.co/profile/rosebells","http://www.rosebells.com","info@newcloudnetworks.com"
"277","Mitsue-Links","https://clutch.co/profile/mitsue-links","https://www.mitsue.co.jp/english/",NA
"278","Intezie","https://clutch.co/profile/intezie","http://www.intezie.com/","info@newcloudnetworks.com"
"279","ZirconTech","https://clutch.co/profile/zircontech","http://www.zircon.tech/",NA
"280","eLuminous Technologies Pvt Ltd","https://clutch.co/profile/eluminous-technologies","https://eluminoustechnologies.com/","sales@eluminoustechnologies.com"
"281","Jobspring Partners","https://clutch.co/profile/jobspring-partners","https://www.jobspringpartners.com/",NA
"282","Mindviser","https://clutch.co/profile/mindviser","https://mindviser.com/","info@newcloudnetworks.com"
"283","Code Berry Solutions","https://clutch.co/profile/code-berry-solutions","http://www.codeberrysolutions.com","juliette@codeberrysolutions.com"
"284","VeriServe","https://clutch.co/profile/veriserve","http://www.veriserve.co.jp/","info@newcloudnetworks.com"
"285","Bitix","https://clutch.co/profile/bitix","http://www.bitix.com.br/",NA
"286","Ripple Communications","https://clutch.co/profile/ripple-communications","https://ripplemorenow.com/","info@newcloudnetworks.com"
"287","Symcor","https://clutch.co/profile/symcor","https://www.symcor.com",NA
"288","Scotia Systems","https://clutch.co/profile/scotia-systems","http://www.scotiasystems.com/","info@newcloudnetworks.com"
"289","Red Ninja Studios","https://clutch.co/profile/red-ninja-studios","http://www.redninja.co.uk/",NA
"290","Atsukè","https://clutch.co/profile/atsuk%C3%A8","http://www.atsuke.com/","info@newcloudnetworks.com"
"291","Ariad Partners","https://clutch.co/profile/ariad-partners","https://ariadpartners.com/",NA
"292","A2Z Creatorz","https://clutch.co/profile/a2z-creatorz","http://a2zcreatorz.com","info@newcloudnetworks.com"
"293","From Scratch Co.","https://clutch.co/profile/scratch-co","https://f-scratch.co.jp",NA
"294","NetWatcher","https://clutch.co/profile/netwatcher","https://netwatcher.com","info@newcloudnetworks.com"
"295","ProofID","https://clutch.co/profile/proofid","https://www.proofid.co.uk/",NA
"296","TQ Design","https://clutch.co/profile/tq-design","https://www.tqdesign.vn/home.html","info@newcloudnetworks.com"
"297","Qatar Electronic Publishing & Trading","https://clutch.co/profile/qatar-electronic-publishing-trading","http://www.qept-qatar.com/",NA
"298","DFC Consultants","https://clutch.co/profile/dfc-consultants-0","http://www.DFCconsultants.com","info@newcloudnetworks.com"
"299","Extra Software","https://clutch.co/profile/extra-software","http://www.extrasoft.es/",NA
"300","Evolytics","https://clutch.co/profile/evolytics","https://www.evolytics.com/","contact@evolytics.com"
"301","J & J Systems","https://clutch.co/profile/j-j-systems","http://www.jjsystems.co.uk/","support@jjsystems.co.uk"
"302","Data to Value","https://clutch.co/profile/data-value","http://datatovalue.co.uk/","info@newcloudnetworks.com"
"303"," REBORN","https://clutch.co/profile/reborn","https://reborn.co/",NA
"304","The Rope","https://clutch.co/profile/rope","https://therope.it/","hello@therope.it"
"305","Systech Digital Limited","https://clutch.co/profile/systech-digital","http://systechdigital.com/",NA
"306","Olympic Web Design, Inc.","https://clutch.co/profile/olympic-web-design","http://www.olympicwebdesign.com/","info@newcloudnetworks.com"
"307","Klika","https://clutch.co/profile/klika","http://klika.ba/","info@klika.ba"
"308","Hello World","https://clutch.co/profile/hello-world","http://helloworld.by","say@helloworld.by"
"309","Just Imagine, Inc","https://clutch.co/profile/just-imagine","http://www.justimagine.net/",NA
"310","S3 Corporation","https://clutch.co/profile/s3-corporation","http://www.s3corp.com.vn/","info@s3corp.com.vn"
"311","Bilot","https://clutch.co/profile/bilot","https://www.bilot.fi/en/","info@bilot.fi"
"312","bLogix","https://clutch.co/profile/blogix","https://blogix.co/","info@newcloudnetworks.com"
"313","Counect","https://clutch.co/profile/counect","http://www.counect.com/en-us/?home",NA
"314","Captiv8","https://clutch.co/profile/captiv8","http://captiv8.com.au/","info@captiv8.com.au"
"315","Cleantech Latvia","https://clutch.co/profile/cleantech-latvia","https://cleantechlatvia.com/en/home/","info@cleantechlatvia.com"
"316","Computer Engineering Group","https://clutch.co/profile/computer-engineering-group","http://ce-group.com/","info@newcloudnetworks.com"
"317","Proxation GmbH","https://clutch.co/profile/proxation-gmbh","https://www.proxation.de/","info@proxation.de"
"318","Best Marketing Network Inc.","https://clutch.co/profile/best-marketing-network","http://www.misterwebpage.com/","info@newcloudnetworks.com"
"319","Business Technology Consulting","https://clutch.co/profile/business-technology-consulting-0","https://btc-me.com/","info@btc-me.com"
"320","Zooneto Infosoft","https://clutch.co/profile/zooneto-infosoft","http://www.zoonetoinfosoft.com","info@zooneto.com"
"321","Modulant","https://clutch.co/profile/modulant","http://www.modulant.com/",NA
"322","DWG","https://clutch.co/profile/dwg","http://www.deltawebconsulting.com","info@newcloudnetworks.com"
"323","3s Global Business Solutions","https://clutch.co/profile/3s-global-business-solutions","http://3sgbs.com/","info@3sgbs.com"
"324","MedAccess","https://clutch.co/profile/medaccess","http://medaccessbrands.com/","info@newcloudnetworks.com"
"325","WordPress Fiddly Bits","https://clutch.co/profile/wordpress-fiddly-bits","https://wpfiddlybits.com/",NA
"326","Hilles Agencia Digital","https://clutch.co/profile/hilles-agencia-digital","https://hilles.com.br/","info@newcloudnetworks.com"
"327","Liq","https://clutch.co/profile/liq","https://www.liq.com.br/",NA
"328","Polyphonic & Co.","https://clutch.co/profile/polyphonic-co","http://www.polyand.co/partners.html","GOODMORNING@POLYAND.CO"
"329","DecisionIQ","https://clutch.co/profile/decisioniq","http://www.decisioniq.com/",NA
"330","dk hugbúnaður ehf.","https://clutch.co/profile/dk-hugb%C3%BAna%C3%B0ur-ehf","https://dk.is/","info@newcloudnetworks.com"
"331","L A Technologies","https://clutch.co/profile/l-technologies","http://www.latechnologies.net/","contact@latechnologies.net"
"332","VIPoint Solutions Pvt Ltd","https://clutch.co/profile/vipoint-solutions","http://www.vipointsolutions.net","sales@vipointsolutions.net"
"333","Fat Marketing","https://clutch.co/profile/fat-marketing","http://fatmarketing.lt/",NA
"334","Bright Hat","https://clutch.co/profile/bright-hat","http://brighthat.io/","workforce@brighthat.io"
"335","MSA Careers & Consulting","https://clutch.co/profile/msa-careers-consulting","http://www.msacareers.co.uk/",NA
"336","Dynamic Global Staffing","https://clutch.co/profile/dynamic-global-staffing","http://www.dynamicglobalhealthcare.com/","info@newcloudnetworks.com"
"337","Jindal Intellicom Limited","https://clutch.co/profile/jindal-intellicom","http://jindalintellicom.com/",NA
"338","I-Resource Consulting International","https://clutch.co/profile/i-resource-consulting-international","http://iresourceconsulting.com/","marketing@iresourceconsulting.com"
"339","SpiderLily Web Design","https://clutch.co/profile/spiderlily-web-design","https://spiderlilyweb.com/","info@SpiderLilyWeb.com"
"340","Santus Media Ltd","https://clutch.co/profile/santus-media","http://santusmedia.com/","info@newcloudnetworks.com"
"341","Agemark Technology Ltd","https://clutch.co/profile/agemark-technology","http://www.agemarksoft.com/",NA
"342","Agenda Helsinki","https://clutch.co/profile/agenda-helsinki","https://www.agendahelsinki.fi","info@newcloudnetworks.com"
"343","Pinnacle IT, Managed Services","https://clutch.co/profile/pinnacle-it-managed-services","http://www.pinnacleitcrew.com/",NA
"344","TQIntelligence, Inc.","https://clutch.co/profile/tqintelligence","https://tqintelligence.com/","info@newcloudnetworks.com"
"345","CloudTechy","https://clutch.co/profile/cloudtechy","http://www.cloudtechy.com","kalrav@cloudtechy.com"
"346","SigurHQ","https://clutch.co/profile/sigurhq","https://sigur.io/","hello@sigur.io"
"347","Picksmart","https://clutch.co/profile/picksmart","https://www.picksmart.co.za/",NA
"348","High Wheel Software","https://clutch.co/profile/high-wheel-software","http://highwheelsoftware.com","info@newcloudnetworks.com"
"349","Wellnet S.r.l.","https://clutch.co/profile/wellnet-srl","https://www.wellnetconsulting.it/",NA
"350","eConsults KE","https://clutch.co/profile/econsults-ke","http://www.econsults.co.ke/","info@newcloudnetworks.com"
"351","EC Infosolutions Pvt. Ltd.","https://clutch.co/profile/ec-infosolutions","http://ecinfosolutions.com/",NA
"352","Made Media Ltd","https://clutch.co/profile/made-media","https://made.media/","birmingham@made.media"
"353","D1 Networks","https://clutch.co/profile/d1-networks","http://www.d1networks.net",NA
"354","Spud Software","https://clutch.co/profile/spud-software","https://www.spudsoftware.com/","info@newcloudnetworks.com"
"355","iMatic Technologies Limited","https://clutch.co/profile/imatic-technologies","http://itl.co.tz/",NA
"356","Cloudmoyo","https://clutch.co/profile/cloudmoyo-0","https://rail.cloudmoyo.com","info@newcloudnetworks.com"
