"","name","url","website","clutch_email"
"1","BJSS","https://clutch.co/profile/bjss","https://www.bjss.com/","info@bjss.com"
"2","SoftServe","https://clutch.co/profile/softserve","http://www.softserveinc.com/","info@softserveinc.com"
"3","GSV SYSTEMS LLP","https://clutch.co/profile/gsv-systems-llp","http://www.gsvsystems.com","info@gsvsystems.com"
"4","IT Risk Managers","https://clutch.co/profile/it-risk-managers","http://www.itriskmgrs.com","info@itriskmgrs.comNA"
"5","Clarion Technologies","https://clutch.co/profile/clarion-technologies","http://www.clariontech.com","info@clariontech.com"
"6","The APP Solutions","https://clutch.co/profile/app-solutions","https://theappsolutions.com","sales@theappsolutions.comNA"
"7","Realnets","https://clutch.co/profile/realnets","http://www.realnets.com","info@realnets.com"
"8","Eide Bailly","https://clutch.co/profile/eide-bailly","http://www.eidebailly.com","techinfo@eidebailly.com"
"9","7Factor Software","https://clutch.co/profile/7factor-software","https://www.7factor.io","contact@7factor.io"
"10","Aplana Software Services","https://clutch.co/profile/aplana-software-services","http://www.aplana.com","mail@aplana.com"
"11","Rave Infosys","https://clutch.co/profile/rave-infosys","http://www.raveinfosys.com","BD@raveinfosys.comNA"
"12","Maruti Techlabs","https://clutch.co/profile/maruti-techlabs","http://www.marutitech.com","hello@marutitech.comNA"
"13","47Billion","https://clutch.co/profile/47billion","http://47billion.com","anurag.rawat@47billion.com"
"14","WEBii","https://clutch.co/profile/webii","http://www.webii.net","sales@webii.netNA"
"15","648 Group","https://clutch.co/profile/648-group","http://www.648group.com/mobile-developers","office@648group.comNA"
"16","One12th","https://clutch.co/profile/one12th","https://one12th.io/","ask@one12th.io"
"17","Zarego","https://clutch.co/profile/zarego","http://www.zarego.com","info@zarego.com"
"18","Beyond the Arc","https://clutch.co/profile/beyond-arc","http://beyondthearc.com","web@beyondthearc.net"
"19","Human Pixel Pty Ltd","https://clutch.co/profile/human-pixel-pty","https://humanpixel.com.au","info@humanpixel.com.au"
"20","RoyCon Technologies","https://clutch.co/profile/roycon-technologies","http://www.roycon-tech.com","patrick@roycon-tech.comNA"
"21","Notamedia","https://clutch.co/profile/notamedia","http://nota.media","info@notamedia.ru"
"22","QualityWorks Consulting Group","https://clutch.co/profile/qualityworks-consulting-group","http://www.qualityworkscg.com","info@qualityworkscg.comNA"
"23","Rock Your Data","https://clutch.co/profile/rock-your-data","https://rockyourdata.cloud/","hello@rockyourdata.cloud"
"24","TechSparq","https://clutch.co/profile/techsparq","http://www.techsparq.com","info@techsparq.com"
"25","Horicent Systems","https://clutch.co/profile/horicent-systems","http://horicent.com/","discussion@horicent.com"
"26","Big Field Digital","https://clutch.co/profile/big-field-digital","http://www.bigfielddigital.com/","'info@bigfielddigital.comNA"
"27","Shezartech","https://clutch.co/profile/shezartech","http://www.ShezarTech.com","info@shezartech.com"
"28","DirectDefense","https://clutch.co/profile/directdefense","https://www.directdefense.com/","sales@directdefense.com"
"29","TechShare Group Inc.","https://clutch.co/profile/techshare-group","https://www.techshare.ca","michael.grant@techshare.ca"
"30","New Peak Solutions","https://clutch.co/profile/new-peak-solutions","http://www.newpeaksolutions.com/","info@newpeaksolutions.com"
"31","Internet Solutions For Less","https://clutch.co/profile/internet-solutions-less","https://www.internetsolutionsforless.com","quotes@internetsolutionsforless.com"
"32","Vayam","https://clutch.co/profile/vayam","http://vayam-llc.com","sales@vayam-llc.comNA"
"33","ProcessIT -Custom Software for YOUR Business...","https://clutch.co/profile/processit-custom-software-your-business","https://processit.co.nz","sales@processit.co.nz"
"34","TogetherData","https://clutch.co/profile/togetherdata","https://togetherdata.com/en/tgd-experts-en","office@togetherdata.com"
"35","AIMDek Technologies","https://clutch.co/profile/aimdek-technologies","http://www.aimdek.com","marketing@aimdek.comNA"
"36","wEquipuSEO","https://clutch.co/profile/wequipuseo","http://wEquipuSEO.com","info@wequipu.comNA"
"37","Hitachi Consulting","https://clutch.co/profile/hitachi-consulting","http://www.hitachiconsulting.com/","info@hitachiconsulting.com"
"38","Revevol","https://clutch.co/profile/revevol","http://revevol.eu","gilles.meiers@revevol.euNA"
"39","AlignMinds Technologies","https://clutch.co/profile/alignminds-technologies","http://www.alignminds.com","info@alignminds.com"
"40","PSC Group","https://clutch.co/profile/psc-group","http://www.psclistens.com/","info@psclistens.com"
"41","ClientHouse","https://clutch.co/profile/clienthouse","http://www.clienthouse.com","marketing@clienthouse.com"
"42","MAXIMUS","https://clutch.co/profile/maximus","http://www.maximus.com/","media@maximus.comNA"
"43","Unitas Global","https://clutch.co/profile/unitas-global","http://www2.unitasglobal.com/index.html","sales@unitasglobal.com"
"44","47 Degrees","https://clutch.co/profile/47-degrees","https://www.47deg.com","hello@47deg.com"
"45","CLPS","https://clutch.co/profile/clps","http://www.clpsglobal.com","bd@clpsglobal.com"
"46","Applications on Networks Inc.","https://clutch.co/profile/applications-networks","https://appsonnet.com","sales@appsonnet.comNA"
"47","Servesys Infrastructure Services","https://clutch.co/profile/servesys-infrastructure-services","http://servesys.net/","info@servesys.net"
"48","Network Velocity","https://clutch.co/profile/network-velocity","http://nvelocity.com","info@nvelocity.comNA"
"49","Network Solutions Provider","https://clutch.co/profile/network-solutions-provider","http://www.networksolutionsprovider.com/","info@bjss.com"
"50","Forcepoint","https://clutch.co/profile/forcepoint","https://www.forcepoint.com/","info@bjss.com"
"51","Onapsis Inc.","https://clutch.co/profile/onapsis","https://www.onapsis.com/","info@onapsis.comNA"
"52","IT Lab","https://clutch.co/profile/it-lab","https://www.itlab.com/","hello@itlab.comNA"
"53","UEC Group","https://clutch.co/profile/uec-group","http://www.ronglian.com/en/index.html","marketing@ronglian.com"
"54","Enabling Technologies","https://clutch.co/profile/enabling-technologies","http://www.enablingtechcorp.com","info@enablingtechcorp.comNA"
"55","UKN Group","https://clutch.co/profile/ukn-group","https://www.ukngroup.com/","info@ukngroup.com"
"56","DedicatedIT","https://clutch.co/profile/dedicatedit","http://www.dedicatedit.com","sales@dedicatedit.com"
"57","Starport","https://clutch.co/profile/starport","http://starport.ca/","info@starport.ca"
"58","Edgewater Fullscope","https://clutch.co/profile/edgewater-fullscope","http://www.fullscope.com/","info@fullscope.com"
"59","Data Store 365 Limited","https://clutch.co/profile/data-store-365","http://www.datastore365.co.uk/","info@datastore365.co.uk"
"60","Outsourcing Programming Services","https://clutch.co/profile/outsourcing-programming-services","http://www.OutsourcingProgrammingServices.com","info@outsourcingprogrammingservices.com"
"61","Solutions Informatiques Inso","https://clutch.co/profile/solutions-informatiques-inso","https://shop.inso.ca/","info@inso.ca"
"62","Webfortis","https://clutch.co/profile/webfortis","http://www.webfortis.com/","info@webfortis.com"
"63","Netdigix Systems Inc","https://clutch.co/profile/netdigix-systems","https://www.netdigix.com","sales@netdigix.com"
"64","Safenames","https://clutch.co/profile/safenames","https://www.safenames.net/","info@safenames.netNA"
"65","Goukuai Cloud Library","https://clutch.co/profile/goukuai-cloud-library","https://www.gokuai.com/","support@gokuai.cn"
"66","Radiant Communications","https://clutch.co/profile/radiant-communications","http://www.radiant.net/","info@bjss.com"
"67","Compugen","https://clutch.co/profile/compugen","http://www.compugen.com/en/","marketing@compugen.com"
"68","Entrance: Software Consulting","https://clutch.co/profile/entrance-software-consulting","http://www.entrancesoftware.com","info@entrancesoftware.com"
"69","Your IT Department","https://clutch.co/profile/your-it-department","https://www.your-itdepartment.co.uk/","info@your-itdepartment.co.uk"
"70","Admiral Consulting Group","https://clutch.co/profile/admiral-consulting-group","http://www.admiral-usa.com/","admiral@admiral-usa.com"
"71","Lumina Technologies Ltd","https://clutch.co/profile/lumina-technologies","http://www.luminatech.co.uk/","info@luminatech.co.uk"
"72","Call One","https://clutch.co/profile/call-one","http://www.callone.com/","info@callone.com"
"73","Multipolar Technology","https://clutch.co/profile/multipolar-technology","http://www.multipolar.com/","center@multipolar.com"
"74","LAN2LAN","https://clutch.co/profile/lan2lan","https://www.lan2lan.com/","info@lan2lan.com"
"75","Proserve IT","https://clutch.co/profile/proserve-it","http://www.proserveit.com/","info@proserveit.comNA"
"76","ADM computing","https://clutch.co/profile/adm-computing","https://www.adm-computing.co.uk/","sales@adm-computing.co.ukNA"
"77","Axis Technical Group, Inc.","https://clutch.co/profile/axis-technical-group","http://www.axistechnical.com/","info@axistechnical.com"
"78","Results Technology","https://clutch.co/profile/results-technology","https://www.resultstechnology.com/","helpdesk@resultstechnology.com"
"79","Seepath Solutions","https://clutch.co/profile/seepath-solutions","http://www.seepath.com/","sales@seepath.com"
"80","Zog Inc","https://clutch.co/profile/zog","http://www.zoginc.com","sales@zoginc.com"
"81","Squad","https://clutch.co/profile/squad","http://www.squad.fr","Contact@squad.fr"
"82","Englishman Consulting","https://clutch.co/profile/englishman-consulting","http://www.englishmanconsulting.com","info@englishmanconsulting.com"
"83","OpSmart Tech","https://clutch.co/profile/opsmart-tech","http://www.opsmarttech.com/en/index.html","yi.nan@opsmarttech.comNA"
"84","ETech 7","https://clutch.co/profile/etech-7","http://www.etech7.com","sales@etech7.comNA"
"85","Dusof de México","https://clutch.co/profile/dusof-de-m%C3%A9xico","http://www.dusof.mx","alejandro.hernandernausof.mx"
"86","Techbit Solutions Pvt. Ltd. ","https://clutch.co/profile/techbit-solutions","http://www.techbitsolution.com/","tech@techbitsolution.com"
"87","Marco Technologies","https://clutch.co/profile/marco-technologies","https://www.marconet.com/","marco@marconet.comNA"
"88","beiNVENTiV ","https://clutch.co/profile/beinventiv","http://www.beinventiv.com","jeff@beinventiv.com"
"89","Sprout Technologies Ltd (SproutIT)","https://clutch.co/profile/sprout-technologies-sproutit","https://www.sproutit.co.uk/","support@sproutit.co.uk"
"90","SAPster IT Consulting","https://clutch.co/profile/sapster-it-consulting","http://www.sapsterit.com","sunny@sapsterit.comNA"
"91","Altis Technologies","https://clutch.co/profile/altis-technologies","https://www.altisinnovation.com","rajesh@altisinnovation.comNA"
"92","UK IT Networks","https://clutch.co/profile/uk-it-networks","http://www.ukitnetworks.com/","info@ukitnetworks.com"
"93","Management Technology Consulting","https://clutch.co/profile/management-technology-consulting","http://www.mtccrm.com/","darrylh@mtccrm.comNA"
"94","Blue Cube","https://clutch.co/profile/blue-cube","https://www.bluecubesecurity.com/","enquiries@bluecubesecurity.comNA"
"95","Xonicwave","https://clutch.co/profile/xonicwave","https://www.xonicwave.com/","info@xonicwave.comNA"
"96","Happier IT","https://clutch.co/profile/happier-it","https://www.happierit.com/","info@bjss.com"
"97","BCN Group Ltd","https://clutch.co/profile/bcn-group","https://bcn.co.uk/","info@bcn.co.ukNA"
"98","Redstation Limited","https://clutch.co/profile/redstation","http://www.redstation.com/","sales@redstation.comNA"
"99","PRO TECHnology","https://clutch.co/profile/pro-technology","http://www.protech-jo.com/","Info@protech-jo.com"
"100","STL","https://clutch.co/profile/stl","https://www.poweredbystl.com/","info@poweredbystl.com"
"101","S7 Technology Group","https://clutch.co/profile/s7-technology-group","http://www.s7tech.com/","info@s7tech.com"
"102","Aryson Technologies","https://clutch.co/profile/aryson-technologies","https://www.arysontechnologies.com","admin@arysontechnologieshnom"
"103","Crypracks","https://clutch.co/profile/crypracks","http://crypracks.com/","sales@crypracks.comNA"
"104","Alantex Corp","https://clutch.co/profile/alantex-corp","http://www.alantexcorp.com/","yanao@alantexcorp.com"
"105","Blue Sky Systems Limited","https://clutch.co/profile/blue-sky-systems","https://www.blueskysystems.co.uk/","sales@blueskysystems.co.uk"
"106","NeoGenesis Technical Solutions","https://clutch.co/profile/neogenesis-technical-solutions","https://neogenesis.com.jo/","Info@neogenesis.com.jo"
"107","Network Resource Technologies","https://clutch.co/profile/network-resource-technologies","http://www.networkresourcetech.com","info@networkresourcetech.com"
"108","DXC Technology","https://clutch.co/profile/dxc-technology","https://www.dxc.technology","info@bjss.com"
"109","Gregory Micallef Associates","https://clutch.co/profile/gregory-micallef-associates","http://www.gmal.co.uk/","sales@gmal.co.ukNA"
"110","Twinslash","https://clutch.co/profile/twinslash","http://www.twinslash.com","info@twinslash.com"
"111","Pactera","https://clutch.co/profile/pactera","https://en.pactera.com/","INFO_EN@PACTERA.COM"
"112","Becrypt","https://clutch.co/profile/becrypt","https://www.becrypt.com/uk/","info@becrypt.comNA"
"113","Radiant System Integration Ltd.","https://clutch.co/profile/radiant-system-integration","http://rsintegration.com/","info@rsintegration.com"
"114","SequoiaDB","https://clutch.co/profile/sequoiadb","http://www.sequoiadb.com/en/","contact@sequoiadb.com"
"115","Equinix Brasil","https://clutch.co/profile/equinix-brasil","https://www.equinix.com.br/","infobr@equinix.comNA"
"116","Ideal","https://clutch.co/profile/ideal","https://www.ideal.co.uk/","info@ideal.co.ukNA"
"117","Astragraphia","https://clutch.co/profile/astragraphia","https://www.astragraphia.co.id/","info@astragraphia.co.id"
"118","GEOCOM","https://clutch.co/profile/geocom","https://www.geocom.com.uy/","info@geocom.com.uyNA"
"119","ProtektNet","https://clutch.co/profile/protektnet","https://protektnet.com/","mssp@protektnet.com"
"120","BytePitch - Software Labs","https://clutch.co/profile/bytepitch-software-labs","http://www.bytepitch.com","hello@bytepitch.com"
"121","SolidSoft ","https://clutch.co/profile/solidsoft","http://www.solid-soft.net/","info@solid-soft.net"
"122","SoftKraft","https://clutch.co/profile/softkraft","http://softkraft.co/","arkadiusz.kwasny@gmail.com"
"123","Acclivis Technologies and Solutions","https://clutch.co/profile/acclivis-technologies-solutions","https://www.acclivis.com/","enquiry@acclivis.com"
"124","MindU","https://clutch.co/profile/mindu","https://www.mindu.co.il/","contact@mindu.co.il"
"125","hagel IT-Services","https://clutch.co/profile/hagel-it-services","https://www.hagel-it.de/","info@hagel-it.de"
"126","Diagramics Software Corporation","https://clutch.co/profile/diagramics-software-corporation","http://www.diagramics.com/","support@diagramics.com"
"127","Cloudtech","https://clutch.co/profile/cloudtech","http://www.cloudtech.ie/","info@cloudtech.ie"
"128","Qiniu Cloud","https://clutch.co/profile/qiniu-cloud","https://www.qiniu.com/en","gaoqingfei@qiniu.com"
"129","WAMS Inc","https://clutch.co/profile/wams","http://www.wamsinc.com/","info@wamsinc.com"
"130","Comminus","https://clutch.co/profile/comminus","http://www.comminus.hr","info@comminus.hrNA"
"131","PeerSafe","https://clutch.co/profile/peersafe","http://www.peersafe.com/index_English.html","shenhengyu@peersafe.cn"
"132","ITQ","https://clutch.co/profile/itq","https://itq-qatar.com/","info@itq-qatar.comNA"
"133","Mobatia Technology Pvt. Ltd.","https://clutch.co/profile/mobatia-technology","http://www.mobatia.com","sales@mobatia.com"
"134","Server Guru IT Support","https://clutch.co/profile/server-guru-it-support","https://serverguru.com.au/","support@serverguru.com.auNA"
"135","Falcons Soft","https://clutch.co/profile/falcons-soft","http://www.falconssoft.com","sales@falconssoft.comNA"
"136","Sorsis Limited","https://clutch.co/profile/sorsis","http://www.sorsis.com/","info@sorsis.com"
"137","Actifio","https://clutch.co/profile/actifio","https://www.actifio.com/","info@actifio.com"
"138","Logicworks","https://clutch.co/profile/logicworks","https://www.logicworks.com/","sales@logicworks.net"
"139","VerticHost","https://clutch.co/profile/vertichost","https://vertichost.com/","support@vertichost.comNA"
"140","Mandic Cloud Solutions","https://clutch.co/profile/mandic-cloud-solutions","https://www.mandic.com.br/","info@bjss.com"
"141","RBA Consulting","https://clutch.co/profile/rba-consulting","http://www.rbaconsulting.com/","info@rbaconsulting.com"
"142","Cybersec Technology (BD) Ltd","https://clutch.co/profile/cybersec-technology-bd","http://www.cstbl.com/","info@cstbl.com"
"143","bdtask","https://clutch.co/profile/bdtask","https://www.bdtask.com/","business@bdtask.comNA"
"144","Prolifics","https://clutch.co/profile/prolifics","http://www.prolifics.com","solutions@prolifics.com"
"145","Entelect","https://clutch.co/profile/entelect","https://www.entelect.co.za/","career@entelect.co.zaNA"
"146","Applied Risk B.V","https://clutch.co/profile/applied-risk-bv","https://applied-risk.com/","info@applied-risk.comNA"
"147","Fasset Limited","https://clutch.co/profile/fasset","http://www.fasset.co.uk/","marketing@fasset.co.uk"
"148","BI Brainz","https://clutch.co/profile/bi-brainz","http://bibrainz.com/","info@bibrainz.com"
"149","BiOS","https://clutch.co/profile/bios","https://www.biosjp.com/","solutions@biosjp.com"
"150","Ross Technologies, (RTGX)","https://clutch.co/profile/ross-technologies-rtgx","http://www.rtgx.com/","info@rtgx.comNA"
"151","Clarity Insights","https://clutch.co/profile/clarity-insights","https://www.clarityinsights.com","info@clarityinsights.comNA"
"152","EXCEED IT Services","https://clutch.co/profile/exceed-it-services","http://exceedgulf.com","info@exceedgulf.com"
"153","Amber IT Ltd","https://clutch.co/profile/amber-it","http://amberit.com.bd","info@amberit.com.bd"
"154","Quotient Inc. ","https://clutch.co/profile/quotient","http://www.quotient-inc.com/","info@Quotient-Inc.com"
"155","Veloxiti","https://clutch.co/profile/veloxiti","https://veloxiti.com/","info@VELOXITI.com"
"156","ADA S.A.","https://clutch.co/profile/ada-sa","https://ada.co/","info@ada.co"
"157","Network Computing Solutions","https://clutch.co/profile/network-computing-solutions","http://www.ncs-grp.com/","Info@ncs-grp.com"
"158","Ancoris","https://clutch.co/profile/ancoris","http://www.ancoris.com","sales@ancoris.com"
"159","VLDB Solutions","https://clutch.co/profile/vldb-solutions","https://vldbsolutions.com/index.php","contact@vldbsolutions.comNA"
"160","Proactive IT","https://clutch.co/profile/proactive-it","https://www.proactiveitservices.com.au/","info@proactiveitservices.com.au"
"161","PremaIT Solutions","https://clutch.co/profile/premait-solutions","http://www.premait.com/","info@premait.com"
"162","New Power Host Ltd","https://clutch.co/profile/new-power-host","https://www.ndp-studio.com/","services@ndp-studio.com"
"163","3sage Consulting","https://clutch.co/profile/3sage-consulting","http://www.3sageconsulting.com","info@3sageconsulting.com"
"164","MidLink Computing","https://clutch.co/profile/midlink-computing","http://www.midlink.co.il/default.php","sales@midlink.co.il"
"165","TouchSoft","https://clutch.co/profile/touchsoft","https://touchsoft.co.uk/","info@touchsoft.co.uk"
"166","senhasegura","https://clutch.co/profile/senhasegura","http://www.senhasegura.com.br/","sales@senhasegura.com"
"167","Navertech Ltd","https://clutch.co/profile/navertech","https://www.navertech.co.uk/","info@navertech.com"
"168","D&S Solutions Pte Ltd","https://clutch.co/profile/ds-solutions-pte","http://www.ds-solutions.com.sg/","support@ds-solutions.com.sgNA"
"169","DL IDEAS PTE LTD","https://clutch.co/profile/dl-ideas-pte","https://dlideas.com/","enquiry@dlideas.com"
"170","IT System House LLC","https://clutch.co/profile/it-system-house","http://www.itsystemhouse.com/","info@itsystemhouse.comNA"
"171","CloudPros","https://clutch.co/profile/cloudpros","http://www.cloudpros.com/","info@bjss.com"
"172","Jaque","https://clutch.co/profile/jaque-0","https://jaque.me/","info@jaque.me"
"173","STRATALYCS Technologies Pvt Ltd","https://clutch.co/profile/stratalycs-technologies","https://stratalycs.com/","ravimutyala@stratalycs.com"
"174","South Carolina IT Support","https://clutch.co/profile/south-carolina-it-support","http://www.scitsupport.com/","info@scitsupport.com"
"175","PC Pro Group","https://clutch.co/profile/pc-pro-group","http://www.pcprogroup.com/","sales@pcm.comNA"
"176","Tewktech","https://clutch.co/profile/tewktech","https://www.tewktech.com/managed-services/","info@tewktech.comNA"
"177","""IT Specialist"", LLC","https://clutch.co/profile/it-specialist","https://www.my-itspecialist.com/","sales@my-itspecialist.com"
"178","Spice4G","https://clutch.co/profile/spice4g","http://spicenet.co.tz/","support@spicenet.co.tz"
"179","Global4Net sp. z o.o.","https://clutch.co/profile/global4net-sp-z-oo","http://www.global4net.com","biuro@global4net.com"
"180","Brain Station 23 Limited","https://clutch.co/profile/brain-station-23","http://www.brainstation-23.com/","sales@brainstation-23.com"
"181","Landscape Networks","https://clutch.co/profile/landscape-networks","http://www.landscapenetworks.co.uk/index.php","info@landscapenetworks.co.uk"
"182","Wattanak, Inc","https://clutch.co/profile/wattanak","https://www.wattanak.com","info@wattanak.comNA"
"183","Bluechip Computer Systems","https://clutch.co/profile/bluechip-computer-systems","https://www.bluechipgulf.ae/","sales@bluechipgulf.comNA"
"184","Pixo Host","https://clutch.co/profile/pixo-host","http://www.pixo.host/","Info@divihosting.comNA"
"185","MIVB Information Technology","https://clutch.co/profile/mivb-information-technology","http://www.mivbinfotech.com/","info@mivbinfotech.comNA"
"186","Cloud Industry ","https://clutch.co/profile/cloud-industry%C2%A0","https://www.cloudindustry.com/au/","daniel@cloudindustry.com"
"187","Redsoft Pro","https://clutch.co/profile/redsoft-pro","http://www.redsoft.pro","alexandra.dikusar@redsoft.proNA"
"188","Stunn","https://clutch.co/profile/stunn","https://www.stunn.co.uk/","hello@stunn.co.uk"
"189","Cogneto.io","https://clutch.co/profile/cognetoio","http://cogneto.io","hello@cogneto.io"
"190","High Availability Hosting Ltd","https://clutch.co/profile/high-availability-hosting","https://www.hahosting.com/","sales@hahosting.comNA"
"191","NeenOpal Intelligent Solutions Pvt. Ltd.","https://clutch.co/profile/neenopal-intelligent-solutions","https://www.neenopal.com/","megha.sharma@neenopal.com"
"192","Baltimore Computer Solutions LLC","https://clutch.co/profile/baltimore-computer-solutions","http://baltimorecomputersolutions.net/","brian@baltimorecomputersolutions.net"
"193","Maestro Solutions Ltd.","https://clutch.co/profile/maestro-solutions","http://www.maestro.com.bd/","info@maestro.com.bd"
"194","sqrrl","https://clutch.co/profile/sqrrl","https://sqrrl.com/","info@sqrrl.com"
"195","Locaweb","https://clutch.co/profile/locaweb","https://www.locaweb.com.br/","ouvidoria@locaweb.com.br"
"196","ICON Infotech Limited","https://clutch.co/profile/icon-infotech","http://icon-infotech.net/","hr@icon-infotech.net"
"197","aelf","https://clutch.co/profile/aelf","https://aelf.io/","contact@aelf.ioNA"
"198","Mercutio","https://clutch.co/profile/mercutio","https://www.getmercutio.com/","info@getmercutio.com"
"199","Pindrop","https://clutch.co/profile/pindrop","https://www.pindrop.com/","info-emea@pindrop.com"
"200","Artech Information Systems","https://clutch.co/profile/artech-information-systems","http://www.artechinfo.com/","marketing@artechinfo.com"
"201","Triage Connect, LLC","https://clutch.co/profile/triage-connect","http://www.triageconnect.com","steven.pelletier@triageconnect.com"
"202","Egton ","https://clutch.co/profile/egton","https://www.egton.net","info@bjss.com"
"203","Interativa Digital","https://clutch.co/profile/interativa-digital","https://www.interativadigital.com.br/","info@bjss.com"
"204","Apphocus","https://clutch.co/profile/apphocus","http://apphocus.com/","enquiry@apphocus.com"
"205","Enigma People Solutions","https://clutch.co/profile/enigma-people-solutions","http://www.enigmapeople.com/","hello@enigmapeople.com"
"206","Silicon Valley Software Group","https://clutch.co/profile/silicon-valley-software-group","http://svsg.co","contact@svsg.coNA"
"207","Infodesign Group","https://clutch.co/profile/infodesign-group","https://infodesign.ro/","office@infodesign.roNA"
"208","Webventure Development","https://clutch.co/profile/webventure-development","https://www.webventure.ro/","office@webventure.ro"
"209","NEPO Systems","https://clutch.co/profile/nepo-systems","http://www.neposystems.com","sales@neposystems.com"
"210","Inovio Technologies","https://clutch.co/profile/inovio-technologies","http://www.inov.io","rr@inov.io"
"211","Viva IT Limited","https://clutch.co/profile/viva-it","https://www.vivait.co.uk/","enquiry@vivait.co.uk"
"212","INGIMA","https://clutch.co/profile/ingima","http://www.ingima.com","contact.pa@ingima.com"
"213","Endeavor Management","https://clutch.co/profile/endeavor-management","https://www.endeavormgmt.com/","marketing@endeavormgmt.comNA"
"214","Vauxoo","https://clutch.co/profile/vauxoo","https://www.vauxoo.com/","getstarted@vauxoo.comNA"
"215","Simplus ","https://clutch.co/profile/simplus","http://Simplus.com","ryanw@simplus.com"
"216","ICT Solutions Limited","https://clutch.co/profile/ict-solutions","http://ictsolutionsltd.com/","info@ictsolutionsltd.comNA"
"217","Akita ","https://clutch.co/profile/akita","https://www.akita.co.uk/","info@akita.co.uk"
"218","6Estates","https://clutch.co/profile/6estates","https://www.6estates.com/","info@6estates.com"
"219","Systemic Agile","https://clutch.co/profile/systemic-agile","https://www.systemic-agile.co.uk/","debug@systemic-agile.co.uk"
"220","Cloud46 Limited","https://clutch.co/profile/cloud46","http://www.cloud46.co.uk/","contact@web46.co.uk"
"221","CloudNow Technologies","https://clutch.co/profile/cloudnow-technologies","https://www.cloudnowtech.com","info@cloudnowtech.comNA"
"222","SEBPO","https://clutch.co/profile/sebpo","https://www.sebpo.com/","JOBS.BD@SEBPO.C'OM"
"223","MERCAL CONSULTING GROUP","https://clutch.co/profile/mercal-consulting-group","https://www.mercal.pt/en/homepage/","mercal@mercal.pt"
"224","Vex Solutions","https://clutch.co/profile/vex-solutions","http://www.vexsolutions.com","info@vexsolutions.com"
"225","Websparrows Solutions Pvt. Ltd.","https://clutch.co/profile/websparrows-solutions","http://www.websparrows.com","info@websparrows.com"
"226","SYSTEMS INTEGRATED LTD (SYMPHONY)","https://clutch.co/profile/systems-integrated-symphony","http://www.symphony.co.ke","Info@symphony.co.ke"
"227","Adoptec","https://clutch.co/profile/adoptec","http://adop-tec.com","info@adop-tec.com"
"228","Percipio Consulting Group","https://clutch.co/profile/percipio-consulting-group","http://percipiogroup.com/","info@percipiogroup.com"
"229","Fair Solution Limited","https://clutch.co/profile/fair-solution","http://www.fsl.com.bd/","info@fsl.com.bd"
"230","Artistry Labs","https://clutch.co/profile/artistry-labs","https://www.artistrylabs.com/","marketing@artistrylabs.com"
"231","ZDAAS","https://clutch.co/profile/zdaas","http://zd-techsolutions.com/","info@zd-techsolutions.com"
"232","G&S | Gestión y sistemas","https://clutch.co/profile/gs-gesti%C3%B3n-y-sistemas","http://www.gestionysistemas.com/","anaclaudia.takia@gestionysistemas.comNA"
"233","Merchant Software Limited","https://clutch.co/profile/merchant-software","http://www.merchantsoftware.co.uk/","info@merchantsoftware.co.uk"
"234","E3 Consulting","https://clutch.co/profile/e3-consulting","http://www.e3businessconsultants.com","info@e3businessconsultants.comNA"
"235","Right Way Infotech","https://clutch.co/profile/right-way-infotech","http://rightwayinfotech.com/","info@rightwayinfotech.com"
"236","Kyrios","https://clutch.co/profile/kyrios","https://www.kyrios.ec/","info@kyrios.ec"
"237"," Tzu and Co. ","https://clutch.co/profile/tzu-co","http://tzuand.co/","accounts@tzuand.co"
"238","Phosphorus Cybersecurity Inc.","https://clutch.co/profile/phosphorus-cybersecurity","https://www.phosphorus.io/","contact@phosphorus.ioNA"
"239","Bitmax And Gauge Tech ","https://clutch.co/profile/bitmax-gauge-tech","http://www.bitmax.co.ke","info@bitmax.co.ke"
"240","NR Hosting","https://clutch.co/profile/nr-hosting","https://www.nrhosting.com/","mail@nrhosting.com"
"241","WebAngeles LLC","https://clutch.co/profile/webangeles","http://www.webangeles.com","info@bjss.com"
"242","Magenta Innova","https://clutch.co/profile/magenta-innova","http://www.magentainnova.com/site/","info@magentainnova.comNA"
"243","Sharp Soft Company","https://clutch.co/profile/sharp-soft-company","https://sharpsoftco.com","info@sharpsoftco.comNA"
"244","XITASO GmbH","https://clutch.co/profile/xitaso-gmbh","http://xitaso.com/en/","info@xitaso.com"
"245","Strata Advisory Group","https://clutch.co/profile/strata-advisory-group","http://strataadvisorygroup.com","contact@strataatrasorygroupoupm"
"246","INFINITE UPTIME","https://clutch.co/profile/infinite-uptime","https://infinite-uptime.com/","contact@infinite-uptime.com"
"247","CasaSoft","https://clutch.co/profile/casasoft","https://www.casasoft.mt/","hello@casasoft.mtNA"
"248","LMC France","https://clutch.co/profile/lmc-france","http://www.lmc-france.fr/","info@bjss.com"
"249","Xideral","https://clutch.co/profile/xideral","http://www.xideral.co/","contacto@xideral.co"
"250","Steinfeld Legal","https://clutch.co/profile/steinfeld-legal","https://steinfeldlegal.com/about/","office@steinfeldlegal.comNA"
"251","Zerintia Technologies","https://clutch.co/profile/zerintia-technologies","http://zerintia.com","info@zerintia.comNA"
"252","CloudCompass","https://clutch.co/profile/cloudcompass","https://www.cloudcompasstech.com/","sales@cloudcompasstech.comNA"
"253","Axios ","https://clutch.co/profile/axios","https://axiosdev.com.au/","jason@axiosdev.com.auNA"
"254","Alpha Blockchain and Technology Consulting","https://clutch.co/profile/alpha-blockchain-technology-consulting","https://www.alpha-blockchain.co/","info@alpha-blockchain.co"
"255","Code Wizards Ltd ","https://clutch.co/profile/code-wizards","http://www.codewizards.co.uk/","info@bjss.com"
"256","Aspiringteam System Pvt Ltd","https://clutch.co/profile/aspiringteam-system","http://aspiringteam.com/","info@aspiringteam.comNA"
"257","Frontier Solution","https://clutch.co/profile/frontier-solution","http://www.frontiersolution.com/","Info@FrontierSolution.com"
"258","Adaptive Systems","https://clutch.co/profile/adaptive-systems","http://www.adaptivesystemsinc.com","info@adaptivesystemsinc.com"
"259","Cromian","https://clutch.co/profile/cromian","https://cromian.com/","contact@cromian.com"
"260","Digital Designs - digitaldesigns.com","https://clutch.co/profile/digital-designs-digitaldesignscom","https://digitaldesigns.com/","strategy@digitaldesigns.com"
"261","Centillion","https://clutch.co/profile/centillion","https://centilliontech.in/index","sales@centilliontech.in"
"262","NextStep","https://clutch.co/profile/nextstep","http://nextstep.nexx.vn","toan.nguyen@nexx.vn"
"263","Pine Solutions Limited","https://clutch.co/profile/pine-solutions","https://pinesolutions.xyz/","info@pinesolution's.xyz"
"264","moonhost","https://clutch.co/profile/moonhost","https://moonhost.com.au","contact@moonhost.com.au"
"265","New Merkel Consulting Group","https://clutch.co/profile/new-merkel-consulting-group","https://newmerkel.com","info@newmerkel.comNA"
"266","ThumbStack Technologies Private Limited","https://clutch.co/profile/thumbstack-technologies-private","http://thumbstack.in","contact@thumbstack.in"
"267","Web Epoch","https://clutch.co/profile/web-epoch","https://www.web-epoch.com/","connect@web-epoch.com"
"268","Oxford Web Applications","https://clutch.co/profile/oxford-web-applications","https://www.oxfordwebapps.co.uk/","hello@oxfordwebapps.co.ukNA"
"269","Roskus","https://clutch.co/profile/roskus","https://roskus.com/","hello@roskus.com"
"270","Steed","https://clutch.co/profile/steed","http://steed.mx/","info@steed.mx"
"271","Advanced Software & It Services Ltd","https://clutch.co/profile/advanced-software-it-services","http://www.asit.com.bd/","info@asit.com.'bd"
"272","Canon Business Process Services","https://clutch.co/profile/canon-business-process-services","https://cbps.canon.com/","sdesmarais@cbps.canon.com"
"273","Allied Market Research","https://clutch.co/profile/allied-market-research","https://www.alliedmarketresearch.com/","help@alliedmarketresearch.com"
"274","The Black and White Agency","https://clutch.co/profile/black-white-agency","http://www.theblackandwhiteagency.com/","info@theblackandwhiteagency.com"
"275","gitconsol","https://clutch.co/profile/gitconsol","http://www.gitconsol.com/","info@gitconsol.com"
"276","Webfirst Inc","https://clutch.co/profile/webfirst","https://www.webfirst.com","info@webfirst.com"
"277","20 Miles North Web Design","https://clutch.co/profile/20-miles-north-web-design","https://20milesnorth.com/","info@20milesnorth.comNA"
"278","McBond","https://clutch.co/profile/mcbond","http://mcbond.ca/","bondvoice@gmail.com"
"279","Comptier","https://clutch.co/profile/comptier","http://www.comptier.com.au","hello@comptier.com.au"
"280","BBDO","https://clutch.co/profile/bbdo","http://www.bbdo.be/","info@bbdo.be"
"281","Polygon Technology","https://clutch.co/profile/polygon-technology","http://www.polygontechnology.org/","contact@polygontechnology.orgNA"
"282","Techhive.IO","https://clutch.co/profile/techhiveio","http://www.techhive.io","info@techhive.ioNA"
"283","IN2 Group","https://clutch.co/profile/in2-group","http://www.in2.hr/en","in2@in2.hr"
"284","DISKO","https://clutch.co/profile/disko-0","https://www.disko.fr/","contact@disko.fr'"
"285","TechTrix","https://clutch.co/profile/techtrix","http://techtrixbd.com/","hello@techtrixbd.com"
"286","factory42 GmbH","https://clutch.co/profile/factory42-gmbh","http://www.factory42.com/en/","info@factory42.com"
"287","Lazarus Group","https://clutch.co/profile/lazarus-group","http://www.lazarusgroup.com/","solutions@lazarusgroup.com"
"288","Ultra Consultants","https://clutch.co/profile/ultra-consultants","https://ultraconsultants.com/","contact@ultraconsultants.com"
"289","Keystone Solutions","https://clutch.co/profile/keystone-solutions","https://keystonesolutions.com/","info@bjss.com"
"290","Stone Soup Tech Solutions, LLC","https://clutch.co/profile/stone-soup-tech-solutions","http://www.stonesouptech.com","hello@stonesouptech.com"
"291","PRIME Software Plc","https://clutch.co/profile/prime-software-plc","https://primetechplc.com/","info@primetechplc.com"
"292","WBM Technologies","https://clutch.co/profile/wbm-technologies","https://www.wbm.ca/","web@wbm.caNA"
"293","zData Inc. ","https://clutch.co/profile/zdata","http://zdatainc.com","sales@zdatainc.com"
"294","SearchBar Marketing","https://clutch.co/profile/searchbar-marketing","https://www.searchbarmarketing.com/","info@searchbarmarketing.com"
"295","Bluebell People","https://clutch.co/profile/bluebell-people","https://www.bluebellpeople.com/","info@bluebellpeople.com"
"296","BW","https://clutch.co/profile/bw","https://www.belardiwong.com","info@bjss.com"
"297","CognitionX","https://clutch.co/profile/cognitionx","https://cognitionx.com/","info@cognitionx.ioNA"
"298","RNF Digital Innovation","https://clutch.co/profile/rnf-digital-innovation","http://www.rnfdigital.com","enquiries@rnfdigital.com"
"299","Hillman Saunders","https://clutch.co/profile/hillman-saunders","http://www.hillmansaunders.com/","info@bjss.com"
"300","MediaBase Direct Limited","https://clutch.co/profile/mediabase-direct","https://www.mediabasedirect.com","info@mediabasedirect.com"
"301","CadreNET Inc","https://clutch.co/profile/cadrenet","https://www.cadrenet.net","info@cadrenet.netNA"
"302","Aspirare Recruitment Scotland","https://clutch.co/profile/aspirare-recruitment-scotland","https://www.aspirare.co.uk/","info@aspirare.co.ukNA"
"303","Axians ICT Austria GmbH","https://clutch.co/profile/axians-ict-austria-gmbh","https://www.axians.at/en/","info@bjss.com"
"304","MetaCommunications","https://clutch.co/profile/metacommunications","https://www.workgroups.com/","info@bjss.com"
"305","Wixel","https://clutch.co/profile/wixel","https://wixelhq.com/","team@wixelhq.comNA"
"306","360 IT Professionals","https://clutch.co/profile/360-it-professionals","http://www.360itpro.com/","info@360itpro.com"
"307","MUSA Technology Partners, LLC.","https://clutch.co/profile/musa-technology-partners","http://www.musatechnology.com/","info01@musatechnology.com"
"308","BigR.io","https://clutch.co/profile/bigrio","https://bigr.io/","info@bigr.io"
"309","WINLALA Network","https://clutch.co/profile/winlala-network","http://winlala.com/en/index.html","winlalacmp@gmail.comNA"
"310","DigiPronto","https://clutch.co/profile/digipronto","http://www.digipronto.com.br/","contato@digipronto.com"
"311","23e2 Business Services","https://clutch.co/profile/23e2-business-services","http://23e2.com","dm@23e2.com"
"312","Movetech Solutions Ltd","https://clutch.co/profile/movetech-solutions","http://www.movetech.co.ke/","info@movetech.co.ke"
"313","SMART Management, Inc.","https://clutch.co/profile/smart-management","https://smartmgmt.com/","sales@smartmgmt.com"
"314","Catalyst Network Solutions","https://clutch.co/profile/catalyst-network-solutions","https://www.catalyst-solutions.ca/","info@bjss.com"
"315","Indigo Technologies","https://clutch.co/profile/indigo-technologies","http://www.indigo-tech.co.uk/","info@indigo-tech.co.uk"
"316","Creative Anvil","https://clutch.co/profile/creative-anvil","https://www.creativeanvil.com","hello@creativeanvil.com"
"317","Clearfield Software Limited","https://clutch.co/profile/clearfield-software","https://www.clearfield.com/","info@bjss.com"
"318","zCon Solutions","https://clutch.co/profile/zcon-solutions","http://www.zconsolutions.com","ameya.deshpande@teamzcon.com"
"319","Emerald TC","https://clutch.co/profile/emerald-tc","http://emeraldtc.com","lyearty@emeraldtc.com"
"320","Crawford Pimentel Corporation","https://clutch.co/profile/crawford-pimentel-corporation","http://www.crawfordpimentel.com/","info@cpconet.com"
"321","Concretio Apps ","https://clutch.co/profile/concretio-apps","http://www.concret.io","jince@concret.io"
"322","Mitiz Technologies","https://clutch.co/profile/mitiz-technologies","https://www.mitiztechnologies.com/","info@mitiztechnologies.com"
"323","VentureNet","https://clutch.co/profile/venturenet","http://vnetinc.com/","social@vnetinc.comNA"
"324","Anubbe","https://clutch.co/profile/anubbe","https://www.anubbe.com/","hola@anubbe.com.mx"
"325","Anti Chaos IT solutions","https://clutch.co/profile/anti-chaos-it-solutions","http://anti-chaos.com.au/","dharani.perera@anti-chaos.com.auNA"
"326","BMWARE Software Development","https://clutch.co/profile/bmware-software-development","http://www.bmwaresd.com/","angie.aquino@bmwaresd.com"
"327","ABC Creative","https://clutch.co/profile/abc-creative","http://www.abccreative.co.uk/","info@abccreative.co.uk"
"328","Web baja","https://clutch.co/profile/web-baja","https://www.wbaja.com/","mexicali@wbaja.comNA"
"329","Praxis Computing","https://clutch.co/profile/praxis-computing","http://www.praxis.co.za/","info@praxis.co.za"
"330","Incandescent","https://clutch.co/profile/incandescent","http://incandescent.com/","contact@incandescent.com"
"331","BOLDMIND","https://clutch.co/profile/boldmind","https://www.boldmind.co.uk/","dl@boldmind.co.uk"
"332","2AM agency","https://clutch.co/profile/2am-agency","http://2am-agency.com/","azra@2am-agency.com"
"333","Greenman IT Support","https://clutch.co/profile/greenman-it-support","http://greenmanitsupport.com/","contact@greenmanitsupport.com"
"334","Teqniksoft","https://clutch.co/profile/teqniksoft","http://Teqniksoft.com","contact@teqniksoft.comNA"
"335","Grayfox Technologies","https://clutch.co/profile/grayfox-technologies","http://www.grayfox.ae/","contact@grayfox.ae"
"336","Esali","https://clutch.co/profile/esali","https://www.esali.com/","arben@esali.com"
"337","Sthenica","https://clutch.co/profile/sthenica","http://www.sthenica.com/index.html","info@sthenica.comNA"
"338","BDG Panamá","https://clutch.co/profile/bdg-panam%C3%A1","http://www.bdgsa.net/es/","bdgpanama@bdgsa.net"
"339","Akscellence Info Solutions ","https://clutch.co/profile/akscellence-info-solutions","http://www.akscellenceinfo.com","ankit@akscellenceinfo.com"
"340","Kitquant","https://clutch.co/profile/kitquant","http://kitquant.com/","info@kitquant.com"
"341","SivanS","https://clutch.co/profile/sivans","https://sivans.jp/","info@sivans.jp"
"342","HuaRui.AI","https://clutch.co/profile/huaruiai","http://huarui.ai/","CONTACT@HUARUI.AI"
"343","Load Interactive","https://clutch.co/profile/load-interactive","http://load.digital/","info@load-interactive.com"
"344","Bayard Bradford","https://clutch.co/profile/bayard-bradford","https://www.bayardbradford.com","info@bayardbradford.comNA"
"345","Technolive","https://clutch.co/profile/technolive","http://www.technolive.co/","contact@technolive.coNA"
"346","Winner Software Pvt Ltd.","https://clutch.co/profile/winner-software","http://www.winnersoft.co.in","sales@winnersoft.co.in"
"347","SJC Business Management Inc.","https://clutch.co/profile/sjc-business-management","http://sjcmanage.com/","steve@sjcmanage.com"
"348","Aroma IT","https://clutch.co/profile/aroma-it","http://www.aromait.com/","zaman@aromait.com"
"349","MOUSE POTATO","https://clutch.co/profile/mouse-potato","https://www.mousepotato.ca/","info@bjss.com"
"350","Nextdoor Solutions Mexico","https://clutch.co/profile/nextdoor-solutions-mexico","http://www.ndsmexico.com/","'hola@ndsmexico.com"
"351","AllSmart TechnoSolutions Pvt Ltd","https://clutch.co/profile/allsmart-technosolutions","http://www.allsmart.in","sandeep.tudumu@allsmart.inNA"
"352","MIMIR Blockchain Solutions","https://clutch.co/profile/mimir-blockchain-solutions","https://mimirblockchain.solutions/","info@mimirblockchain.solutions"
"353","Inets","https://clutch.co/profile/inets","http://inetstz.com/","info@inetstz.com"
"354","ERP Consultants BD Ltd.","https://clutch.co/profile/erp-consultants-bd","http://www.erpcbd.com/","'abushahadathossain@gmail.comNA"
"355","Flyman Technology","https://clutch.co/profile/flyman-technology","http://www.flyman.co.tz/","info@flyman.co.tz"
"356","Elevatoz Loyalty","https://clutch.co/profile/elevatoz-loyalty","http://elevatozloyalty.com/home.html","info@bjss.com"
