"","name","url","website","clutch_email"
"1","Mindsight","https://clutch.co/profile/mindsight","http://www.gomindsight.com","jvitro@gomindsight.com"
"2","MNS Group","https://clutch.co/profile/mns-group","https://mnsgroup.com","sales@mnsgroup.com"
"3","Soren Innovations","https://clutch.co/profile/soren-innovations","http://soreninnovations.com","info@soreninnovations.com"
"4","Core Value Inc.","https://clutch.co/profile/core-value","https://corevalue.net/","info@corevalue.netNA"
"5","Infopulse ","https://clutch.co/profile/infopulse","http://www.infopulse.com","marketing@infopulse.com"
"6","VRP Consulting","https://clutch.co/profile/vrp-consulting","https://vrpinc.com/","marketing@vrpinc.comNA"
"7","CTG Tech","https://clutch.co/profile/ctg-tech","http://www.CTGManagedIT.com","sales@ctgtech.com"
"8","CloudSkope","https://clutch.co/profile/cloudskope","https://www.cloudskope.com","info@cloudskope.com"
"9","Gramercy Tech","https://clutch.co/profile/gramercy-tech","http://www.gramercytech.com","hello@gramercytech.com"
"10","AM-BITS","https://clutch.co/profile/am-bits","http://www.am-bits.com.ua","tn@am-bits.com.ua"
"11","JET BI","https://clutch.co/profile/jet-bi","https://jetbi.com","sales@jetbi.com"
"12","IT Path Solutions","https://clutch.co/profile/it-path-solutions","http://www.itpathsolutions.com","sales@itpathsolutions.com"
"13","E2logy","https://clutch.co/profile/e2logy","http://e2logy.com","sales@e2logy.comNA"
"14","3Q Digital","https://clutch.co/profile/3q-digital","https://3QDigital.com","info@3QDigital.com"
"15","Invatechs Software","https://clutch.co/profile/invatechs-software","https://www.invatechs.com/","i.vetrau@invatechs.comNA"
"16","APRO Software","https://clutch.co/profile/apro-software","http://apro-software.com","info@apro-it.eu"
"17","Hexagon Agency","https://clutch.co/profile/hexagon-agency","http://hexagon.agency/#!/","hello@hexagon.agency"
"18","Hvantage Technologies Inc","https://clutch.co/profile/hvantage-technologies","http://www.hvantagetechnologies.com","neelesh@hvantagetechnologies.com"
"19","Stepwise","https://clutch.co/profile/stepwise","https://www.stepwise.pl/","krzysztof.szukiec@stepwise.plNA"
"20","FreshCode","https://clutch.co/profile/freshcode","https://freshcodeit.com/services/software-development-clutch/?utm_source=clutch&utm_medium=referral","alex@freshcodeit.com"
"21","Velvetech LLC","https://clutch.co/profile/velvetech","https://www.velvetech.com/","info@velvetech.com"
"22","Logix Technology","https://clutch.co/profile/logix-technology","http://www.logixtek.com","toan.le@logixtek.comNA"
"23","DIGI-TEXX VIETNAM","https://clutch.co/profile/digi-texx-vietnam","https://digi-texx.vn/","info@digi-texx.vn"
"24","Yameo","https://clutch.co/profile/yameo","http://www.yameo.nl","sales@yameo.nl"
"25","Digi117","https://clutch.co/profile/digi117","http://digi117.com/","contact@digi117.com"
"26","BITEGRICO","https://clutch.co/profile/bitegrico","https://bitegri.co/","a@bitegri.co"
"27","MobileMan","https://clutch.co/profile/mobileman","http://www.mobileman.com","contact@mobileman.comNA"
"28","OnDefend","https://clutch.co/profile/ondefend","http://www.ondefend.com","contact@ondefend.com"
"29","MOST Programming","https://clutch.co/profile/most-programming","http://most-us.com","info@most-us.com"
"30","Towering Media","https://clutch.co/profile/towering-media","http://toweringmedia.com","support@toweringmedia.com"
"31","Emtec Inc.","https://clutch.co/profile/emtec","http://www.emtecinc.com/","information@emtecinc.com"
"32","Hands In Technology","https://clutch.co/profile/hands-technology","http://www.handsintechnology.com","info@handsintechnology.com"
"33","Technicate Solutions, Inc.","https://clutch.co/profile/technicate-solutions","http://www.technicate.com","sales@technicate.comNA"
"34","FlexSolution","https://clutch.co/profile/flexsolution","http://www.flex-solution.com","info@flex-solution.com"
"35","Scideas Solutions Pvt Ltd","https://clutch.co/profile/scideas-solutions","https://scideassolutions.com","info@scideassolutions.com"
"36","Astrea IT Services","https://clutch.co/profile/astrea-it-services","http://www.astreait.com/","marketing@astreait.com"
"37","Xantrion","https://clutch.co/profile/xantrion","https://www.xantrion.com/?utm_source=clutch&utm_medium=referral","info@xantrion.com"
"38","Gibraltar IT","https://clutch.co/profile/gibraltar-it","http://www.gibraltarit.com/","sales@gibraltarit.com"
"39","CIO Landing","https://clutch.co/profile/cio-landing","http://www.ciolanding.com/","info@CIOLanding.com"
"40","MetaOption","https://clutch.co/profile/metaoption","http://www.metaoption.com","info@metaoption.com"
"41","Cloud for Good","https://clutch.co/profile/cloud-good","http://cloud4good.com/","info@cloud4good.comNA"
"42","One Tech","https://clutch.co/profile/one-tech","http://www.onetechllc.com/","jvitro@gomindsight.com"
"43","Visionet Systems","https://clutch.co/profile/visionet-systems","https://www.visionetsystems.com/","sales@visionetsystems.com"
"44","Security On-Demand","https://clutch.co/profile/security-demand","https://www.securityondemand.com/","info@securityondemand.com"
"45","EIRE Systems","https://clutch.co/profile/eire-systems","http://www.eiresystems.com","info-jp@eiresystems.comNA"
"46","Foration Limited","https://clutch.co/profile/foration","https://www.foration.com","info@foration.com"
"47","SIS Software","https://clutch.co/profile/sis-software","http://www.sisn.com/","sales@sisn.comNA"
"48","Bi101 Consultants","https://clutch.co/profile/bi101-consultants","http://www.bi101.com/","sales@bi101.comNA"
"49","MCTS - Milne Craig Technology Solutions","https://clutch.co/profile/mcts-milne-craig-technology-solutions","https://www.mcts.co.uk","support@mcts.co.ukNA"
"50","Scalar Decisions","https://clutch.co/profile/scalar-decisions","https://www.scalar.ca/en/","jennifer.crisp@scalar.ca"
"51","Cornerstone.IT","https://clutch.co/profile/cornerstoneit","http://www.cornerstone.it","jim.moreo@cornerstone.it"
"52","WaveAccess USA","https://clutch.co/profile/waveaccess-usa","http://www.wave-access.com/","hello@wave-access.com"
"53","Radiansys","https://clutch.co/profile/radiansys","http://www.radiansys.com/","jvitro@gomindsight.com"
"54","Wangsu","https://clutch.co/profile/wangsu","http://en.wangsu.com/Home","mwsales@wangsu.comNA"
"55","Quality Software","https://clutch.co/profile/quality-software","http://www.quality.com.br/","central.atendimento@quality.com.br"
"56","GEM Technologies","https://clutch.co/profile/gem-technologies","https://gemtechnologies.net/","jvitro@gomindsight.com"
"57","BuróMC","https://clutch.co/profile/bur%C3%B3mc","http://www.bmcseguridad.com/","contacto@buromc.comNA"
"58","MediaAgility","https://clutch.co/profile/mediaagility","http://www.mediaagility.com","sales@mediaagility.com"
"59","CTS - Computer Talk Services Inc.","https://clutch.co/profile/cts-computer-talk-services","https://www.ctshelp.net/","sales@ctshelp.net"
"60","Quintel MC, Inc.","https://clutch.co/profile/quintel-mc","http://www.quintelmc.com","jvitro@gomindsight.com"
"61","Data Evolution, LLC","https://clutch.co/profile/data-evolution","http://www.dataev.com/","info@dataev.com"
"62","Lighthouse Technology Partners","https://clutch.co/profile/lighthouse-technology-partners","https://www.greenwichltp.com/","daveg@greenwichltp.com"
"63","DSS Digital Group","https://clutch.co/profile/dss-digital-group","http://dssdigitalgroup.com/","ir@dsssecure.com"
"64","UK2","https://clutch.co/profile/uk2","https://www.uk2.net/","sales@uk2.net"
"65","iSoftStone","https://clutch.co/profile/isoftstone","http://www.isoftstone.com/en/","contact@isoftstone.com"
"66","Herjavec Group","https://clutch.co/profile/herjavec-group","https://www.herjavecgroup.com/","sales@herjavecgroup.com"
"67","Planet E-com Solutions Pvt. Ltd.","https://clutch.co/profile/planet-e-com-solutions","http://www.planetecomsolutions.com","mchopra@planetecomsolutions.com"
"68","InterConsult Bulgaria","https://clutch.co/profile/interconsult-bulgaria","http://www.icb.bg/","icb@icb.bgNA"
"69","Bryley Systems","https://clutch.co/profile/bryley-systems","https://www.bryley.com/","ITExperts@Bryley.comNA"
"70","Champion Solutions Group","https://clutch.co/profile/champion-solutions-group","https://www.championsg.com/","champion.info@championsg.com"
"71","Omni212","https://clutch.co/profile/omni212","https://www.omni212.com/","info@omni212.comNA"
"72","iVision","https://clutch.co/profile/ivision","https://ivision.com/","margyle@ivision.com"
"73","VC3","https://clutch.co/profile/vc3","https://www.vc3.com/","info@vc3.comNA"
"74","SoftDent","https://clutch.co/profile/softdent","http://www.softdent.lt/","rytis.naginevicius@softdent.lt"
"75","Atlantix Global Systems","https://clutch.co/profile/atlantix-global-systems","http://www.atlantixglobal.com/","info@atlantixglobal.com"
"76","Block Solutions","https://clutch.co/profile/block-solutions","https://www.block.co.uk/","sales@block.co.uk"
"77","Peters & Associates","https://clutch.co/profile/peters-associates","https://www.peters.com/","info@peters.comNA"
"78","Computer Arts Inc","https://clutch.co/profile/computer-arts","https://www.gocai.com/","kreid@gocai.comNA"
"79","Telecom Computer","https://clutch.co/profile/telecom-computer","http://www.telecomcomputer.com/en/","sales@telecomcomputer.comNA"
"80","Neusol","https://clutch.co/profile/neusol","http://www.neusol-me.com/","info@neusol.com"
"81","Itera","https://clutch.co/profile/itera-0","https://www.iteraprocess.com","info.train.mx.df@it-institute.org"
"82","SilverBug","https://clutch.co/profile/silverbug","https://www.silverbug.it/","enquiries@silverbug.it"
"83","CMA","https://clutch.co/profile/cma","http://www.grupocma.com/","contactenos@grupocma.comNA"
"84","ESP Projects","https://clutch.co/profile/esp-projects","https://espprojects.co.uk/","sales@espprojects.co.uk"
"85","ISC Kentucky","https://clutch.co/profile/isc-kentucky","https://www.iscky.com/","jvitro@gomindsight.com"
"86","MESH TECHNOLOGIES LIMITED","https://clutch.co/profile/mesh-technologies","http://www.meshtechnologies.net/","mtl@meshtechnologies.net"
"87","Grupo AMAGI","https://clutch.co/profile/grupo-amagi","http://amagi.la/","jvitro@gomindsight.com"
"88","RTW Hosting","https://clutch.co/profile/rtw-hosting","http://www.rtwhosting.com/","sales@rtwhosting.comNA"
"89","VESK Ltd","https://clutch.co/profile/vesk","http://www.vesk.com/","info@vesk.com"
"90","Annodata","https://clutch.co/profile/annodata","https://www.annodata.co.uk/","service@annodata.co.uk"
"91","VEXXHOST","https://clutch.co/profile/vexxhost","https://vexxhost.com/","jvitro@gomindsight.com"
"92","Certero","https://clutch.co/profile/certero","http://www.certero.com/","info@certero.com"
"93","CLOUDTEAM","https://clutch.co/profile/cloudteam","https://www.cloudteam.vn/","info@cloudteam.vnNA"
"94","DBAK","https://clutch.co/profile/dbak","http://www.dbak.com/","Info@DBAK.com"
"95","Highstreet","https://clutch.co/profile/highstreet","https://highstreetit.com/","jvitro@gomindsight.com"
"96","Techmedics","https://clutch.co/profile/techmedics","http://www.techmedics.com/","info@techmedics.comNA"
"97","Direct Tec","https://clutch.co/profile/direct-tec","http://www.directtec.ca/","support@directtec.ca"
"98","Clearstream Group","https://clutch.co/profile/clearstream-group","http://www.clearstreamtechnology.co.uk/","support@clearstreamgroup.co.ukNA"
"99","TrnDigital","https://clutch.co/profile/trndigital","https://www.trndigital.com/office-365/","Info@TrnDigital.com"
"100","OBLIGR INDIA PVT LTD","https://clutch.co/profile/obligr-india","http://www.obligr.com","info@obligr.com"
"101","Lanmark ","https://clutch.co/profile/lanmark","https://www.lanmark.com/","sales@lanmark.com"
"102","Evolve Computers","https://clutch.co/profile/evolve-computers","https://evolvecomputers.co.uk/","support@evolvehelp.com"
"103","ACUMEN Corporation","https://clutch.co/profile/acumen-corporation","http://www.acumencorp.com/","LetsTalk@ACUMENcorp.com"
"104","HUCO","https://clutch.co/profile/huco","http://www.huco.co/","info@huco.coNA"
"105","Teqworks","https://clutch.co/profile/teqworks","http://www.teqworks.com/","info@teqworks.com"
"106","Infomega","https://clutch.co/profile/infomega","http://www.infomegatech.com","sales@infomegatech.com"
"107","Matrix Business Technology","https://clutch.co/profile/business-technology","https://www.matrix.jo/","info@sajaya.com"
"108","Saketa","https://clutch.co/profile/saketa","http://saketa.com/","sales@saketa.comNA"
"109","bitBirds Solutions","https://clutch.co/profile/bitbirds-solutions","https://bitbirds.com/","info@bitbirds.com"
"110","Phoenix Business Consulting","https://clutch.co/profile/phoenix-business-consulting","http://www.phoenixteam.com","marketing@phoenixteam.com"
"111","Domeneo France","https://clutch.co/profile/domeneo-france","http://www.domeneo.com/","info@domeneo.com"
"112","R Systems","https://clutch.co/profile/r-systems","http://analytics.rsystems.com/","sales.it@rsystems.com"
"113","Imagine Technologies BD. Ltd. ","https://clutch.co/profile/imagine-technologies-bd","http://www.imaginebd.com/","maher.murshed@imaginebd.com"
"114","Sirma Group","https://clutch.co/profile/sirma-group","https://sirma.com","office@sirma.comNA"
"115","W3 Engineers Ltd","https://clutch.co/profile/w3-engineers","https://w3engineers.com/","info@w3engineers.comNA"
"116","Exponent Partners","https://clutch.co/profile/exponent-partners","https://www.exponentpartners.com/","info@exponentpartners.com"
"117","ITMAGINATION","https://clutch.co/profile/itmagination","https://www.itmagination.com/en/home","office@itmagination.com"
"118","AGIT","https://clutch.co/profile/agit","http://www.ag-it.com/","marketing@ag-it.com"
"119","FPT Information System","https://clutch.co/profile/fpt-information-system","http://www.fpt-is.com/","contact@fis.com.vn"
"120","Quantum Software","https://clutch.co/profile/quantum-software","http://quantumsoftwarellc.com/","smancuso@quantumsoftwarellc.com"
"121","STAFF IT","https://clutch.co/profile/staff-it","https://staffit.mx/","contacto@staffit.mx"
"122","Cloud Software Solution Ltd","https://clutch.co/profile/cloud-software-solution","https://cloudsoftwaresolution.com/","cloudsoftwaresolution@gmail.com"
"123","Praxis Solutions","https://clutch.co/profile/praxis-solutions","http://www.praxis.ae/","info@praxis.aeNA"
"124","Able Information Technology","https://clutch.co/profile/able-information-technology","http://www.ableit.co.kr/mains","jvitro@gomindsight.com"
"125","ROK Technologies","https://clutch.co/profile/rok-technologies","https://www.roktech.net/","info@roktech.net"
"126","Delta Infocom Limited","https://clutch.co/profile/delta-infocom","http://www.deltainfocom.com/","info@deltainfocom.com"
"127","TCG Network Services","https://clutch.co/profile/tcg-network-services","http://www.tcgns.com/","info@tcgns.comNA"
"128","Limbic Labs","https://clutch.co/profile/limbic-labs","http://limbiclabs.io","pepsi@limbiclabs.io"
"129","ng experts","https://clutch.co/profile/ng-experts","https://www.ngexperts.net/","sales@ngexperts.netNA"
"130","Innovative Architects","https://clutch.co/profile/innovative-architects","https://www.innovativearchitects.com","info@innovativearchitects.com"
"131","Valiant Technology","https://clutch.co/profile/valiant-technology","https://thevaliantway.com/","sales@thevaliantway.com"
"132","CTrends Software & Services Ltd.","https://clutch.co/profile/ctrends-software-services","http://www.ctrends-software.com/","office@ctrends-software.com"
"133","Sansom IT","https://clutch.co/profile/sansom-it","https://sansomit.com/","contact@sansomit.comNA"
"134","Bugsbd Ltd.","https://clutch.co/profile/bugsbd","https://www.bugsbd.com/","info@bugsbd.com"
"135","Platform 24","https://clutch.co/profile/platform-24","https://platform24.com.au/","rick@platform24.com.au"
"136","303 Networks","https://clutch.co/profile/303-networks","http://303networks.com/","Info@303Networks.com"
"137","Ncrypted Technologies","https://clutch.co/profile/ncrypted-technologies","http://www.ncrypted.net/","sales@ncrypted.com"
"138","Wombat Security Technologies","https://clutch.co/profile/wombat-security-technologies","https://www.wombatsecurity.com/","info@wombatsecurity.com"
"139","RNTrust","https://clutch.co/profile/rntrust","https://www.recro.ae/","sales@rntrust.ae"
"140","Clarkston Consulting","https://clutch.co/profile/clarkston-consulting","https://clarkstonconsulting.com","info@clarkstonconsulting.com"
"141","FusionStorm","https://clutch.co/profile/fusionstorm","http://fusionstorm.com/","jvitro@gomindsight.com"
"142","Power Display Technologies","https://clutch.co/profile/power-display-technologies","https://www.pdtbd.com/","info@pdtbd.com"
"143","BDCOM ONLINE LIMITED","https://clutch.co/profile/bdcom-online","http://www.bdcom.com/","office@bdcom.'comNA"
"144","ITWorx","https://clutch.co/profile/itworx","http://www.itworx.com/","info@itworx.comNA"
"145","IT Researches","https://clutch.co/profile/it-researches","http://itresearches.com/en/","info@itresearches.com"
"146","Apex Systems","https://clutch.co/profile/apex-systems","https://www.apexsystems.com/Pages/default.aspx","employeeservices@apexsystemsinc.com"
"147","InfoTech Solutions For Business","https://clutch.co/profile/infotech-solutions-business","https://www.infotechfb.com/","jvitro@gomindsight.com"
"148","SIRUP digital communications","https://clutch.co/profile/sirup-digital-communications","https://www.sirup.com","hello@sirup.comNA"
"149","Kinetix Technologies","https://clutch.co/profile/kinetix-technologies","https://www.kbisp.com/","sales@kbisp.com"
"150","Integrated Systems Management Inc.","https://clutch.co/profile/integrated-systems-management","http://www.ismnet.com","contact@ismnet.comNA"
"151","Lumen21, Inc","https://clutch.co/profile/lumen21","https://www.lumen21.com/","Sales@Lumen21.com"
"152","Imaginet International Inc.","https://clutch.co/profile/imaginet-international","https://www.imaginet.com.ph/","sales@imaginet.com.ph"
"153","Acumen IT","https://clutch.co/profile/acumen-it","https://acumenit.com/","info@acumenit.com"
"154","PNLTools Ltd","https://clutch.co/profile/pnltools","http://www.pnltools.com/","sales@pnltools.comNA"
"155","Cascade Divide Data Centers","https://clutch.co/profile/cascade-divide-data-centers","http://www.cascadedivide.com","jeffery.henry@cascadedivide.com"
"156","LARION","https://clutch.co/profile/larion","https://larion.com/","info@larion.com"
"157","HanSight","https://clutch.co/profile/hansight","http://en.hansight.com/","contact@HanSight.comNA"
"158","Abiquo","https://clutch.co/profile/abiquo","https://www.abiquo.com/","sales@abiquo.com"
"159","Quartech","https://clutch.co/profile/quartech","http://www.quartech.com","jvitro@gomindsight.com"
"160","Summit Communications Ltd","https://clutch.co/profile/summit-communications","http://www.summitcommunications.net/","info@summitcommunications.netNA"
"161","SOMOTNET HCM","https://clutch.co/profile/somotnet-hcm","https://smnet.vn/en/","hello@smnet.vn"
"162","Tegos","https://clutch.co/profile/tegos","https://www.tegos-group.com/en/","sales@tegos.eu"
"163","Sentrium S.L.","https://clutch.co/profile/sentrium-sl","https://sentrium.io","sales@sentrium.io"
"164","dokumenta","https://clutch.co/profile/dokumenta","https://dokumenta.de/","kontakt@dokumenta.de"
"165","N2N Technologies Inc.","https://clutch.co/profile/n2n-technologies","http://www.n2ntech.com/","support@n2ntech.com"
"166","Infosgroup","https://clutch.co/profile/infosgroup","http://www.infosgroup.com/web/portal/inicio","panama@infosgroup.com"
"167","Lannet Technologies ","https://clutch.co/profile/lannet-technologies","http://www.lannettechnology.com","info@lannettechnology.com"
"168","Amigo Corporation","https://clutch.co/profile/amigo-corporation","http://amigo.vn/en/","contact@amigo.vn"
"169","Navcities","https://clutch.co/profile/navcities","http://www.navcities.com/","contact@navcities.com"
"170","ClientSolv","https://clutch.co/profile/clientsolv","http://www.clientsolv.com/","info@ClientSolv.com"
"171","Hello World Communications","https://clutch.co/profile/hello-world-communications","http://helloworldbd.com/","jvitro@gomindsight.com"
"172","Singhammer IT Consulting","https://clutch.co/profile/singhammer-it-consulting","http://www.singhammer.com/","easy@singhammer.com"
"173","PYXIS Soluciones Tecnológicas","https://clutch.co/profile/pyxis-soluciones-tecnol%C3%B3gicas","https://pyxis-solutec.com/","hola@pyxis-solutec.com"
"174","Pareto Platform","https://clutch.co/profile/pareto-platform","http://crm.paretoplatform.com/","inquiries@paretoplatform.com"
"175","ACNEt Center","https://clutch.co/profile/acnet-center","http://acnetcenter.com/","info@acnetcenter.com"
"176","VEH Enterprises, Inc","https://clutch.co/profile/veh-enterprises","http://www.vehenterprises.com/","webmaster@vehenterprises.com"
"177","ELEVI Associates","https://clutch.co/profile/elevi-associates","http://www.elevi.net/?lipi=urn%3Ali%3Apage%3Ad_flagship3_company%3BhFL0gP3pQFiSksP94%2BxEXQ%3D%3D","info@elevi.net"
"178","Stimulus Technologies","https://clutch.co/profile/stimulus-technologies","https://www.stimulustech.com/","sales@stimulustech.comNA"
"179","Exmos","https://clutch.co/profile/exmos","https://www.exmos.com/","info@exmos.com"
"180","Sharptag","https://clutch.co/profile/sharptag","http://www.sharptag.com","sales@sharptag.com"
"181","Commlink Info Tech Ltd.","https://clutch.co/profile/commlink-info-tech","https://www.commlinkinfotech.com/","info@commlinkinfotech.comNA"
"182","Cloudmin.net","https://clutch.co/profile/cloudminnet","http://cloudmin.net/","support@'cloudmin.net"
"183","Bluwebz","https://clutch.co/profile/bluwebz","http://bluwebz.com/","info@bluwebz.comNA"
"184","EXE Corp","https://clutch.co/profile/exe-corp","http://exe.com.vn/","hanh.pham@exe.com.vn"
"185","Globtier Infotech Inc.","https://clutch.co/profile/globtier-infotech","https://www.globtier.com","bd@globtier.com"
"186","Traydstream","https://clutch.co/profile/traydstream","https://www.traydstream.com/","info@traydstream.com"
"187","Saffron","https://clutch.co/profile/saffron","http://www.saffron.pl/en","info@saffron.pl"
"188","Tigabytes Latam","https://clutch.co/profile/tigabytes-latam","http://www.tigabytes.com","google@tigabytes.com"
"189","IT Strategists","https://clutch.co/profile/it-strategists","http://www.itstrategists.com/","info@itstrategists.comNA"
"190","Resitek Information Technologies Inc.","https://clutch.co/profile/resitek-information-technologies","http://www.resitek.com","info@resitek.comNA"
"191","Clive","https://clutch.co/profile/clive","http://iloveclive.co.uk/","hello@iloveclive.co.ukNA"
"192","IT Foundations Limited","https://clutch.co/profile/it-foundations","http://www.itfoundations.com/","sales@itfoundations.com"
"193","Grove Technologies","https://clutch.co/profile/grove-technologies","https://grovetech.co/","jon@grovetech.co"
"194","Territorio Creativo ","https://clutch.co/profile/territorio-creativo","https://www.territoriocreativo.es/","info@territoriocreativo.es"
"195","Public Consulting Group","https://clutch.co/profile/public-consulting-group","http://www.publicconsultinggroup.com/","info@publicconsultinggroup.comNA"
"196","ITSOL","https://clutch.co/profile/itsol","http://itsol.vn/en/","cuongdc@itsol.vn"
"197","Lenity Technology","https://clutch.co/profile/lenity-technology","http://www.lenitytech.com/","nerds@lenitytech.com"
"198","Rochement","https://clutch.co/profile/rochement","https://rochement.com","brian@rochement.com"
"199","Swift Future","https://clutch.co/profile/swift-future","http://www.swiftfuture.com","adam.ebrahem@swiftfuture.com"
"200","Awara Group","https://clutch.co/profile/awara-group","https://www.awaragroup.com/","info@awara-russia.com"
"201","Xyples","https://clutch.co/profile/xyples","https://xyples.com/","info@xyples.com"
"202","Navantis","https://clutch.co/profile/navantis","https://www.navantis.com/","info@navantis.com"
"203","Bastille","https://clutch.co/profile/bastille","https://www.bastille.net/","info@bastille.netNA"
"204","CozyRoc","https://clutch.co/profile/cozyroc","http://www.cozyroc.com/","support@cozyroc.com"
"205","Pensar","https://clutch.co/profile/pensar","https://www.pensar.co.uk/","hello@pensar.co.uk"
"206","Paradigma ","https://clutch.co/profile/paradigma","http://www.paradigma.com.ar/contacto.html","jvitro@gomindsight.com"
"207","ENCODE","https://clutch.co/profile/encode","http://www.encodegroup.com/","gate@encodegroup.comNA"
"208","Strativa","https://clutch.co/profile/strativa","https://strativa.com/","samples@strativa.comNA"
"209","Infosolz Consultancy Services Pvt Ltd","https://clutch.co/profile/infosolz-consultancy-services","http://www.infosolz.com/mobile-application.php","support@infosolz.comNA"
"210","IntraSystems, Inc.","https://clutch.co/profile/intrasystems","http://www.intrasystems.com/","info@intrasystems.com"
"211","Stink Studios ","https://clutch.co/profile/stink-studios","https://www.stinkstudios.com/","daniel.bergmann@stink.co"
"212","Zup Innovation","https://clutch.co/profile/zup-innovation","http://www.zup.com.br/","diretoria@zup.com.br"
"213","Softyoug Solutions","https://clutch.co/profile/softyoug-solutions","http://www.softyoug.com","contact@softyoug.com"
"214","NuHarbor Security","https://clutch.co/profile/nuharbor-security","https://www.nuharborsecurity.com/","info@nuharborsecurity.com"
"215","RNB Group Limited","https://clutch.co/profile/rnb-group","http://rnbgroup.co.uk/","hello@rnbgroup.co.uk"
"216","Bluesky Technologies Consultants","https://clutch.co/profile/bluesky-technologies-consultants","https://bluesky.ae/","info@mailbluesky.com"
"217","Data Path Ltd.","https://clutch.co/profile/data-path","https://www.data-path.net/","info@data-path.net"
"218","DyCode","https://clutch.co/profile/dycode","https://dycode.co.id/","office@dycode.com"
"219","IT Resource Center LTD","https://clutch.co/profile/it-resource-center","https://www.itrc.uk","saeed@itrc.uk"
"220","Solutio","https://clutch.co/profile/solutio","http://www.gruposolutio.com/","barcelona@gruposolutio.comNA"
"221","Cloud Nine Consulting","https://clutch.co/profile/cloud-nine-consulting","http://cloudnine.ie/","jvitro@gomindsight.com"
"222","Intelprise","https://clutch.co/profile/intelprise","https://intelprise.com","info@intelprise.comNA"
"223","TUV Rheinland OpenSky","https://clutch.co/profile/tuv-rheinland-opensky","http://tuvopensky.com","info@tuvopensky.com"
"224","Prime Holding JSC","https://clutch.co/profile/prime-holding-jsc","http://primeholding.com/","sales@primeholding.com"
"225","Ingens","https://clutch.co/profile/ingens","http://www.ingens-developments.com/","ingens@ingens-networks.com"
"226","VLT Kuala Lumpur","https://clutch.co/profile/vlt-kuala-lumpur","https://wearevlt.com/","hello@wearevlt.com"
"227","Netmark","https://clutch.co/profile/netmark-0","http://www.ntmk.com/","info@ntmk.com"
"228","GoVirtualMx","https://clutch.co/profile/govirtualmx","https://www.govirtual.com.mx/","contacto@govirtual.com.mx"
"229","NetWize","https://clutch.co/profile/netwize","https://www.netwize.com/","inquiries@netwize.comNA"
"230","VGM Forbin","https://clutch.co/profile/vgm-forbin","https://www.forbin.com/","sales@forbin.com"
"231","Izertis México","https://clutch.co/profile/izertis-m%C3%A9xico","https://www.izertis.com/","marketing@izertis.com"
"232","MP Software","https://clutch.co/profile/mp-software","http://mpsoftware.com.vn/en","sales@mpsoftware.com.vnNA"
"233","Firefly Network Services","https://clutch.co/profile/firefly-network-services","http://fireflytech.us/","don@fireflytech.usNA"
"234","Công ty TNHH DevTeam","https://clutch.co/profile/c%C3%B4ng-ty-tnhh-devteam","https://devteam.mobi","info@devteam.mobi"
"235","GBSYS","https://clutch.co/profile/gbsys","https://gbsys.com/","info@gbsys.com"
"236","iConsultants UK","https://clutch.co/profile/iconsultants-uk","https://www.iconsultants.uk.com","hello@iconsultants.uk.comNA"
"237","ZUMA TI","https://clutch.co/profile/zuma-ti","http://www.zuma-ti.com.mx","contacto@zuma-ti.com.mx"
"238","Microsan Consultancy Services","https://clutch.co/profile/microsan-consultancy-services","https://microsanconsulting.com/","info@microsanconsulting.com"
"239","Theorem","https://clutch.co/profile/theorem","http://www.theorem.co","jvitro@gomindsight.com"
"240","iRule","https://clutch.co/profile/irule","http://getirule.com/","jvitro@gomindsight.com"
"241","Lomax Guatemala","https://clutch.co/profile/lomax-guatemala","http://lomax.com.gt/","'info@lomax.com.gtNA"
"242","Pepper Foster Consulting","https://clutch.co/profile/pepper-foster-consulting","https://www.pepperfoster.com/","info@pepperfoster.com"
"243","Raiya Group","https://clutch.co/profile/raiya-group","http://www.raiyagroup.com","info@raiyagroup.com"
"244","NXT Digital Solutions","https://clutch.co/profile/nxt-digital-solutions","https://nxtds.com/","hello@nxtds.comNA"
"245","Sedulous Tech Solutions LLP","https://clutch.co/profile/sedulous-tech-solutions-llp","http://www.seduloustechnologies.com","ppaul@seduloustechnologies.com"
"246","Convey","https://clutch.co/profile/convey","http://www.convey.tv/index.html","sales@convey.tv"
"247","Cognizant Services","https://clutch.co/profile/cognizant-services","http://www.cognizant.com/","inquiry@cognizant.com"
"248","Banyan Hills Technologies","https://clutch.co/profile/banyan-hills-technologies","https://banyanhills.com/","info@banyanhills.comNA"
"249","Infinity Technology Solutions","https://clutch.co/profile/infinity-technology-solutions","https://www.infinitytechbd.com/","info@infinitytechbd.com'"
"250","GMO Internet","https://clutch.co/profile/gmo-internet","https://www.gmo.jp/","jvitro@gomindsight.com"
"251","SOUTECH","https://clutch.co/profile/soutech","https://www.soutechventures.com/","contact@soutechventures.com"
"252","DevRevolution","https://clutch.co/profile/devrevolution","http://devrevolution.com","contact@devrevolution.com"
"253","OneSpring","https://clutch.co/profile/onespring","http://www.onespring.net","sales@onespring.net"
"254","Intelligent Conversation","https://clutch.co/profile/intelligent-conversation","https://www.weareic.com/","hello@weareic.com"
"255","METHOD IT","https://clutch.co/profile/method-it","https://methodit.com/","hello@bentographics.com"
"256","Subra Systems Ltd","https://clutch.co/profile/subra-systems","http://subrasystems.com/","info@subrasystems.com"
"257","OLIVINE LIMITED","https://clutch.co/profile/olivine","http://www.olivineltd.com/","info@olivineltd.com"
"258","Mermaid Studios","https://clutch.co/profile/mermaid-studios","https://mermaidstudios.com/","hello@mermaidstudios.com"
"259","Zeiko Technologies","https://clutch.co/profile/zeiko-technologies","http://zeikotechnologies.com","zeikotechnologies44@gmail.com"
"260","Aussiedev Consulting","https://clutch.co/profile/aussiedev-consulting","http://aussiedev.com.au/","roman@aussiedev.com.au"
"261","TECH2MORO LIMITED","https://clutch.co/profile/tech2moro","http://www.tech2moro.net/","info@tech2moro.net"
"262","Go Consultores","https://clutch.co/profile/go-consultores","http://www.goconsultores.com/","info@goconsultores.com"
"263","Goappx","https://clutch.co/profile/goappx","https://www.goappx.com/","info@goappx.com"
"264","Square International Technology Consulting","https://clutch.co/profile/square-international-technology-consulting","http://www.sqitconsulting.com","sales@sqitconsulting.com"
"265","Xoxzo","https://clutch.co/profile/xoxzo","https://info.xoxzo.com/en/","help@xoxzo.com"
"266","Servntire Global","https://clutch.co/profile/servntire-global","https://servntire.com/","info@servntire.com"
"267","Website Technology Limited","https://clutch.co/profile/website-technology-0","https://webtech.com.bd/","info@webtech.com.bd"
"268","DreamArt Designs","https://clutch.co/profile/dreamart-designs","https://dreamartdesigns.com/","info@dreamartdesigns.com"
"269","belivIT","https://clutch.co/profile/belivit","http://www.belivit.com/","info@belivit.com'"
"270","Logic Fighters","https://clutch.co/profile/logic-fighters","http://logicfighters.com/","info@logicfighters.comNA"
"271","WARP Ltd","https://clutch.co/profile/warp","https://www.warp.lv/","jvitro@gomindsight.com"
"272","Omnicom","https://clutch.co/profile/omnicom","http://www.omnicomgroup.com/","publicaffairs@omnicomgroup.com"
"273","App Annie","https://clutch.co/profile/app-annie","http://www.appannie.com","contactsales@appannie.com"
"274","Prime Media Tech Solutions and Services ","https://clutch.co/profile/prime-media-tech-solutions-services","https://www.primemediatech.com/","info@primemediatech.comNA"
"275","TMRA Consulting, Inc.","https://clutch.co/profile/tmra-consulting","https://www.tmraconsulting.com/","info@tmraconsulting.comNA"
"276","Commerce Guys","https://clutch.co/profile/commerce-guys","https://commerceguys.com","info@commerceguys.com"
"277","Reality Matters","https://clutch.co/profile/reality-matters","http://www.realitymatters.eu","hello@realitymatters.euNA"
"278","Nimble Code Execution System","https://clutch.co/profile/nimble-code-execution-system","http://www.nicesoftware.com.bd/","info@nicesoftbd.comNA"
"279","Alcove","https://clutch.co/profile/alcove","http://www.alcove.fr/","mmt@alcove.fr"
"280","Twist Interactive Design Limited","https://clutch.co/profile/twist-interactive-design","http://www.twist-id.co.uk/","hello@twist-id.co.uk"
"281","Signals Lab","https://clutch.co/profile/signals-lab","http://www.signals.by","info@signals.by"
"282","Devhana","https://clutch.co/profile/devhana","https://www.devhana.com","contact@devhana.com"
"283","Fishnet NewMedia","https://clutch.co/profile/fishnet-newmedia","https://www.ahoy.com/","fishnet@ahoy.com"
"284","N PLUS","https://clutch.co/profile/n-plus","https://www.nplus-inc.co.jp/en/","info@nplus-inc.co.jp"
"285","Pintle","https://clutch.co/profile/pintle","https://www.pintle.dk/en/","info@pintle.dkNA"
"286","Thot'em Interactif","https://clutch.co/profile/thotem-interactif","http://www.thotem.com/","jvitro@gomindsight.com"
"287","Appius","https://clutch.co/profile/appius","http://www.appius.com/our-approach","jvitro@gomindsight.com"
"288","Accelerated IT Services","https://clutch.co/profile/accelerated-it-services","https://www.accelerated.de/en/","info@accelerated.de"
"289","Amelia, Inc.","https://clutch.co/profile/amelia","http://www.ameliaonline.net/","info@ameliaonline.net"
"290","Devfacto","https://clutch.co/profile/devfacto","https://www.devfacto.com/","contact@devfacto.com"
"291","FRONTLINE ","https://clutch.co/profile/frontline","https://www.frontline.com.sg","jvitro@gomindsight.com"
"292","Infopark AG","https://clutch.co/profile/infopark-ag","http://www.infopark.com","info@infopark.comNA"
"293","AIM Computer Solutions","https://clutch.co/profile/aim-computer-solutions","http://www.aimcom.com/","aim@aimcom.com"
"294","Inbay","https://clutch.co/profile/inbay","http://inbay.co.uk/","business@inbay.co.uk"
"295","Hawkins Personnel Group","https://clutch.co/profile/hawkins-personnel-group","http://www.hawkinspersonnel.com/","info@hawkinspersonnel.com"
"296","OMEP (Oregon Manufacturing Extension Partnership)","https://clutch.co/profile/omep-oregon-manufacturing-extension-partnership","https://www.omep.org/","jagnor@omep.org"
"297","Salesnet","https://clutch.co/profile/salesnet","https://www.salesnet.com/","jvitro@gomindsight.com"
"298","KF Interactive GmbH","https://clutch.co/profile/kf-interactive-gmbh","https://www.kf-interactive.com/","info@kf-interactive.comNA"
"299","TekTegrity Inc.","https://clutch.co/profile/tektegrity","http://www.tektegrity.com","info@TekTegrity.com"
"300"," Virtual Stacks Systems","https://clutch.co/profile/virtual-stacks-systems","http://www.virtualstacks.com","sales@virtualstacks.comNA"
"301","Red Brick Road","https://clutch.co/profile/red-brick-road","https://www.facebook.com/TheRedBrickRd/","recruitment@theredbrickroad.com"
"302","Jouple","https://clutch.co/profile/jouple","https://www.jouple.com/","sales@jouple.com"
"303","AKRYL ","https://clutch.co/profile/akryl","https://www.akryl.net","contact@akryl.net"
"304","Tickety Boo IT","https://clutch.co/profile/tickety-boo-it","https://www.ticketyboo.it","getsocial@ticketyboo.it"
"305","Smart Agencia Digital","https://clutch.co/profile/smart-agencia-digital","https://smartsi.co/","comercial@smartsi.infoNA"
"306","SumaSoft ","https://clutch.co/profile/sumasoft","http://www.sumasoft.com/","social@sumasoft.net"
"307","Valoris Center","https://clutch.co/profile/valoris-center","http://www.valoris.ro/en/","contact@valoris.ro"
"308","Centurysoft Private Limited","https://clutch.co/profile/centurysoft-private","https://www.centurysoft.com/","info@centurysoft.com"
"309","Lion & Lion","https://clutch.co/profile/lion-lion","https://lionandlion.com/","jobs@lionandlion.comNA"
"310","Snapcom Srl","https://clutch.co/profile/snapcom-srl","https://www.snapcom.it/","fb@snapcom.it"
"311","Mindzilla","https://clutch.co/profile/mindzilla","https://mindzilla.com/","hello@mindzilla.comNA"
"312","MCT (Methods Creativity Teamwork)","https://clutch.co/profile/mct-methods-creativity-teamwork","https://www.mctinc.jp","infodesk@daishinsha.jp"
"313","BoydTech Design, Inc.","https://clutch.co/profile/boydtech-design","http://boydtechdesign.com/","info@boydtechdesign.com"
"314","Globonix, Inc.","https://clutch.co/profile/globonix","http://globonix.com/","info@globonix.comNA"
"315","Expert WSI eMarketing","https://clutch.co/profile/expert-wsi-emarketing","https://www.expertwsiemarketing.com","contact@expertwsiemarketing.comNA"
"316","Eigen Innovations Inc.","https://clutch.co/profile/eigen-innovations","https://eigen.io/the-eigen-solution/","info@eigeninnovations.com"
"317","Triptongo","https://clutch.co/profile/triptongo","https://triptongo.com.ar/","info@triptongo.com.arNA"
"318","Afford Web Design","https://clutch.co/profile/afford-web-design","http://afford-web-design.co.uk/","anne@afford-web-deannn.co.uk"
"319","Kaisa Consulting Company, Inc.","https://clutch.co/profile/kaisa-consulting-company","https://www.kaisa.com/","info@kaisa.com"
"320","www.s2m.ma","https://clutch.co/profile/wwws2mma","http://www.s2m.ma/","info@s2m.net.ma"
"321","save the robots","https://clutch.co/profile/save-robots","http://www.savetherobots.services","info@savetherobots.services"
"322","ContCentric IT Services Pvt. Ltd","https://clutch.co/profile/contcentric-it-services","http://www.contcentric.com","sales@contcentric.comNA"
"323","Tech People","https://clutch.co/profile/tech-people","https://tech-people.com","info@tech-people.com"
"324","netConsult Ltd","https://clutch.co/profile/netconsult","http://www.netconsult.co.uk/","info@netconsult.co.uk"
"325","High-Tech Solutions","https://clutch.co/profile/high-tech-solutions","https://high-techsolutions.com/","info@high-techsolutions.com"
"326","ZynarTech","https://clutch.co/profile/zynartech","http://www.zynar.co","info@zynar.coNA"
"327","Rodgers Engineering","https://clutch.co/profile/rodgers-engineering","https://rodgersengineering.com","patrick@rodgersengineering.com"
"328","Karren, Hendrix, Stagg, Allen & Company","https://clutch.co/profile/karren-hendrix-stagg-allen-company","http://www.khsa.biz","jvitro@gomindsight.com"
"329","Happiness Saigon","https://clutch.co/profile/happiness-saigon","https://happiness-saigon.com/","info@happiness-saigon.com"
"330","Impulse Technologies ","https://clutch.co/profile/impulse-technologies","https://impulsetechuae.com/","info@impulsetechuae.com"
"331"," Capitol Technology Solutions","https://clutch.co/profile/capitol-technology-solutions","https://capitol.technology/","hello@capitol.technology"
"332","CM Solutions","https://clutch.co/profile/cm-solutions","https://www.cmsolutionsnow.com/","info@cmsolutionsnow.comNA"
"333","Nortech Network Services","https://clutch.co/profile/nortech-network-services","http://www.nortechservices.co.uk/default.asp?contentID=608","sales@nortechservices.co.uk"
"334","DTSolutions","https://clutch.co/profile/dtsolutions","http://www.dts.com.gt/","info@dts.com.gt"
"335","CentreRED iT","https://clutch.co/profile/centrered-it","http://www.centrered.com/","jvitro@gomindsight.com"
"336","Durweb Website Designs","https://clutch.co/profile/durweb-website-designs","https://durweb.ie/","info@durweb.ieNA"
"337","CRM Middle East","https://clutch.co/profile/crm-middle-east","http://www.crm-me.com/","admin@crm-me.ae"
"338","ALin IT&Design","https://clutch.co/profile/alin-itdesign","http://www.alinit.com","contact@alinit.com"
"339","Source Bridge","https://clutch.co/profile/source-bridge","http://www.sourcebridge.lt/","info@sourcebridge.lt"
"340","Customer Scout Inc","https://clutch.co/profile/customer-scout","http://www.customerscout.com/","sean@customerscout.comNA"
"341","Blue Cloud Digital Solutions","https://clutch.co/profile/blue-cloud-digital-solutions","http://www.bluecds.com/","info@bluecds.com"
"342","Iluminere","https://clutch.co/profile/iluminere","https://iluminere.com/","info@iluminere.com"
"343","Americankpo","https://clutch.co/profile/americankpo","http://www.americankpo.com/","contacto@'americankpo.com"
"344","Solutionario","https://clutch.co/profile/solutionario","https://www.solutionario.com/en","contacto@solutionario.comNA"
"345","Scryla Consultancy Ltd","https://clutch.co/profile/scryla-consultancy","http://scryla.co.uk/","nfo@scryla.co.ukNA"
"346","ICT Solutions Ltd.","https://clutch.co/profile/ict-solutions-0","http://www.ictsolutionsltd.website/","info@ictsolutionsltd.com"
"347","Near Coding","https://clutch.co/profile/near-coding","http://www.nearcoding.com/","info@nearcoding.com"
"348","Lance Alexander Communication LTD","https://clutch.co/profile/lance-alexander-communication","http://www.lance-alexander.net","info@lance-alexander.netNA"
"349","Optimal Track Limited","https://clutch.co/profile/optimal-track","http://www.optimal-track.com/","info@optimal-tr'ack.com"
"350","Biconst","https://clutch.co/profile/biconst","http://biconst.com","sales@biconst.comNA"
"351","BitRefine Group","https://clutch.co/profile/bitrefine-group","https://bitrefine.group","hello@bitrefine.group"
"352","IT for London Ltd","https://clutch.co/profile/it-london","http://www.itfor.london/","jvitro@gomindsight.com"
"353","Unilink Ltd.","https://clutch.co/profile/unilink","http://www.unilink.co.il/en","Info@unilink.co.il"
"354","Computer Springs","https://clutch.co/profile/computer-springs","https://www.computersprings.com/","info@computersprings.com"
"355","Webnet Technologies","https://clutch.co/profile/webnet-technologies","https://www.webnetech.com/","info@webnetech.com"
"356","Epic Culture","https://clutch.co/profile/epic-culture","http://epicculture.co","sales@epicculture.co"
