"","name","url","website","clutch_email"
"1","The Azure Cloud Experts","https://clutch.co/profile/azure-cloud-experts","https://theazurecloudexperts.com/","theaceteam@theazurecloudexperts.com"
"2","TruAdvantage","https://clutch.co/profile/truadvantage","http://www.truAdvantage.com","info@truAdvantage.com"
"3","Intivix","https://clutch.co/profile/intivix","https://www.intivix.com/","salesinfo@intivix.comNA"
"4","Trigent","https://clutch.co/profile/trigent","http://www.trigent.com/?Source=Clutch","sales-c@trigent.comNA"
"5","ServerCentral Turing Group (SCTG)","https://clutch.co/profile/servercentral-turing-group-sctg","https://servercentr.al/2hLKKsR","sales@servercentral.com"
"6","Treehouse Technology Group","https://clutch.co/profile/treehouse-technology-group","https://www.treehousetechgroup.com/","info@treehousetechgroup.com"
"7","Now IT Matters","https://clutch.co/profile/now-it-matters","http://www.nowitmatters.com","jonimartin@nowitmatters.comNA"
"8","Dito","https://clutch.co/profile/dito","http://www.ditoweb.com/","info@ditoweb.com"
"9","BMT - Business Marketing Tools","https://clutch.co/profile/bmt-business-marketing-tools","http://www.bmt-business.co.il","info@bmt-business.co.il"
"10","ITNow","https://clutch.co/profile/itnow","http://www.itnow.net","sales@itnow.netNA"
"11","MassMailer (Previously Mansa Systems)","https://clutch.co/profile/massmailer-previously-mansa-systems","https://massmailer.io/services/","hello@massmailer.io"
"12","Technogi","https://clutch.co/profile/technogi","http://www.technogi.com.mx","contact@technogi.com.mx"
"13","Claritus Management Consulting","https://clutch.co/profile/claritus-management-consulting","http://www.claritusconsulting.com/","info@claritusconsulting.comNA"
"14","INMEDIATUM","https://clutch.co/profile/inmediatum","https://inmediatum.com/","hello@inmediatum.com"
"15","feature[23]","https://clutch.co/profile/feature23","http://feature23.com","team@feature23.comNA"
"16","Audaxium","https://clutch.co/profile/audaxium","http://www.audaxium.com","craig@audaxium.comNA"
"17","CCS Technologies ","https://clutch.co/profile/ccs-technologies","http://www.ccs-technologies.com/","collaborate@ccs-technologies.comNA"
"18","Wishtree Technologies","https://clutch.co/profile/wishtree-technologies","http://www.wishtreetech.com","info@wishtreetech.com"
"19","Hostersi ","https://clutch.co/profile/hostersi","https://www.hostersi.pl/en/","contact@hostersi.com"
"20","Ulam Labs","https://clutch.co/profile/ulam-labs","https://ulam.io","contact@ulam.io"
"21","Reflexions ","https://clutch.co/profile/reflexions","http://reflexions.co","Info@reflexions.co"
"22","Berezha Security","https://clutch.co/profile/berezha-security","https://berezhasecurity.com","sales@berezhasecurity.com"
"23","Pinnacle Solutions","https://clutch.co/profile/pinnacle-solutions","http://thepinnaclesolutions.com","info@thepinnaclesolutions.cominf"
"24","Quest Global Technologies Limited","https://clutch.co/profile/quest-global-technologies","https://questglt.com/","info@questglt.com"
"25","60mn","https://clutch.co/profile/60mn","https://60mn.com","contact@60mn.com"
"26","LatentView Analytics","https://clutch.co/profile/latentview-analytics","http://www.LatentView.com","Sales@LatentView.com"
"27","Timvero","https://clutch.co/profile/timvero","http://timvero.com","dmitriy@timvero.com"
"28","Verbat Technologies","https://clutch.co/profile/verbat-technologies","http://www.verbat.com","uae@verbat.com"
"29","Bianor","https://clutch.co/profile/bianor","http://www.bianor.com","info@bianor.com"
"30","Lemay.ai","https://clutch.co/profile/lemayai","https://www.lemay.ai/","hi@lemay.ai"
"31","BEETSOFT Co Ltd","https://clutch.co/profile/beetsoft-co","http://beetsoft.com.vn/en/?utm_source=clutch&utm_medium=referral","chris@beetsoft.com.vn"
"32","Winjit Technologies","https://clutch.co/profile/winjit-technologies","http://www.winjit.com","contact@winjit.com"
"33","Zablesoft","https://clutch.co/profile/zablesoft","https://zablesoft.com","contact@zablesoft.com"
"34","INFINIT Consulting","https://clutch.co/profile/infinit-consulting","http://www.infinitconsulting.com/","info@infinitconsulting.com"
"35","PTG [Palmetto Technology Group]","https://clutch.co/profile/ptg-palmetto-technology-group","http://www.palmettotg.com/","info@palmettotg.com"
"36","Digital beings","https://clutch.co/profile/digital-beings","https://www.digitalbeings.net/es/","diego@digitalbeings.net"
"37","Telexar ","https://clutch.co/profile/telexar","http://www.telexarsoftware.com","info@telexarsoftware.comNA"
"38","Kainos","https://clutch.co/profile/kainos","https://www.kainos.com/","info@kainos.com"
"39","Armanino McKenna","https://clutch.co/profile/armanino-mckenna","http://www.amllp.com/","info@amllp.com"
"40","We Write Code","https://clutch.co/profile/we-write-code","https://wewritecode.com/","hello@wewritecode.com"
"41","Assured Enterprises","https://clutch.co/profile/assured-enterprises","https://www.assured.enterprises/","info@assured.enterprise"
"42","Integrated Access Solutions","https://clutch.co/profile/integrated-access-solutions","http://www.integratedaccess.net","sales@integratedaccess.netNA"
"43","Agile IT","https://clutch.co/profile/agile-it-0","http://www.agileit.com","sales@agileit.com"
"44","BIAS Corporation","https://clutch.co/profile/bias-corporation","http://biascorp.com/staff-augmentation/","info@biascorp.com"
"45","Network Consulting Services, Inc.","https://clutch.co/profile/network-consulting-services","https://ncspros.com/","info@ncspros.com"
"46","Gapps","https://clutch.co/profile/gapps","http://www.gapps.fi","info@gapps.fi"
"47","Dataprise","https://clutch.co/profile/dataprise","https://www.dataprise.com/","info@dataprise.comNA"
"48","The Resource Group","https://clutch.co/profile/resource-group","http://www.resgroup.com/","info@resgroup.com"
"49","Dynamic Manufacturing Solutions","https://clutch.co/profile/dynamic-manufacturing-solutions","http://www.dynamicsmanufacturingsolutions.com/","sales@dynms.com"
"50","Logicalis","https://clutch.co/profile/logicalis","https://www.logicalis.com/","info@logicalis.com"
"51","T-Tech","https://clutch.co/profile/t-tech","http://www.ttech.uk.com/","lauren@ttech.uk.comNA"
"52","Coe & Company","https://clutch.co/profile/coe-company","http://www.coesolutions.com/","info@coesolution.com"
"53","IT Weapons","https://clutch.co/profile/it-weapons","http://www.itweapons.com/","info@itweapons.comNA"
"54","XPERTECHS","https://clutch.co/profile/xpertechs","https://www.xpertechs.com/","marketing@xpertechs.comNA"
"55","Nuvento LLC","https://clutch.co/profile/nuvento","http://www.nuvento.com","ssebastian@nuvento.comNA"
"56","Warner Connect","https://clutch.co/profile/warner-connect","http://www.warnerconnect.com/","hwarner@warnerconnect.com"
"57","Creoal Consulting LLC","https://clutch.co/profile/creoal-consulting","http://www.creoal.com","info@creoal.comNA"
"58","Medma Infomatix Private Limited","https://clutch.co/profile/medma-infomatix-private","http://www.medma.net","sales@medma.net"
"59","MadWolf Technologies","https://clutch.co/profile/madwolf-technologies","http://www.madwolf.com/","info@madwolf.com"
"60","Darby Consulting","https://clutch.co/profile/darby-consulting","https://darbyconsulting.com/","info@darbyconsulting.comNA"
"61","Blueshield Technologies","https://clutch.co/profile/blueshield-technologies","https://www.blueshield.com.au","Sales@blueshield.com.au"
"62","NextGen Invent Corporation","https://clutch.co/profile/nextgen-invent-corporation","http://nextgeninvent.com/","info@nextgeninvent.com"
"63","HashRoot ","https://clutch.co/profile/hashroot","http://www.hashroot.com","info@hashroot.comNA"
"64","Zen Internet","https://clutch.co/profile/zen-internet","https://www.zen.co.uk/","sales@zen.co.ukNA"
"65","Total Networks","https://clutch.co/profile/total-networks","https://totalnetworks.com/","info@totalnetworks.comNA"
"66","Aspect Security","https://clutch.co/profile/aspect-security","https://www.aspectsecurity.com/","info@aspectsecurity.comNA"
"67","Managed It Services","https://clutch.co/profile/managed-it-services","https://www.extnoc.com/","sales@externetworks.com"
"68","Cloudreach","https://clutch.co/profile/cloudreach","https://www.cloudreach.com/","sales.team@cloudreach.com"
"69","Greenlight ITC","https://clutch.co/profile/greenlight-itc","https://www.greenlight-itc.com","sales@greenlight-itc.com"
"70","NetSource One","https://clutch.co/profile/netsource-one","http://www.nsoit.com/","theaceteam@theazurecloudexperts.com"
"71","Centerlogic, Inc","https://clutch.co/profile/centerlogic","https://www.centerlogic.com/","info@centerlogic.comNA"
"72","Lewan Technology","https://clutch.co/profile/lewan-technology","https://www.lewan.com","solutions@lewan.com"
"73","ARES Corporation","https://clutch.co/profile/ares-corporation","http://www.arescorporation.com/","theaceteam@theazurecloudexperts.com"
"74","Beacon Application Services Corporation","https://clutch.co/profile/beacon-application-services-corporation","http://www.beaconservices.com/","theaceteam@theazurecloudexperts.com"
"75","Portland Internetworks","https://clutch.co/profile/portland-internetworks","https://pdx.net/","hello@pdx.netNA"
"76","HighVail","https://clutch.co/profile/highvail","https://www.highvail.com/","info@highvail.com"
"77","Krusche & Company","https://clutch.co/profile/krusche-company","https://kruschecompany.com/","contact@kruschecompany.com"
"78","IP Pathways","https://clutch.co/profile/ip-pathways","https://ippathways.com/","sales@ippathways.com"
"79","Intersys Consulting","https://clutch.co/profile/intersys-consulting","https://www.intersysconsulting.com/","info@intersysconsulting.com"
"80","Accessible IT Services","https://clutch.co/profile/accessible-it-services","http://www.accessible-it.com","info@accessible-it.comNA"
"81","ATCS","https://clutch.co/profile/atcs","https://www.atcs.com/","info@atcs.com"
"82","S3 Technologies","https://clutch.co/profile/s3-technologies","http://www.s3tech.ca/","sales@s3tech.ca"
"83","Trajectory Inc","https://clutch.co/profile/trajectory","http://www.trajectoryinc.com","mrk.client@trajectoryinc.com"
"84","ServerSpace Limited","https://clutch.co/profile/serverspace","http://www.serverspace.co.uk/","sohm@serverspace.co.uk"
"85","Ennovatez","https://clutch.co/profile/ennovatez","http://ennovatez.com/","enquiries@ennovatez.com"
"86","Race Online Limited","https://clutch.co/profile/race-online","http://race.net.bd/","contact@race.net.bd"
"87","Consulmatic","https://clutch.co/profile/consulmatic","http://consulmatic.com/","info@consulmatic.com"
"88","C.C.S. (Leeds) Ltd","https://clutch.co/profile/ccs-leeds","http://www.ccsleeds.co.uk/","sales@ccsleeds.co.uk"
"89","Dynamix Solutions","https://clutch.co/profile/dynamix-solutions","http://www.dynamixsolutions.com/","info@dynamixsolutions.com"
"90","RJT Compuquest","https://clutch.co/profile/rjt-compuquest","http://rjtcompuquest.com/","theaceteam@theazurecloudexperts.com"
"91","Technology Solutions","https://clutch.co/profile/technology-solutions","https://techsolutions.cc","BusinessDevelopment@techsolutions.cc"
"92","Certus Technology Group","https://clutch.co/profile/certus-technology-group","http://www.certustg.com/","info@certustg.com"
"93","RIGHT TIME LIMITED","https://clutch.co/profile/right-time","http://www.righttime.biz/","ceo.tohid@righttime.bizNA"
"94","ConQuest Technology Services","https://clutch.co/profile/conquest-technology-services","http://www.conquest247.com/","support@conquest247.com"
"95","Metasystems Inc","https://clutch.co/profile/metasystems","http://www.metasystems.com/","info@metasystems.com"
"96","Affant Network Services","https://clutch.co/profile/affant-network-services","https://affant.com/?utm_source=http%3A//clutch.co/&utm_medium=referral&utm_campaign=clutch&utm_term=clutch-tracking","contact_us@affant.comNA"
"97","Bembalkar Mobitech and IT Solutions Pvt. Ltd.","https://clutch.co/profile/bembalkar-mobitech-it-solutions","http://www.bmitspl.com","tanmay.bembalkar@bembalkar.comemb"
"98","ARRC Technology","https://clutch.co/profile/arrc-technology","http://www.arrc.com","support@arrc.com"
"99","Injazat Data Systems","https://clutch.co/profile/injazat-data-systems","https://www.injazat.com","sales@injazat.com"
"100","Sound Networks","https://clutch.co/profile/sound-networks","http://www.soundnetworks.net/","networks@soundm.comNA"
"101","Itzdata","https://clutch.co/profile/itzdata","http://www.itzdata.tech/","info@itzdata.techNA"
"102","Datacentreplus","https://clutch.co/profile/datacentreplus","https://www.datacentreplus.co.uk/","hello@datacentreplus.co.uk"
"103","technologygroup","https://clutch.co/profile/technologygroup","http://www.technologygroup.co.uk/","info@tntg-is.comNA"
"104","Tanisha Systems, Inc","https://clutch.co/profile/tanisha-systems","http://www.tanishasystems.com/index.html","info@tanishasystems.com"
"105","Axcell Technologies, Inc","https://clutch.co/profile/axcell-technologies","http://axcelltech.com/","support@axcelltech.comNA"
"106","Service Informatique SoftFlow Canada","https://clutch.co/profile/service-informatique-softflow-canada","http://www.softflow.ca","c.roufan@hotmail.com"
"107","NewVoiceMedia","https://clutch.co/profile/newvoicemedia","https://www.newvoicemedia.com/","info@newvoicemedia.comNA"
"108","Geforce Technologies","https://clutch.co/profile/geforce-technologies","https://www.geforce.com.au/","seo@geforce.com.auNA"
"109","Bangladesh Export Import Co. Ltd. - IT Division","https://clutch.co/profile/bangladesh-export-import-co-it-division","https://www.bol-online.com/","support@bol-online.com"
"110","Providence Software Solutions","https://clutch.co/profile/providence-software-solutions","http://providencesoftware.co.za/","info@providencesoft.co.za"
"111","Springboard IT","https://clutch.co/profile/springboard-it","http://www.springboardit.com","sales@springboardit.com"
"112","DMC, Inc.","https://clutch.co/profile/dmc","https://www.dmcinfo.com/","sales@dmcinfo.com"
"113","VMRacks","https://clutch.co/profile/vmracks","https://www.vmracks.com/?utm_source=clutch&utm_medium=referral","support@vmracks.com"
"114","SugarShot","https://clutch.co/profile/sugarshot","http://www.sugarshot.io","hi@sugarshot.io"
"115","1-Net Singapore Pte Ltd","https://clutch.co/profile/1-net-singapore-pte","http://1-net.com.sg/","sales@1-net.com.sg"
"116","BusinessWorks IT Experts","https://clutch.co/profile/businessworks-it-experts","http://www.businessworks.com.au/managed-it-services/","support@businessworks.com.au"
"117","Exception","https://clutch.co/profile/exception","https://exceptionuk.com/","info@exceptionuk.com"
"118","Scitum","https://clutch.co/profile/scitum","https://www.scitum.com.mx/","redesocialesmkt@scitum.com.mxNA"
"119","bitcrowd GmbH","https://clutch.co/profile/bitcrowd-gmbh","https://bitcrowd.net/","info@bitcrowd.net"
"120","VAM Systems","https://clutch.co/profile/vam-systems","https://vamsystems.com/index.aspx","info@vamsystems.com"
"121","Grupo open","https://clutch.co/profile/grupo-open","https://www.openservice.mx/","info@open.mx'"
"122","Total IT Technology Solutions Ltd","https://clutch.co/profile/total-it-technology-solutions","http://www.totalit.uk/","theaceteam@theazurecloudexperts.com"
"123","Beyond IT Support","https://clutch.co/profile/beyond-it-support","https://www.beyonditsupport.com/","info@beyonditsupport.com"
"124","Power-All Networks","https://clutch.co/profile/power-all-networks","http://www.powerallnetworks.com/views/en/index.html","aspen-sales@cloudwww.com"
"125","Mlode IT Solutions","https://clutch.co/profile/mlode-it-solutions","http://mlodeit.com/","sales@mlodeit.comNA"
"126","LAN Masters INC.","https://clutch.co/profile/lan-masters","https://www.lanmasters.com/","info@lanmasters.com"
"127","Managed 24/7","https://clutch.co/profile/managed-247","http://www.managed.co.uk/","hello@managed.co.ukNA"
"128","TCG","https://clutch.co/profile/tcg","http://www.tcg.com/","talktous@tcg.comNA"
"129","Internetwork Experts","https://clutch.co/profile/internetwork-experts","http://www.inetexperts.net/","sales@inetexperts.net"
"130","AAG","https://clutch.co/profile/aag","https://aag-it.com/","sales@aag-it.com"
"131","Zeta-V Technology Solutions","https://clutch.co/profile/zeta-v-technology-solutions","http://zeta-v.com/","contact-us@zeta-v.com"
"132","Long Business Systems, Inc.","https://clutch.co/profile/long-business-systems","http://www.lbsi.com","scott@lbsi.comNA"
"133","Soft Emirates","https://clutch.co/profile/soft-emirates","http://softemirates.com/","sheriff@softemirates.com"
"134","Panacea Systems Ltd","https://clutch.co/profile/panacea-systems","https://www.bdpanacea.com/","INFO@BDPANACEA.COMNA"
"135","Connect Cloud","https://clutch.co/profile/connect-cloud","http://www.connectpartner.co.uk","support@connectpartner.co.uk"
"136","Web Spiders Pvt Ltd","https://clutch.co/profile/web-spiders","http://www.webspiders.com/","products@webspiders.comNA"
"137","Brainshark","https://clutch.co/profile/brainshark","http://www.brainshark.com/","theaceteam@theazurecloudexperts.com"
"138","Extreme Networks","https://clutch.co/profile/extreme-networks","https://www.extremenetworks.com/","info@extremenetworks.comNA"
"139","INNOVOE","https://clutch.co/profile/innovoe","http://innovoe.com/","admin@innovoe.com"
"140","The Ashvins Group","https://clutch.co/profile/ashvins-group","http://www.ashvinsgroup.com","info@ashvinsgroup.com"
"141","Paradigma Digital","https://clutch.co/profile/paradigma-digital","https://en.paradigmadigital.com/","info@paradigmadigital.com"
"142","F12 IT","https://clutch.co/profile/f12-it","https://f12.net/","info@f12.net"
"143","CMTC","https://clutch.co/profile/cmtc","https://www.cmtc.com/","sbrand@cmtc.com"
"144","KORE Software","https://clutch.co/profile/kore-software","http://www.koresoftware.com/","info@koresoftware.comNA"
"145","InterScale","https://clutch.co/profile/interscale","https://interscale.io","info@interscale.io"
"146","DataVisor","https://clutch.co/profile/datavisor","http://www.datavisor.com","info@datavisor.comNA"
"147","Roc Technologies","https://clutch.co/profile/roc-technologies","https://www.roctechnologies.com/","info@roctechnologies.comNA"
"148","SHE Information Technology","https://clutch.co/profile/she-information-technology","https://www.she.net/en/","info@she.net"
"149","Zasio","https://clutch.co/profile/zasio","https://www.zasio.com/","connect@zasio.com"
"150","AIMES Grid Services CIC","https://clutch.co/profile/aimes-grid-services-cic","https://www.aimes.uk/home","info@aimes.ukNA"
"151","onthenetOffice ","https://clutch.co/profile/onthenetoffice","http://onthenetoffice.com/","sales@onthenetOffice.com"
"152","HYDATA","https://clutch.co/profile/hydata","http://en.hydata.cc/","liudongmei@hiynn.com"
"153","CompanyNet","https://clutch.co/profile/companynet","http://www.company-net.com/","ContactUs@company-net.com"
"154","EXEControl Global Solutions","https://clutch.co/profile/execontrol-global-solutions","https://execontrol.com/","sales@execontrol.comNA"
"155","Aryvart","https://clutch.co/profile/aryvart","http://www.aryvart.com/","contact@aryvart.com"
"156","OSIS SAC","https://clutch.co/profile/osis-sac","http://www.osisonline.com/","consultas@osisonline.com"
"157","SysGroup","https://clutch.co/profile/sysgroup","http://www.sysgroup.com","marketing@sysgroup.com"
"158","Mike CRM","https://clutch.co/profile/mike-crm","http://va.mikecrm.com/","zhaoli@mikecrm.com"
"159","Viper IT Solutions UK","https://clutch.co/profile/viper-it-solutions-uk","http://www.viperit.co.uk/","info@viperit.co.ukNA"
"160","Mir Telecom Limited","https://clutch.co/profile/mir-telecom","http://www.mirtelecom-bd.com/","info@mirtelecom-bd.com"
"161","Finatech Group","https://clutch.co/profile/finatech-group","http://www.finatech.com","contact@finatech.com"
"162","Elysys","https://clutch.co/profile/elysys","http://www.elysys.com/","elysys@elysys.com"
"163","Innovate Ltd","https://clutch.co/profile/innovate","http://innovate.uk.com/","info@innovate.uk.com"
"164","PERSONALSOFT S.A.S Colombia","https://clutch.co/profile/personalsoft-sas-colombia","http://www.personalsoft.com","encontacto@personalsoft.com.co"
"165","Technology Group Solutions","https://clutch.co/profile/technology-group-solutions","https://www.tgs-mtc.com/","info@tgs-mtc.com"
"166","Sictel Solutions","https://clutch.co/profile/sictel-solutions","http://www.sictel.com/","ventas@sic'tel.comNA"
"167","Apiux","https://clutch.co/profile/apiux","http://www.api-ux.com/","marketing@api-ux.comNA"
"168","Soft-in SRL","https://clutch.co/profile/soft-srl","https://www.soft-in.com/","info@soft-in.comNA"
"169","Infotiz Solutions","https://clutch.co/profile/infotiz-solutions","http://www.infotiz.com/","itz@infotiz.com"
"170","365IT","https://clutch.co/profile/365it","http://www.365itms.co.uk/","sales@365itms.co.ukNA"
"171","Move way","https://clutch.co/profile/move-way","https://site.movewayit.com.br/","contato@movewayit.com.br"
"172","MPS Graphics","https://clutch.co/profile/mps-graphics","http://www.mpsg.net/","mail.dk@mpsg.net"
"173","Solmit","https://clutch.co/profile/solmit","http://www.solmit.net/","informes@solmit.net"
"174","salesElement","https://clutch.co/profile/saleselement","http://www.saleselement.com/","info@salesElement.comNA"
"175","SGW","https://clutch.co/profile/sgw","http://www.sgwoutsourcing.com/","info@sgwoutsourcing.com"
"176","Inspyre Design","https://clutch.co/profile/inspyre-design","https://www.inspyredesign.net/","info@inspyredesign.net"
"177","Workstate","https://clutch.co/profile/workstate","https://www.workstate.com/","hello@workstate.com"
"178","Kortex Solutions","https://clutch.co/profile/kortex-solutions","https://www.korteksolutions.com/","info@korteksolutions.com"
"179","Intelinet Systems","https://clutch.co/profile/intelinet-systems","http://www.intelinetsystems.com/","salessupport@intelinetsystems.com"
"180","O-H Community Partners","https://clutch.co/profile/o-h-community-partners","http://ohcommunitypartners.com/","info@ohcommunity.comNA"
"181","DSDSystem","https://clutch.co/profile/dsdsystem","https://www.dsdsystem.fr/en/","commercial@dsdsystem.comNA"
"182"," DriptoSoft","https://clutch.co/profile/driptosoft","http://www.driptosoft.com/","support@driptosoft.comNA"
"183","Periscope Technology Solutions Limited","https://clutch.co/profile/periscope-technology-solutions","http://www.periscope-inc.com/","info@periscope-inc.com"
"184","iauro systems Pvt Ltd","https://clutch.co/profile/iauro-systems-0","http://www.iauro.com","sales@iauro.com"
"185","Espire Infolabs","https://clutch.co/profile/espire-infolabs","http://www.espire.com/","marketing@espire.comNA"
"186","Anexa Telecomunicaciones","https://clutch.co/profile/anexa-telecomunicaciones","http://www.anexa.com.mx/","comercial@ccanexa.com.mx"
"187","Fluentsoft Inc","https://clutch.co/profile/fluentsoft","http://www.fluentsoft.com","swathi.rl@fluentsoft.com"
"188","Mind Spark Technologies","https://clutch.co/profile/mind-spark-technologies","https://www.mindsparktechnologies.com/","henryjoe.mst@gmail.comNA"
"189","J - I.T. Outsource","https://clutch.co/profile/j-it-outsource","https://www.jitoutsource.com/","theaceteam@theazurecloudexperts.com"
"190","Monico Technologies Ltd.","https://clutch.co/profile/monico-technologies","http://www.monicotechnologies.com/","'info@monicotechnologies.com"
"191","BizTech Fusion","https://clutch.co/profile/biztech-fusion","http://www.biztechfusion.com/","solutions@biztechfusion.com"
"192","AIKnights.com","https://clutch.co/profile/aiknightscom","https://aiknights.com","contactus@aiknights.com"
"193","RAMMP IT Solutions","https://clutch.co/profile/rammp-it-solutions","http://rammp.com.sg/","info@rammp.com.sg"
"194","Access Alto","https://clutch.co/profile/access-alto","https://www.theaccessgroup.com/hosting/","info@accessalto.com"
"195","Allegis Group","https://clutch.co/profile/allegis-group","https://www.allegisgroup.com","info@allegisgroup.com"
"196","Digital Pharos Inc. ","https://clutch.co/profile/digital-pharos","http://digitalpharos.com","inquire@digitalpharos.com"
"197","Wemax IT","https://clutch.co/profile/wemax-it","http://wemaxit.com/","info@wemaxit.comNA"
"198","Vodlo","https://clutch.co/profile/vodlo","http://www.vodlo.com/site/","v@vodlo.com"
"199","Avalanche Technologies Limited","https://clutch.co/profile/avalanche-technologies","http://www.beeerp.net/","info@beeerp.net"
"200","Asiance","https://clutch.co/profile/asiance","https://www.asiance.com/","info@asiance.com"
"201","Nevcom ","https://clutch.co/profile/nevcom","http://www.nevcom.co.uk/","cloud@nevcom.co.uk"
"202","Analytic Partners","https://clutch.co/profile/analytic-partners","https://analyticpartners.com/","hello@analyticpartners.comNA"
"203","Nolte & Lauth","https://clutch.co/profile/nolte-lauth","https://www.nolteundlauth.de/en/","pr@nolteundlauth.de"
"204","Astera Software","https://clutch.co/profile/astera-software","http://www.astera.com/","sales@astera.com"
"205","Digitcom","https://clutch.co/profile/digitcom","http://www.digitcom.ca/","sales@digitcom.ca"
"206","Rainbow Riders","https://clutch.co/profile/rainbow-riders","https://rainbowriders.dk/","info@rainbowriders.dk"
"207","SupraITS","https://clutch.co/profile/supraits","http://www.supraits.com/","talktous@supraits.com"
"208","V&C Solutions, Inc","https://clutch.co/profile/vc-solutions","https://www.vncsolutions.com/","contact@vncsolution.com"
"209","Nitro Mobile Solutions","https://clutch.co/profile/nitro-mobile-solutions","http://www.nitromobilesolutions.com","sales@nitromobilesolutions.comNA"
"210","CPAC","https://clutch.co/profile/cpac","http://www.cpacinc.com/","sales@cpacinc.com"
"211","Bulletproof InfoTech","https://clutch.co/profile/bulletproof-infotech","http://www.bulletproofit.ca/","info@bulletproofIT.caNA"
"212","Grupo Calipso S.A.","https://clutch.co/profile/grupo-calipso-sa","http://www.calipso.com/","info@calipso.comNA"
"213","Seceon Inc.","https://clutch.co/profile/seceon","http://seceon.com","info@seceon.com"
"214","Nextech Limited","https://clutch.co/profile/nextech","http://nextech.com.bd/","info@nextech.com.bd"
"215","Global IT","https://clutch.co/profile/global-it","http://globalit.com.mx/","info@globalit.com.mx"
"216","Fusion Systems Group","https://clutch.co/profile/fusion-systems-group","https://www.fusionsystems.org/","theaceteam@theazurecloudexperts.com"
"217","Quoma","https://clutch.co/profile/quoma","https://www.quoma.com.ar/","info@quoma.'com.arNA"
"218","ClaySys Technologies","https://clutch.co/profile/claysys-technologies","http://www.claysys.com","sales@claysys.com"
"219","Core","https://clutch.co/profile/core-web","http://wearecore.co.uk/","hello@wearecore.co.uk"
"220","Arelance","https://clutch.co/profile/arelance","http://www.grupo-arelance.com/","info@grupo-arelance.com"
"221","Argus Technologies W.L.L","https://clutch.co/profile/argus-technologies-wll","http://www.argusqatar.com/","info@argusqatar.com"
"222","Securolytics","https://clutch.co/profile/securolytics","https://securolytics.io/","sales@securolytics.io"
"223","EwaanTech","https://clutch.co/profile/ewaantech","http://ewaantech.com/","info@ewaantech.com"
"224","I2B Technologies","https://clutch.co/profile/i2b-technologies","http://www.i2btech.com/","info@i2btech.com"
"225","Invest in Quality ","https://clutch.co/profile/invest-quality","http://iqever.com/","jobs5@iqever.com"
"226","PsiberTech Solutions","https://clutch.co/profile/psibertech-solutions","https://www.psibertech.com.sg","sales@psibertech.com.sg"
"227","Goodform","https://clutch.co/profile/goodform","http://goodformgroup.co.uk/","hello@goodformgroup.co.ukNA"
"228","Assist","https://clutch.co/profile/assist","http://assist.com.co/","'jcaicedo@assist.com.coNA"
"229","Sequium Asset Solutions, LLC","https://clutch.co/profile/sequium-asset-solutions","http://www.sequium.com/","inquiry@sequium.com"
"230","Cloud11","https://clutch.co/profile/cloud11","http://www.cloud-11.com","sales@cloud-11.com"
"231","Codiit","https://clutch.co/profile/codiit","http://www.codiit.com/","info@codiit.com"
"232","IT Resources S.A","https://clutch.co/profile/it-resources-sa","http://www.itrsa.com.ar/","contacto@itrsa.comNA"
"233","Red Plataforma","https://clutch.co/profile/red-plataforma","http://www.redplataforma.com.ar/","contacto@redplataforma.com.arNA"
"234","Arsccom ","https://clutch.co/profile/arsccom","https://www.ar-ms.in/crm","'arsccom@gmail.com"
"235","Matech Consulting & Outsourcing","https://clutch.co/profile/matech-consulting-outsourcing","http://www.matechco.com/","info@matechco.com"
"236","IT Panama","https://clutch.co/profile/it-panama","http://www.itpanama.net/","ventas@itpanama.ne"
"237","ToBeIT","https://clutch.co/profile/tobeit","http://tobeit.es/","info@tobeit.es"
"238","Premier Computer Consulting","https://clutch.co/profile/premier-computer-consulting","https://precompco.com/","theaceteam@theazurecloudexperts.com"
"239","Tycon","https://clutch.co/profile/tycon","http://www.tycon.com.ar/","info@tycon.com.ar"
"240","General Data P. Limited","https://clutch.co/profile/general-data-p","https://www.gdata.in/","info@gdata.in"
"241","1872 Consulting","https://clutch.co/profile/1872-consulting","https://www.1872consulting.com/","win@1872consulting.com"
"242","Meridian International Group'Better Solution Better Life'","https://clutch.co/profile/meridian-international-groupbetter-solution-better-life","http://www.meridian.international/","info@meridian.internatio"
"243","Triops Solutions C.A.","https://clutch.co/profile/triops-solutions-ca","http://www.triops.com.ve/","theaceteam@theazurecloudexperts.com"
"244","Blend Interactive","https://clutch.co/profile/blend-interactive","https://www.blendinteractive.com/","info@blendinteractive.com"
"245","TSG Technology Services Group","https://clutch.co/profile/tsg-technology-services-group","http://www.tsg.net.co","Info@Tsg.Net.CoNA"
"246","Actiworks Application Solutions GmbH","https://clutch.co/profile/actiworks-application-solutions-gmbh","http://www.actiworks.de/","info@actiworks.de"
"247","Demand Management","https://clutch.co/profile/demand-management","http://www.demandsolutions.com/","info@demandsolutions.com"
"248","Ksquare Solutions","https://clutch.co/profile/ksquare-solutions","http://www.ksquarelabs.com.mx/","hola@ksquareinc.com.mx"
"249","Method 4 ","https://clutch.co/profile/method-4","https://www.method4.co.uk","theaceteam@theazurecloudexperts.com"
"250","Zenesys Technosys ","https://clutch.co/profile/zenesys-technosys","https://www.zenesys.com/?utm_source=Clutch.co&utm_campaign=Clutch%20Visitors","manish.kumar@zenesys.comNA"
"251","Plexure","https://clutch.co/profile/plexure","https://www.plexure.com.sg/","enquiry@plexure.com.sg"
"252","Bredvid AS","https://clutch.co/profile/bredvid","https://bredvid.no/","kontakt@bredvid.noNA"
"253","aspirent","https://clutch.co/profile/aspirent","https://aspirent.com/","kyle.walters@aspirent.comNA"
"254","Lima Consulting Group","https://clutch.co/profile/lima-consulting-group","http://www.limaconsulting.com/","plima@limaconsulting.com"
"255","Digital Internet Services","https://clutch.co/profile/digital-internet-services","http://www.dginternetservices.com/","info@dginternetservices.com"
"256","Habib Intelligent Software Limited","https://clutch.co/profile/habib-intelligent-software","https://hisoft.com.bd/","info@hisoft.com.bd"
"257","People Connect","https://clutch.co/profile/people-connect","http://peopleconnectusa.com/","support@peopleconnectusa.com"
"258","CYGNUS Inspired by Innovation","https://clutch.co/profile/cygnus-inspired-innovation","http://www.cygnus.com.py/","contacto@cygnus.com.pyNA"
"259","Bluemeky","https://clutch.co/profile/bluemeky","http://www.bluemeky.com/","info@bluemeky.com"
"260","Rubiks Digital","https://clutch.co/profile/rubiks-digital","https://rubiksdigital.com","contact@rubiksdigital.com"
"261","codeArrow Limited","https://clutch.co/profile/codearrow","http://web.codearrow.com/","info@codearrow.com"
"262","Venture Solutions Ltd.","https://clutch.co/profile/venture-solutions","http://venturesolutionsltd.com/","info@ventureNXT.com"
"263","Scalingo","https://clutch.co/profile/scalingo","https://scalingo.com","sales@scalingo.comNA"
"264","Yogine Applied Technologies","https://clutch.co/profile/yogine-applied-technologies","http://www.yoginesolutions.com/","info@yoginesolutions.comNA"
"265","Gateway Information Technology","https://clutch.co/profile/gateway-information-technology","https://www.gatewayit.net/","webadmin@gatewayit.net"
"266","Mayabytes","https://clutch.co/profile/mayabytes","https://mayabytes.com/","info@mayabytes.com"
"267","TC Agency ","https://clutch.co/profile/tc-agency","http://www.teamcloudagency.com/","contact@tcagency.maNA"
"268","Kada software","https://clutch.co/profile/kada-software","http://www.kadasoftware.com/","ventas@kadasoftware.comNA"
"269","Zoponic Limited","https://clutch.co/profile/zoponic","http://www.zoponic.com/","info@zoponic.com"
"270","BornoTech","https://clutch.co/profile/bornotech","http://www.bornotech.com/","info@bornotech.com"
"271","Machinery Agency","https://clutch.co/profile/machinery-agency","http://www.masinerija.com/","masinerija.apps@gmail.comNA"
"272","FirstLight","https://clutch.co/profile/firstlight","https://www.firstlight.net/","theaceteam@theazurecloudexperts.com"
"273","Digital Garage","https://clutch.co/profile/digital-garage","https://www.garage.co.jp/en/","theaceteam@theazurecloudexperts.com"
"274","Novatia Consulting Limited","https://clutch.co/profile/novatia-consulting","http://www.novatiaconsulting.com/","info@novatiaconsulting.com"
"275","ZionWeb Bogotá","https://clutch.co/profile/zionweb-bogot%C3%A1","https://www.zion.com.co","info@zion.com.coNA"
"276","Global Switch","https://clutch.co/profile/global-switch","https://www.globalswitch.com/","info@globalswitch.comNA"
"277","ShinnedHawks Technologies","https://clutch.co/profile/shinnedhawks-technologies","http://www.shinnedhawks.com","sales@shinnedhawks.comNA"
"278","Cloud Paraguay","https://clutch.co/profile/cloud-paraguay","https://cloudparaguay.co","hola@cloudparaguay.coNA"
"279","Shoothill","https://clutch.co/profile/shoothill","http://www.shoothill.com","sales@shoothill.com"
"280","Cogent","https://clutch.co/profile/cogent","https://www.cogent.co.uk/","GARETH.EVANS@COGENT.CO.UK"
"281","White Knight Consultants ","https://clutch.co/profile/white-knight-consultants","https://www.whiteknightconsultants.net","info@wkc.uk"
"282","Arrange Systems","https://clutch.co/profile/arrange-systems","http://www.arrangesystems.com","info@arrangesystems.com"
"283","Growth Spark","https://clutch.co/profile/growth-spark","https://growthspark.com","theaceteam@theazurecloudexperts.com"
"284","Terminus","https://clutch.co/profile/terminus","https://terminus.com/","shauna.ward@terminus.com"
"285","Huma IT","https://clutch.co/profile/huma-it","http://www.humait.com","operations@humait.comNA"
"286","Methys","https://clutch.co/profile/methys","http://www.methys.com/","cviarnaud@methys.comNA"
"287","Resolute Digital","https://clutch.co/profile/resolute-digital","https://resolute.com/","dsavage@resolute.comNA"
"288","Gag","https://clutch.co/profile/gag","https://www.gag.it/en","mail@gag.it"
"289","Axonom","https://clutch.co/profile/axonom","http://www.axonom.com/","sales@axonom.com"
"290","Bookmark Content and Communications","https://clutch.co/profile/bookmark-content-communications","https://bookmarkcontent.com","info@bookmarkcontent.com"
"291","DSS Software Solutions Sdn. Bhd.","https://clutch.co/profile/dss-software-solutions-sdn-bhd","http://www.datadotlabs.com/","info@datadotlabs.comNA"
"292","Logistics Consulting","https://clutch.co/profile/logistics-consulting","https://www.logisticsct.com/","support@logisticsct.com"
"293","SK Global Software","https://clutch.co/profile/sk-global-software","http://www.sksoft.com/","sales@sksoft.com"
"294","Hotcow","https://clutch.co/profile/hotcow","http://www.hotcow.co.uk/","info@hotcow.co.ukNA"
"295","GoodLand Informatics","https://clutch.co/profile/goodland-informatics","http://www.goodland.com.vn/","info@goodland.com.vn"
"296","Genius Solutions","https://clutch.co/profile/genius-solutions","https://www.geniuserp.com/","sales@geniuserp.com"
"297","Exascale","https://clutch.co/profile/exascale","https://www.exascale.co.uk","sales@exascale.co.uk"
"298","Pixel/Point Press","https://clutch.co/profile/pixelpoint-press","http://pixelpointpress.com","joinus@pixelpointpress.com"
"299","Amvia","https://clutch.co/profile/amvia","https://www.amvia.co.uk","sales@amvia.co.uk"
"300","Earl & Thompson Marketing Limited","https://clutch.co/profile/earl-thompson-marketing","https://www.earl-thompson.co.uk/","sales@earl-thompson.co.uk"
"301","JeffreyM Consulting","https://clutch.co/profile/jeffreym-consulting","https://www.jeffreym.com/","info@jeffreym.com"
"302","Lynchpin Analytics Limited","https://clutch.co/profile/lynchpin-analytics","https://www.lynchpin.com/","info@lynchpin.comNA"
"303","Fuel Design Dublin","https://clutch.co/profile/fuel-design-dublin","https://www.fuel.ie/","info@fuel.ie"
"304","Xelsion","https://clutch.co/profile/xelsion","http://www.xelsionmedia.com/","contact@xelsion.comNA"
"305","Safnah.com","https://clutch.co/profile/safnahcom","https://www.safnah.com/","info@safnah.com"
"306","Business & Technology Resource Group","https://clutch.co/profile/business-technology-resource-group","http://www.btrgroup.com/","info@btrgroup.comNA"
"307","UX Bucharest","https://clutch.co/profile/ux-bucharest","http://2017.uxbucharest.com/","contact@uxbucharest.com"
"308","Integral Networks","https://clutch.co/profile/integral-networks","https://www.integralnetworks.com/","helpdesk@inetinc.netNA"
"309","Eight Leaves Media","https://clutch.co/profile/eight-leaves-media","https://www.eightleaves.com/","info@eightleaves.com"
"310","Byte-Code S.p.A","https://clutch.co/profile/byte-code-spa","http://www.byte-code.com/","info@byte-code.com"
"311","Javelin Agency","https://clutch.co/profile/javelin-agency","https://javelinagency.com/","contact@javelinagency.comNA"
"312","Tekoa","https://clutch.co/profile/tekoa","https://www.tekoa.com.br/","contato@tekoa.com.brNA"
"313","Fíonta","https://clutch.co/profile/f%C3%ADonta","https://fionta.com/","info@fionta.com"
"314","AllConnected","https://clutch.co/profile/allconnected","http://www.allconnected.com/","info@allconnected.comNA"
"315","Trendz Web Solution ","https://clutch.co/profile/trendz-web-solution","http://www.trendzwebsolution.com/","sales@trendzwebsolution.com"
"316","Boomtown","https://clutch.co/profile/boomtown","http://boomtown.agency/","info@boomtown.co.zaNA"
"317","Innovation Engineering","https://clutch.co/profile/innovation-engineering","https://www.innovationengineering.eu/","info@innovationengineering.eu"
"318","Creative Design of Websites","https://clutch.co/profile/creative-design-websites","http://www.designofweb.com/","info@designofweb.com"
"319","Adventus Pte Ltd.","https://clutch.co/profile/adventus-pte","https://adventusasia.com/","info@adventusasia.com"
"320","RockIT","https://clutch.co/profile/rockit","http://www.rockit.com/","projectsales@rockit.com"
"321","Westbrook International","https://clutch.co/profile/westbrook-international","http://www.wigroup.com","info@wigroup.comNA"
"322","Emma Waddingham ","https://clutch.co/profile/emma-waddingham","http://www.emmawaddingham.com/","intouch@emmawaddingham.com"
"323","Acumen Analytics","https://clutch.co/profile/acumen-analytics","http://www.acumen-analytics.com/","info@acumen-analytics.com"
"324","Chorus Digital","https://clutch.co/profile/chorus-digital","https://www.chorusdigital.co/","hello@chorus.co"
"325","AMBA Communications","https://clutch.co/profile/amba-communications","https://www.amba.agency/","more.info@amba.com.au"
"326","Babitamedia","https://clutch.co/profile/babitamedia","https://www.babita.it/","hello@babitamedia.it"
"327","Linkinsoft","https://clutch.co/profile/linkinsoft","http://www.linkinsoft.com/","info@linkinsoft.com"
"328","Accomplice LLC","https://clutch.co/profile/accomplice","https://accpl.co/","hello@accpl.co"
"329","MSTART","https://clutch.co/profile/mstart","http://www.mstart.com/portal/","theaceteam@theazurecloudexperts.com"
"330","UaiTI","https://clutch.co/profile/uaiti","http://www.uaiti.com.br/","contato@uaiti.com.br"
"331","Gamma Partners","https://clutch.co/profile/gamma-partners","https://www.gammapartners.com/","info@gammapartners.com"
"332","inSKY","https://clutch.co/profile/insky","http://insky.digital/","info@insky.digitalNA"
"333","Data Pathfinders","https://clutch.co/profile/data-pathfinders","http://datapathfinders.com/","theaceteam@theazurecloudexperts.com"
"334","SEQATO SOFTWARE SOLUTIONS","https://clutch.co/profile/seqato-software-solutions","http://www.seqato.com","hello@seqato.com"
"335","Podium IT","https://clutch.co/profile/podium-it","https://podiumit.com.au/","info@podiumit.com.auNA"
"336","BSim Engineering","https://clutch.co/profile/bsim-engineering","http://www.bsim-engineering.com/","info@bsim.itNA"
"337","Davis IT Solutions","https://clutch.co/profile/davis-it-solutions","https://davis-it.com/","info@davis-it.comNA"
"338","InCampus Pte Ltd","https://clutch.co/profile/incampus-pte","http://web.incampus.com.sg/","enquiry@incampus.com.sgNA"
"339","Hensman Consulting Intl LLP","https://clutch.co/profile/hensman-consulting-intl-llp","http://www.hensman-consulting.co.uk/","info@hensman-consulting.co.uk"
"340","All Pro Support","https://clutch.co/profile/all-pro-support","http://allprosupport.com/","sales@allprosupport.comNA"
"341","Bizwind Philippines, Inc.","https://clutch.co/profile/bizwind-philippines","http://www.bizwind.com/","info@bizwind.com"
"342","Nerd Castle Limited","https://clutch.co/profile/nerd-castle","https://nerdcastlebd.com/","info@nerdcastlebd.comNA"
"343","Fidku Technology Inc.","https://clutch.co/profile/fidku-technology","https://fidku.com/","hi@fidku.comNA"
"344","Digital Loom","https://clutch.co/profile/digital-loom","https://digital-loom.com/","contact@digital-loom.comNA"
"345","W&G Information Technology","https://clutch.co/profile/wg-information-technology","http://wngit.com/","info@wngit.com"
"346","AnyWay Computer Company","https://clutch.co/profile/anyway-computer-company","http://anywaytechnologies.com/","sales@anywaytech.com"
"347","Sunnah software","https://clutch.co/profile/sunnah-software","http://sunnahsoftware.com/","info@sunnahsoftware.com"
"348","Match Wheel Ltd","https://clutch.co/profile/match-wheel","http://matchwheelltd.com/","info@matchwh'eelltd.comNA"
"349","New Generation Telecom Limited","https://clutch.co/profile/new-generation-telecom","http://www.ngtbd.com/","info@ngtbd.com"
"350","Simon Harbor Communications","https://clutch.co/profile/simon-harbor-communications","https://simonharbor.com","sales@simonharbor.comNA"
"351","Kobe - Creative Software House","https://clutch.co/profile/kobe-creative-software-house","http://www.kobe.io","fabricio.losch@kobe.ioNA"
"352","Millennium Technology Services","https://clutch.co/profile/millennium-technology-services","http://mtscloud.com/","info@mtscloud.comNA"
"353","Glajumedia","https://clutch.co/profile/glajumedia","http://www.glajumedia.com","ventas@glajumedia.com"
"354","Habari Node","https://clutch.co/profile/habari-node","http://www.habari.co.tz/","support@habari.co.tzNA"
"355","HakiTaak Technologies","https://clutch.co/profile/hakitaak-technologies","https://hakitaak.com/","info@hakitaak.com"
"356","Growth Geyser","https://clutch.co/profile/growth-geyser","https://www.growthgeyser.com/","vito@growthgeyser.com"
