"","name","url","website","clutch_email"
"1","Qualex Consulting Services","https://clutch.co/profile/qualex-consulting-services","http://www.qlx.com/","cecilia.pedrazzoli@qlx.com"
"2","Be Structured Technology Group, Inc.","https://clutch.co/profile/be-structured-technology-group","http://www.bestructured.com/","contactus@bestructured.comNA"
"3","PSL Corp.","https://clutch.co/profile/psl-corp","http://www.pslcorp.com/?utm_source=clutch&utm_medium=referral","info@pslcorp.com"
"4","ThirdEye Data","https://clutch.co/profile/thirdeye-data","https://thirdeyedata.io","answers@thirdeyedata.io"
"5","Softweb Solutions","https://clutch.co/profile/softweb-solutions","http://www.softwebsolutions.com","info@softwebsolutions.comNA"
"6","Fidelis Cybersecurity","https://clutch.co/profile/fidelis-cybersecurity","https://www.fidelissecurity.com/","support@fidelissecurity.com"
"7","JCommerce","https://clutch.co/profile/jcommerce","https://www.jcommerce.eu/?utm_source=clutch&utm_medium=profile","office@jcommerce.plNA"
"8","Globalluxsoft","https://clutch.co/profile/globalluxsoft","http://globalluxsoft.com/","info@globalluxsoft.com"
"9","Mobiversal","https://clutch.co/profile/mobiversal","http://www.mobiversal.com","info@mobiversal.com"
"10","Agile Infoways","https://clutch.co/profile/agile-infoways","http://www.agileinfoways.com","inquiry@agileinfoways.comNA"
"11","SoftwareMill","https://clutch.co/profile/softwaremill","http://www.softwaremill.com","hello@softwaremill.comNA"
"12","BizCare, Inc.","https://clutch.co/profile/bizcare","http://www.bizcare.com","info@bizcare.comNA"
"13","Sagiton","https://clutch.co/profile/sagiton","https://www.sagiton.pl/","marketing@sagiton.pl"
"14","SITSL","https://clutch.co/profile/sitsl","https://www.sitsl.io/?utm_source=clutch&utm_medium=referral","shruti.mittal@sitsl.io"
"15","cBEYONData","https://clutch.co/profile/cbeyondata-formally-dcs-consulting","http://www.cbeyondata.com","davids@cbeyondata.com"
"16","Summer Agency","https://clutch.co/profile/summer-agency","http://summer.agency/#Home","office@summer.agency"
"17","Ragnarson","https://clutch.co/profile/ragnarson","https://ragnarson.com","sales@ragnarson.com"
"18","PQA Testing","https://clutch.co/profile/pqa-testing","http://www.pqatesting.com","info@pqatesting.com"
"19","RevInfotech","https://clutch.co/profile/revinfotech","https://www.revinfotech.com/","contactus@revinfotech.com"
"20","Beyond Analysis","https://clutch.co/profile/beyond-analysis","http://www.beyondanalysis.co.uk","info@beyondanalysis.net"
"21","Enplus Advisors, Inc.","https://clutch.co/profile/enplus-advisors","https://www.enplusadvisors.com","contact@enplusadvisors.com"
"22","RapidOps, Inc.","https://clutch.co/profile/rapidops","https://www.rapidops.com/","hello@rapidops.com"
"23","Rackner","https://clutch.co/profile/rackner","https://rackner.com/?utm_source=clutch&utm_medium=referral","contact@racknersolutions.com"
"24","i95Dev","https://clutch.co/profile/i95dev","http://www.i95dev.com","socialmedia@i95dev.com"
"25","AWH","https://clutch.co/profile/awh","https://www.awh.net/","sales@awh.netNA"
"26","Trimtab Consultants","https://clutch.co/profile/trimtab-consultants","http://www.trimtabconsultants.com","arthur@trimtabconsultants.comNA"
"27","Datamum","https://clutch.co/profile/datamum","http://www.datamum.com","stephanie@datamum.com"
"28","Leale Solutions","https://clutch.co/profile/leale-solutions","http://lealesolutions.com/",".boven.bowman@lealesolutions.clut"
"29","Prolitus Technologies","https://clutch.co/profile/prolitus-technologies","https://www.prolitus.com/","success@prolitus.com"
"30","SerpentCS Pvt. Ltd.","https://clutch.co/profile/serpentcs","http://serpentcs.com/","sales@serpentcs.com"
"31","360 Degree Cloud ","https://clutch.co/profile/360-degree-cloud","https://360degreecloud.com/","hanah@360degreecloud.comNA"
"32","Tech9","https://clutch.co/profile/tech9","http://www.tech9.com","sales@tech9.comNA"
"33","NodeFactory","https://clutch.co/profile/nodefactory","https://www.nodefactory.io/","info@nodefactory.io"
"34","ECM Universe","https://clutch.co/profile/ecm-universe","http://www.ecmuniverse.com","info@ecmuniverse.com"
"35","42 Apex LLC","https://clutch.co/profile/42-apex","http://42apex.com","info@42apex.comNA"
"36","Miles Technologies","https://clutch.co/profile/miles-technologies","https://www.milestechnologies.com/","info@milestechnologies.com"
"37","Gravity Infosolutions Inc.","https://clutch.co/profile/gravity-infosolutions","http://www.gravityinfosolutions.com","info@gravityinfosolutions.comNA"
"38","Arbela Technologies","https://clutch.co/profile/arbela-technologies","http://www.arbelatech.com","info@arbelatech.comNA"
"39","Support One, Inc.","https://clutch.co/profile/support-one","http://www.supportone.us","info@supportone.usNA"
"40","Crestwood Associates","https://clutch.co/profile/crestwood-associates","http://www.crestwood.com/","sales@crestwood.comNA"
"41","Eligeo CRM Inc.","https://clutch.co/profile/eligeo-crm","http://www.eligeo.com","hello@eligeo.comNA"
"42","Fyrsoft","https://clutch.co/profile/fyrsoft","http://www.fyrsoft.com/","information@fyrsoft.com"
"43","Sentek Global","https://clutch.co/profile/sentek-global","http://sentekglobal.com/","info@sentekglobal.com"
"44","Apollogic","https://clutch.co/profile/apollogic","https://apollogic.com/","cecilia.pedrazzoli@qlx.com"
"45","SolutionOne","https://clutch.co/profile/solutionone","https://www.solutiononenow.com/","sales@solutiononenow.comNA"
"46","Dev Information Technology Ltd.","https://clutch.co/profile/dev-information-technology","https://www.devitpl.com","presales@devitpl.comNA"
"47","Corus360","https://clutch.co/profile/corus360","http://corus360.com/","info@corus360.com"
"48","The Bunker","https://clutch.co/profile/bunker","http://www.houstonbunker.com/","info@westlandbunker.com"
"49","Computer Solutions Group, Inc.","https://clutch.co/profile/computer-solutions-group","http://www.csgsupport.net/","info@csgsupport.net"
"50","CompuCom Systems Inc","https://clutch.co/profile/compucom-systems","https://smb.compucom.com/","cecilia.pedrazzoli@qlx.com"
"51","AppFusions","https://clutch.co/profile/appfusions","http://www.appfusions.com","info@appfusions.com"
"52","BMS Consulting","https://clutch.co/profile/bms-consulting","http://www.bms-consulting.com","4Sales@bms-consulting.com"
"53","iCorps Technologies","https://clutch.co/profile/icorps-technologies","https://www.icorps.com/","cecilia.pedrazzoli@qlx.com"
"54","Tarrytech Computer Consultants","https://clutch.co/profile/tarrytech-computer-consultants","http://www.tarrytech.com/","info@tarrytech.com"
"55","Icon Resources & Technologies","https://clutch.co/profile/icon-resources-technologies","http://www.iconresources.com/","singapore@iconresources.com"
"56","ITinspired","https://clutch.co/profile/itinspired","http://itinspired.com","info@itinspired.com"
"57"," NGIT Global Solutions Pvt Ltd. ","https://clutch.co/profile/ngit-global-solutions","http://ngitglobal.com/","info@ngitglobal.com"
"58","Tridea Partners","https://clutch.co/profile/tridea-partners","http://www.trideapartners.com/","acollins@trideapartners.com"
"59","Northstar Technologies","https://clutch.co/profile/northstar-technologies","http://www.choosenorthstar.com/","info@choosenorthstar.com"
"60","TECKPATH","https://clutch.co/profile/teckpath","https://teckpath.com","info@teckpath.com"
"61","Server Bays LLC","https://clutch.co/profile/server-bays","https://serverbays.com","sales@serverbays.comNA"
"62","PowerObjects","https://clutch.co/profile/powerobjects","http://www.powerobjects.com/","powerpackpro@powerobjects.com"
"63","ML Systems Integrator","https://clutch.co/profile/ml-systems-integrator","http://mlsi.com.sg/","admin@mlsi.com.sg"
"64","Virgin Media Business","https://clutch.co/profile/virgin-media-business","https://www.virginmediabusiness.co.uk/","services@virginmediabusiness.co.uk'"
"65","Think Network Technologies","https://clutch.co/profile/think-network-technologies","http://thinknettech.com","sales@thinknettech.com"
"66","Biznet","https://clutch.co/profile/biznet","http://www.biznetnetworks.com/en/","sales@biznetnetworks.comNA"
"67","TeraGo","https://clutch.co/profile/terago","https://terago.ca/","info@terago.ca"
"68","Cobweb Solutions Ltd","https://clutch.co/profile/cobweb-solutions","http://www.cobweb.com/","hello@cobweb.com"
"69","Tekscape Inc.","https://clutch.co/profile/tekscape","http://www.tekscape.com","sales@tekscape.comNA"
"70","Quest Media & Supplies, Inc.","https://clutch.co/profile/quest-media-supplies","https://www.questsys.com/","PressKit@questsys.com"
"71","Jim Callender Web Developer","https://clutch.co/profile/jim-callender-web-developer","https://www.jayonline.co.uk","info@jayonline.co.uk"
"72","Nexus Technologies","https://clutch.co/profile/nexus-technologies","https://www.nexustek.com/","info@nexustek.comNA"
"73","ESL Bangladesh Limited","https://clutch.co/profile/esl-bangladesh","http://esl.net.my/","info@esl.net.my"
"74","Business Solution Partners","https://clutch.co/profile/business-solution-partners","http://www.bspny.com/","info@bspny.com"
"75","Signetique IT","https://clutch.co/profile/signetique-it","https://www.signetique.com/","sales@signetique.com"
"76","MBA IT","https://clutch.co/profile/mba-it","http://mba-it.com/","info@mba-it.com"
"77","InfoSight, Inc.","https://clutch.co/profile/infosight","http://www.infosightinc.com/","info@infosightinc.com"
"78","TBNG Consulting","https://clutch.co/profile/tbng-consulting","https://www.tbngconsulting.com/","info@tbngconsulting.comNA"
"79","AUS IT","https://clutch.co/profile/aus-it","https://www.aus-it.com.au/what-we-do/","info@aus-it.com.au"
"80","Tecnologias en Infraestructuras, Comunicaciones, Servicios de IT y Outsourcing TICS S.A.S","https://clutch.co/profile/tecnologias-en-infraestructuras-comunicaciones-servicios-de-it-y-outsourcing-tics-sas","http://www.tics-sas.com/","servicio.cliente@tics-sas.comNA"
"81","APEX Global Corporation","https://clutch.co/profile/apex-global-corporation","http://www.apexglobal.com.vn/en/","info@apexglobal.com.vn"
"82","Erpisto","https://clutch.co/profile/erpisto","http://www.erpisto.com/","erpisto.com3@gmail.comNA"
"83","Sefisa","https://clutch.co/profile/sefisa","http://www.sefisa.com/","info@sefisa.com"
"84","ShapeBlue","https://clutch.co/profile/shapeblue","http://www.shapeblue.com/","info@shapeblue.com"
"85","X-Byte Enterprise Crawling | Web Scraping & Data Extraction Company","https://clutch.co/profile/x-byte-enterprise-crawling-web-scraping-data-extraction-company","https://www.xbyte.io/","sales@xbyte.io"
"86","Comwell Systems Group Inc.","https://clutch.co/profile/comwell-systems-group","http://www.comwellgroup.com/cloud-outsourcing/","info@comwellgroup.comNA"
"87","Cryptika","https://clutch.co/profile/cryptika","http://www.cryptika.com/","info@cryptika.comNA"
"88","Net Platforms Ltd","https://clutch.co/profile/net-platforms","http://www.netplatforms.co.uk/","hello@netplatforms.co.uk"
"89","Dynamic Edge","https://clutch.co/profile/dynamic-edge","http://www.dynamicedge.com/","enquiries@dynamicedge.co.uk"
"90","Sekasoft","https://clutch.co/profile/sekasoft","https://www.sekasoft.com/en/","info@sekasoft.com"
"91","Cloudster Brasil","https://clutch.co/profile/cloudster-brasil","https://www.cloudster.com.br/","atendimento@cloudster.com.br"
"92","CiRRUS","https://clutch.co/profile/cirrus","http://www.cirrusresponse.com/","marketing@cirrusresponse.comNA"
"93","enlinea","https://clutch.co/profile/enlinea","https://www.enlinea.co.uk/","info@enlinea.co.uk"
"94","Contour Data Solutions","https://clutch.co/profile/contour-data-solutions","https://www.contourds.com/","Info@contourds.com"
"95","CareTek","https://clutch.co/profile/caretek","http://caretek.ca/","info@caretek.ca"
"96","Blue Ocean","https://clutch.co/profile/blue-ocean","https://blueocean.ca/","cecilia.pedrazzoli@qlx.com"
"97","Fantastic IT","https://clutch.co/profile/fantastic-it","https://fantasticit.com/","hello@fantasticit.com"
"98","DCG Technical Solutions, Inc","https://clutch.co/profile/dcg-technical-solutions","http://www.dcgla.com","help@dcgla.com"
"99","Lirex.com","https://clutch.co/profile/lirexcom","https://lirex.bg/en/home-2/","sales-intl@lirex.comNA"
"100","Vissensa","https://clutch.co/profile/vissensa","http://www.vissensa.com/","sales@vissensa.com"
"101","Proactive Performance Solutions","https://clutch.co/profile/proactive-performance-solutions","http://www.proactiveusa.com/","Info@Proactiveusa.com"
"102","Fairoaks IT","https://clutch.co/profile/fairoaks-it","https://www.fairoaksit.com/","cecilia.pedrazzoli@qlx.com"
"103","Tupelo Technology Ltd","https://clutch.co/profile/tupelo-technology","http://tupelotechnology.co.uk/","info@tupelotechnology.co.uk"
"104","Rovo IT","https://clutch.co/profile/rovo-it","http://www.rovoit.com","info@rovoit.comNA"
"105","PeaSoup Hosting","https://clutch.co/profile/peasoup-hosting","http://peasoup.net/","info@peasoup.net"
"106","SPC IT Limited","https://clutch.co/profile/spc-it","https://www.spcit.co.uk/","hello@spcit.co.uk"
"107","Interoute Communications","https://clutch.co/profile/interoute-communications","https://www.interoute.com/","support@interoute.comNA"
"108","Intermedia Group","https://clutch.co/profile/intermedia-group","http://www.intermediagroup.org","info@intermediagroup.orgNA"
"109","Lochbridge","https://clutch.co/profile/lochbridge","http://lochbridge.com/","info@lochbridge.com'"
"110","Netsis Technology","https://clutch.co/profile/netsis-technology","http://netsis.com.sg/","finance@netsis.com.sgNA"
"111","Partners Plus IT Support Philadelphia","https://clutch.co/profile/partners-plus-it-support-philadelphia","http://www.PartnersPlus.com","Hello@PartnersPlus.comNA"
"112","eBECS","https://clutch.co/profile/ebecs","https://www.ebecs.com/","info@ebecs.com'"
"113","Creative Ideator","https://clutch.co/profile/creative-ideator","http://www.cideator.com","sales@cideator.com"
"114","Tesseract Global","https://clutch.co/profile/tesseract-global","http://www.tesseract.global","vinay@tesseract.global"
"115","Ubitus Inc.","https://clutch.co/profile/ubitus","http://www.ubitus.net/en/index.html","contact@ubitus.netNA"
"116","Operational Services ","https://clutch.co/profile/operational-services","https://www.operational-services.de/","info@o-s.de"
"117","VirtoSoftware","https://clutch.co/profile/virtosoftware","https://www.virtosoftware.com/","sales@virtosoftware.comNA"
"118","Emitac Enterprise Solutions","https://clutch.co/profile/emitac-enterprise-solutions","http://emitac-ees.ae/","info@emitac.ae"
"119","ISYX Technologies","https://clutch.co/profile/isyx-technologies","http://www.isyxtech.com/","secretary@isyxtech.com"
"120","Verticomm","https://clutch.co/profile/verticomm","http://www.verticomm.com/","info@verticomm.com"
"121","Algo Consulting Group","https://clutch.co/profile/algo-consulting-group","http://www.algoconsulting.net/","contact@algoconsulting.net"
"122","Vertisystem","https://clutch.co/profile/vertisystem","http://www.vertisystem.com/","info@vertisystem.com"
"123","Simpatico Software Systems","https://clutch.co/profile/simpatico-software-systems","http://simpaticosoftware.com/","info@simpaticosoftware.com"
"124","SAJAYA ERP","https://clutch.co/profile/sajaya-erp","https://www.sajaya.com/","info@sajaya.comNA"
"125","Agilisium","https://clutch.co/profile/agilisium","http://www.agilisium.com","marketing@agilisium.comNA"
"126","FluentPro Software Corporation","https://clutch.co/profile/fluentpro-software-corporation","https://fluentpro.com","fluentpro@fluentpro.comNA"
"127","I-Business Network","https://clutch.co/profile/i-business-network","https://www.i-bn.com/","ibn@i-bn.net"
"128","Blueprint Consulting Services Group","https://clutch.co/profile/blueprint-consulting-services-group","https://blueprintcsg.com/","info@blueprintcsg.com"
"129","AQM Computer Help","https://clutch.co/profile/aqm-computer-help","http://www.aqmcomputerhelp.com","dhagedorn@aqmcomputerhelp.comNA"
"130","P2 Technologies ","https://clutch.co/profile/p2-technologies","https://www.p2tech.co.uk//","info@p2tech.co.uk"
"131","Learnitude Technologies Pvt. Ltd. ","https://clutch.co/profile/learnitude-technologies","http://learntechx.com/","info@learntechx.comNA"
"132","Ainera","https://clutch.co/profile/ainera","http://www.ainera.com","partner@ainera.com"
"133","Salesfive","https://clutch.co/profile/salesfive","http://www.salesfive.de","sebastian.nienaber@salesfive.de"
"134","Triton Technologies","https://clutch.co/profile/triton-technologies","https://www.tritoncomputercorp.com/","office@tritoncomputercorp.com"
"135","Exioms","https://clutch.co/profile/exioms","http://www.exioms.com","sales@exioms.com"
"136","W Y Technologies Inc","https://clutch.co/profile/w-y-technologies","http://www.wytechnology.com/","info@wytechnology.com"
"137","Five9","https://clutch.co/profile/five9","http://www.five9.com/","sales@five9.comNA"
"138","Reply","https://clutch.co/profile/reply","http://www.reply.com/it/","cecilia.pedrazzoli@qlx.com"
"139","DataSec Limited","https://clutch.co/profile/datasec","http://www.datasec.com.bd/","cecilia.pedrazzoli@qlx.com"
"140","HTML Global","https://clutch.co/profile/html-global","https://htmlglobal.com","sales@htmlglobal.com"
"141","Denim Group","https://clutch.co/profile/denim-group","http://www.denimgroup.com/","info@denimgroup.com"
"142","Tenzing","https://clutch.co/profile/tenzing","http://www.tenzing.com/","sales@tenzing.com"
"143","American Technology Consulting","https://clutch.co/profile/american-technology-consulting","https://www.american-technology.net/","hello@american-technology.netNA"
"144","Medius","https://clutch.co/profile/medius","http://www.medius-group.com/","info@medius-group.comNA"
"145","North Atlantic Networks","https://clutch.co/profile/north-atlantic-networks","http://nan.com/","cecilia.pedrazzoli@qlx.com"
"146","Dalian Hi-Think Computer Technology","https://clutch.co/profile/dalian-hi-think-computer-technology","http://www.dhc.com.cn","marketing@dhc.com.cn"
"147","Forrards","https://clutch.co/profile/forrards","http://www.forrards.com/","dmitry@forrards.com"
"148","Internetagentur RP DIGITAL Services","https://clutch.co/profile/internetagentur-rp-digital-services","https://www.rp-digital-services.de","info@rp-digital-services.de"
"149","Endurance IT Services","https://clutch.co/profile/endurance-it-services","https://www.endurance-it.com/","saleseit@endurance-it.com"
"150","KSP Technology","https://clutch.co/profile/ksp-technology","http://ksp.ca/","info@ksp.ca"
"151","Convergence Technology Consulting","https://clutch.co/profile/convergence-technology-consulting","http://www.convergencetech.us/","info@convergencetech.usNA"
"152","Cadd Emirates","https://clutch.co/profile/cadd-emirates","http://www.caddemirates.com/","info@caddemirates.co.ae"
"153","EVERNET","https://clutch.co/profile/evernet","https://www.evernetco.com/","info@evernetco.com"
"154","HighOps","https://clutch.co/profile/highops","https://highops.com/","info@highops.com"
"155","Phirelight Security Solutions Inc.","https://clutch.co/profile/phirelight-security-solutions","http://www.phirelight.com/","info@phirelight.comNA"
"156","Beijing SYSWARE Technology Co., LTD","https://clutch.co/profile/beijing-sysware-technology-co","http://www.sysware.com.cn/en/","info@sysware.com.cn"
"157","Devtech","https://clutch.co/profile/devtech","https://devtechgroup.com/","sales@devtechgroup.com"
"158","VLDB Solutions","https://clutch.co/profile/vldb-solutions","https://vldbsolutions.com/index.php","contact@vldbsolutions.comNA"
"159","US ProTech","https://clutch.co/profile/us-protech","http://www.usprotech.com/","Sales@USProTech.com"
"160","Triangle Services Limited","https://clutch.co/profile/triangle-services","http://triangleservicesltd.com/","info@triangle.com.bdNA"
"161","RheinBrucke IT Consulting","https://clutch.co/profile/rheinbrucke-it-consulting","https://www.rheincs.com/","'info@rheincs.comNA"
"162","Blue Moon Industries","https://clutch.co/profile/blue-moon-industries","http://www.bluemoonisv.com/","Info@BlueMoonInd.com"
"163","Constratus","https://clutch.co/profile/constratus","http://www.constratus.com/","cecilia.pedrazzoli@qlx.com"
"164","Embee Technologies","https://clutch.co/profile/embee-technologies","http://www.embeetech.com/","kyork@embeetech.com"
"165","Tech Junkies","https://clutch.co/profile/tech-junkies","http://www.thetechjunkies.net/","cecilia.pedrazzoli@qlx.com"
"166","UTH International","https://clutch.co/profile/uth-international","http://en.utranshub.com/","info@utranshub.comNA"
"167","RockSolid PSF","https://clutch.co/profile/rocksolid-psf","https://rocksolid.com.ua","info@rocksolid.com.ua"
"168","Visiontech Systems International","https://clutch.co/profile/visiontech-systems-international","http://www.visiontechme.com/","sales@visiontechme.com"
"169","Victory","https://clutch.co/profile/victory-0","https://www.victorycto.com","info@victorycto.com"
"170","Chicago Technology Advisors","https://clutch.co/profile/chicago-technology-advisors","http://chitechadvisors.com/","info@chitechadvisors.com"
"171","Continuum Content Solutions","https://clutch.co/profile/continuum-content-solutions","http://www.continuumcontentsolutions.com","continuum@continuumcontentsolutions.com"
"172","Spin Digital Consulting","https://clutch.co/profile/spin-digital-consulting","https://spindc.com/","info@spindc.com"
"173","Beijing Sunshine Jindian","https://clutch.co/profile/beijing-sunshine-jindian","http://www.51jindian.net/","ygjd@51jindian.net"
"174","Apsia","https://clutch.co/profile/apsia","http://www.apsia.eu/en","info@apsia.eu"
"175","GT Outsourcing","https://clutch.co/profile/gt-outsourcing","http://www.nozzmo.com/","info@gto.com.gtNA"
"176","Sheba Technologies Ltd.","https://clutch.co/profile/sheba-technologies","http://www.shebatech.com.bd/","info@shebatech.com.bdNA"
"177","thinqloud","https://clutch.co/profile/thinqloud","https://www.thinqloud.com","sales@thinqloud.com"
"178","TurnKey Lender","https://clutch.co/profile/turnkey-lender","https://turnkey-lender.com","sales@turnkey-lender.com"
"179","Hosted Desktop UK","https://clutch.co/profile/hosted-desktop-uk","https://www.hosteddesktopuk.co.uk/","contact@hosteddesktopuk.co.ukNA"
"180","Cloud System","https://clutch.co/profile/cloud-system","https://www.cloudsystems.com.bd/","info@cloudsystems.com.bd"
"181","Xorlogics","https://clutch.co/profile/xorlogics","http://www.xorlogics.com/","info@xorlogics.comNA"
"182","Powersoftbd","https://clutch.co/profile/powersoftbd","http://www.powersoft.company/","powersoft.inc@outlook.com"
"183","Tri-Com Consulting Group","https://clutch.co/profile/tri-com-consulting-group","http://www.tricomgroup.com/","info@tricomgroup.comNA"
"184","GSI","https://clutch.co/profile/gsi","http://e-gsi.net/","info@e-gsi.net"
"185","ConnectBD Ltd","https://clutch.co/profile/connectbd","http://www.connectbd.com/","info@connectbd.com"
"186","Tade Infotech","https://clutch.co/profile/tade-infotech","http://tadeinfotech.com.ph/","info@tadeinfotech.com"
"187","INNOVATION Information System Limited","https://clutch.co/profile/innovation-information-system","http://www.iisbd.com/","info@iisbd.com"
"188","La Manguste","https://clutch.co/profile/la-manguste","http://www.lamanguste.com","sales@lamanguste.com"
"189","Cloud4 Computers ","https://clutch.co/profile/cloud4-computers","http://www.cloud4computers.co.uk/","enquiries@cloud4computers.co.uk"
"190","Raccoon Gang","https://clutch.co/profile/raccoon-gang","https://raccoongang.com/","info@raccoongang.comNA"
"191","Octree Limited","https://clutch.co/profile/octree","http://www.octree.co.uk/","sales@octree.co.uk"
"192","Workablecom Software House","https://clutch.co/profile/workablecom-software-house","http://www.workablecom.ch/","customercare@workablecom.ch"
"193","Integratech","https://clutch.co/profile/integratech","http://integratech.sg/","sales@integratech.com.sg"
"194","SAINT Corporation","https://clutch.co/profile/saint-corporation","http://www.saintcorporation.com/","sales@saintcorporation.com"
"195","Dynatrace","https://clutch.co/profile/dynatrace","http://dynatrace.com","apmsales@dynatrace.comNA"
"196","Enadev","https://clutch.co/profile/enadev","http://enadev.com/","contact@enadev.com"
"197","Lodestar Management Services Ltd","https://clutch.co/profile/lodestar-management-services","http://www.lodestarmanagement.co.uk/","ian.jameson@btconnect.com"
"198","Tech Active","https://clutch.co/profile/tech-active","http://www.active.agency/","cecilia.pedrazzoli@qlx.com"
"199"," I am Your Web Guy","https://clutch.co/profile/i-am-your-web-guy","http://www.iamyourwebguy.com","anthony@iamyourwebguy.comNA"
"200","Mirabeau","https://clutch.co/profile/mirabeau","https://www.mirabeau.nl/","info@mirabeau.nl"
"201","FilioTech Limited","https://clutch.co/profile/filiotech","https://www.filiotech.com","hello@filiotech.comNA"
"202","Rexer Analytics","https://clutch.co/profile/rexer-analytics","http://www.rexeranalytics.com/","info@rexeranalytics.com"
"203","CPiO Limited","https://clutch.co/profile/cpio","https://www.cpio.co.uk/","marketing@cpio.co.uk"
"204","Clients First Business Solutions","https://clutch.co/profile/clients-first-business-solutions","http://www.clientsfirst-us.com/","info@clientsfirst-us.com"
"205","Advanced Kiosks","https://clutch.co/profile/advanced-kiosks","https://advancedkiosks.com/","sales@advancedkiosks.com"
"206","Qwinix Technologies","https://clutch.co/profile/qwinix-technologies","http://www.qwinixtech.com","info@qwinixtech.com"
"207","31West Global Services","https://clutch.co/profile/31west-global-services","https://www.31west.net/","sales@31west.netNA"
"208","MicroCorp","https://clutch.co/profile/microcorp","https://www.microcorp.com/","info@microcorp.comNA"
"209","Ataway","https://clutch.co/profile/ataway","http://www.ataway.com/","info@ataway.com"
"210","AstraQom Romania","https://clutch.co/profile/astraqom-romania","https://www.astraqom.com/ro/","info@astraqom.com"
"211","Clear Concepts","https://clutch.co/profile/clear-concepts","https://www.clearconcepts.ca/","cecilia.pedrazzoli@qlx.com"
"212","RightBrain Networks","https://clutch.co/profile/rightbrain-networks","http://www.rightbrainnetworks.com/","hello@rightbrainnetworks.com"
"213","The Carrera Agency","https://clutch.co/profile/carrera-agency","https://www.thecarreraagency.com/","info@thecarreraagency.com"
"214","Web Lounge","https://clutch.co/profile/web-lounge","https://webloungedesign.com","office@webloungedesign.com"
"215","Team Extension SRL","https://clutch.co/profile/team-extension-srl","https://teamextension.lv/","billing@teamextension.ro"
"216","Suncode","https://clutch.co/profile/suncode","https://suncode.co/","info@suncode.co"
"217","QCI","https://clutch.co/profile/qci","https://www.qci.com/","info@qci.com"
"218","Juran Consultants","https://clutch.co/profile/juran-consultants","https://juranconsultants.com","services@juranconsultants.com"
"219","SAV London Ltd","https://clutch.co/profile/sav-london","https://www.sav.co.uk/","info@sav.co.ukNA"
"220","Deusto Sistemas","https://clutch.co/profile/deusto-sistemas","https://www.deustosistemas.net/es/","info@deustosistemas.net"
"221","Intertec International","https://clutch.co/profile/intertec-international-0","http://www.intertecintl.com","sales@intertecintl.com"
"222","Cybraics","https://clutch.co/profile/cybraics","https://cybraics.com/","careers@cybraics.com"
"223","FARMWAVE","https://clutch.co/profile/farmwave","https://farmwave.io/","info@camp3.ioNA"
"224","Tinet","https://clutch.co/profile/tinet","http://www.tinet.cl/","contacto@tinet.cl"
"225","Services4it","https://clutch.co/profile/services4it","https://www.s4it.com.mx","contacto@s4it.com.mx"
"226","Southtech Limited","https://clutch.co/profile/southtech","http://www.southtechgroup.com/","enquiries@southtechlimited.com"
"227","Infoke","https://clutch.co/profile/infoke","http://www.infoke.com.uy/","ventas@infoke.com.uy"
"228","Qruize Technologies Pvt. Ltd.","https://clutch.co/profile/qruize-technologies","http://www.qruize.com/","info@qruize.com"
"229","IWebSquare, Inc.","https://clutch.co/profile/iwebsquare","https://www.iwebsquare.com","kristina@iwebsquare.com"
"230","StarOne IT Solutions","https://clutch.co/profile/starone-it-solutions","https://www.staroneit.com/home.php","sales@staroneit.comNA"
"231","TASISoftware","https://clutch.co/profile/tasisoftware","http://www.tasisoft.com/","informes@tasisoft.com"
"232","SBI Technology","https://clutch.co/profile/sbi-technology","http://sbi-technology.com/sbiseguros/","contacto@sbi-technology.com"
"233","infoNERO","https://clutch.co/profile/infonero","https://www.infonero.com/","careers@infonero.com"
"234","Yunntech","https://clutch.co/profile/yunntech","http://www.yunntech.com/","ventas@yunntech.com"
"235","ZEPCOM","https://clutch.co/profile/zepcom","http://zep-com.net/","ali.raza@zep-com.net"
"236","Arcturus Security","https://clutch.co/profile/arcturus-security","http://www.arcturussecurity.com","info@arcturussecurity.com"
"237","JPanik Srl","https://clutch.co/profile/jpanik-srl","http://jpanik.it/chi-siamo/","info@jpanik.it"
"238"," Deng Info Tech Solutions Pvt. Ltd","https://clutch.co/profile/deng-info-tech-solutions","http://www.dengsolutions.com/","deng.dir.solutions@gmail.comNA"
"239","Future Technologies","https://clutch.co/profile/future-technologies","http://future-technologies.ae","info@future-technologies.ae"
"240","SummitStream","https://clutch.co/profile/summitstream","http://www.summitstream.com/","curt.yager@summitstream.com"
"241","TiSmart","https://clutch.co/profile/tismart","http://www.tismart.com/","contacto@tisma'rt.com"
"242","SI2 Limited","https://clutch.co/profile/si2","http://si2solutions.com/","info@si2solutions.com"
"243","AGlobal","https://clutch.co/profile/aglobal","http://aglobal.com.ar/","info@aglobal.com.ar"
"244","V IT SYSTEMS","https://clutch.co/profile/v-it-systems","http://www.vitsystemscompany.com/","cecilia.pedrazzoli@qlx.com"
"245","Dash Data and IT Solutions","https://clutch.co/profile/dash-data-it-solutions","http://www.dash-tech.co","dedic@dash-tech.co"
"246","Bright Cloud Marketing, Inc.","https://clutch.co/profile/bright-cloud-marketing","https://www.brightcloudmarketing.com/","Champion@brightcloudmarketing.com"
"247","GAYAIT","https://clutch.co/profile/gayait","http://www.gayait.com","ana.rubio@gaya-it.com"
"248","Inrisoft","https://clutch.co/profile/inrisoft","http://inrisoft.com","info@inrisoft.com"
"249","Avanza","https://clutch.co/profile/avanza","http://www.avanzaya.com/","info@avanzaya.com"
"250","Apoorva","https://clutch.co/profile/apoorva","http://www.apoorva.com","WebContact@Apoorva.com"
"251","Tanagra Ltd.","https://clutch.co/profile/tanagra","http://www.tanagraltd.com/","info@tanagrltd.com"
"252","E-SOLUTIONS","https://clutch.co/profile/e-solutions","http://e-solutions.com.sg/","enquiry@e-solutions.com.sg"
"253","Technobizzar software solutions","https://clutch.co/profile/technobizzar-software-solutions","http://technobizzar.com/","info@technobizzar.com"
"254","Extra Mile Marketing","https://clutch.co/profile/extra-mile-marketing","http://extramilemarketing.com/","info@emminc.com"
"255","Punchcard Systems","https://clutch.co/profile/punchcard-systems","https://punchcard.io/","cecilia.pedrazzoli@qlx.com"
"256","Captcha Software Solutions","https://clutch.co/profile/captcha-software-solutions","http://www.captchasoft.com/","info@captchasoft.comNA"
"257","iXora Solution Ltd.","https://clutch.co/profile/ixora-solution","http://ixorasolution.com/","info@ixorasolution.com"
"258","Ethos Technologies","https://clutch.co/profile/ethos-technologies","https://ethos.tech","sales@ethos.tech"
"259","AJRA Technologies Ltd.","https://clutch.co/profile/ajra-technologies","http://www.ajratech.com/","info@ajratech.com"
"260","Nomade Solutions Mobiles","https://clutch.co/profile/nomade-solutions-mobiles","http://www.nomadesolutions.com","info@nomadesolutions.com"
"261","BUCKAZ Communications","https://clutch.co/profile/buckaz-communications","http://buckaz.com","info@buckazcommunications.comNA"
"262","Wave-Brand IT Services","https://clutch.co/profile/wave-brand-it-services","http://www.wbitsbd.com/","query@wbitsbd.comNA"
"263","QUAPE PTE LTD","https://clutch.co/profile/quape-pte","https://www.quape.com","sales@quape.comNA"
"264","Progeny Technologies Limited","https://clutch.co/profile/progeny-technologies","http://progenytech.com/","info@progenytec'h.comNA"
"265","Soft Tech Innovation Limited","https://clutch.co/profile/soft-tech-innovation","http://www.softbd.com/","info@softbd.com"
"266","SecuTech Solutions Inc","https://clutch.co/profile/secutech-solutions","https://www.esecutech.com/","sales@esecutech.comNA"
"267","KERN-IT","https://clutch.co/profile/kern-it","https://www.kern-it.be/","info@kern-it.be"
"268","Tecnologías web de México S.A de C.V","https://clutch.co/profile/tecnolog%C3%ADas-web-de-m%C3%A9xico-sa-de-cv","http://wt.com.mx/","contacto@wt.com.mx"
"269","Concept Coders Ltd","https://clutch.co/profile/concept-coders","http://www.conceptcoders.com","info@conceptcoders.com"
"270","Soft IT Security","https://clutch.co/profile/soft-it-security","https://softitsecurity.com/","info@softitsecurity.com"
"271","Zpoken","https://clutch.co/profile/zpoken","https://zpoken.ai","mike.yezhov@zpoken.ai"
"272","Masergy","https://clutch.co/profile/masergy","https://www.masergy.com/","info@masergy.comNA"
"273","ARS DATA","https://clutch.co/profile/ars-data","http://www.arsdata.io","hello@arsdata.io"
"274","Blue Lion Software","https://clutch.co/profile/blue-lion-software","https://bluelionsoft.com/","info@bluelionsoft.com"
"275","elPresta","https://clutch.co/profile/elpresta","https://elPresta.eu/en/","info@elpresta.eu"
"276","Outreach","https://clutch.co/profile/outreach","https://www.outreach.io/","support@outreach.io"
"277","Ringtail Software","https://clutch.co/profile/ringtail-software","http://www.ringtailsoftware.co.uk/","toby@ringtailsoftware.co.uk"
"278","Beyond Tech","https://clutch.co/profile/beyond-tech","http://beyondtech.info/","beyondtech.info@gmail.com"
"279","Netcore Solutions Pvt Ltd","https://clutch.co/profile/netcore-solutions","https://netcore.in","vinaykumar.bari@netcore.co.in"
"280","Q3 Technologies","https://clutch.co/profile/q3-technologies","http://q3tech.com","info@q3tech.com"
"281","Dhaka Tech-Dominus","https://clutch.co/profile/dhaka-tech-dominus","http://dhakatechdominus.com/","info@dhakatechdominus.com"
"282","Kingtech Partners","https://clutch.co/profile/kingtech-partners","http://ktpartners.com.au","service@ktpartners.com.au"
"283","IFB","https://clutch.co/profile/ifb","http://www.ifb.net/","geton@ifb.netNA"
"284","Springbot","https://clutch.co/profile/springbot","https://www.springbot.com/","marketing@springbot.comNA"
"285","Agencia Virtual","https://clutch.co/profile/agencia-virtual","https://www.agenciavirtual.com.gt/nosotros/","ventas@agenciavirtual.com.gt"
"286","InGenius Software","https://clutch.co/profile/ingenius-software","https://www.ingenius.com/","sales@ingenius.com"
"287","Dentist Identity","https://clutch.co/profile/dentist-identity","http://www.dentistidentity.com/","hello@dentistidentity.com"
"288","Eficode","https://clutch.co/profile/eficode","https://www.eficode.com/home","info@eficode.com"
"289","MSCRM-ADDONS.COM","https://clutch.co/profile/mscrm-addonscom","http://www.mscrm-addons.com/","support@mscrm-addons.comNA"
"290","RCS Technology Solutions","https://clutch.co/profile/rcs-technology-solutions","http://www.rcstechnologysolutions.com/","info@rcstechnologysolutions.com"
"291","AppLike","https://clutch.co/profile/applike","https://www.applike.info/","marketing-relations@applike.info"
"292","PEEXL LLC ","https://clutch.co/profile/peexl","https://www.peexl.com/","contact@peexl.comNA"
"293","Precognox","https://clutch.co/profile/precognox","http://www.precognox.com","info@precognox.com"
"294","C2G Partners","https://clutch.co/profile/c2g-partners","https://c2gpartners.com/","info@c2gpartners.comNA"
"295","Xtreme Consulting","https://clutch.co/profile/xtreme-consulting","http://xtremeconsulting.com/","info@xtremeconsulting.com"
"296","Brierley+Partners","https://clutch.co/profile/brierleypartners","https://www.brierley.com/","publicrelations@brierley.com"
"297","Dev Technology Group","https://clutch.co/profile/dev-technology-group","http://devtechnology.com/","info@devtechnology.com"
"298","Evolucion Web","https://clutch.co/profile/evolucion-web","https://evolucionweb.mx/","SOLUCIONES@EVOLUCIONWEB.MXNA"
"299","Binarydrive","https://clutch.co/profile/binarydrive","https://www.binarydrive.com/","hello@binarydrive.com"
"300","MRE Consulting","https://clutch.co/profile/mre-consulting","http://www.mre-consulting.com/","cecilia.pedrazzoli@qlx.com"
"301","BlueBolt, Inc.","https://clutch.co/profile/bluebolt","https://www.blueboltsolutions.com/","sales1@blueboltsolutions.com"
"302","i-Build.PH Web Solutions and Services","https://clutch.co/profile/i-buildph-web-solutions-services","http://www.ibuild.ph/","info@ibuild.ph"
"303","Together Digital","https://clutch.co/profile/together-digital","https://www.togetherdigital.ie/","info@togetherdigital.ieNA"
"304","Mythic","https://clutch.co/profile/mythic","https://bemythic.com/","more@bemythic.com"
"305","Interactive Technology Limited","https://clutch.co/profile/interactive-technology","https://www.itlweb.com/","info@itlweb.com"
"306","Competitive Edge Services","https://clutch.co/profile/competitive-edge-services","http://www.ceservices.com/","info@ceservices.comNA"
"307","Fusion Consulting","https://clutch.co/profile/fusion-consulting","https://fusionconsultinginc.com/","cecilia.pedrazzoli@qlx.com"
"308","kayzoe","https://clutch.co/profile/kayzoe","https://www.kayzoe.com/","office@kayzoe.com"
"309","Barrachd","https://clutch.co/profile/barrachd","https://barrachd.co.uk/","support@barrachd.comNA"
"310","Tembit Software GmbH","https://clutch.co/profile/tembit-software-gmbh","http://www.tembit.de/","info@tembit.de"
"311","Codevate","https://clutch.co/profile/codevate","https://www.codevate.com/","info@codevate.com"
"312","Transcosmos Indonesia","https://clutch.co/profile/transcosmos-indonesia","http://www.trans-cosmos.co.id/","info@trans-cosmos.co.id"
"313","121ecommerce","https://clutch.co/profile/121ecommerce","https://www.121ecommerce.com/","info@121ecommerce.com"
"314","YowSeo","https://clutch.co/profile/yowseo","http://yowseo.com/","info@yowseo.com"
"315","TS Conard, Inc. ","https://clutch.co/profile/ts-conard","http://www.tsconard.com/","cecilia.pedrazzoli@qlx.com"
"316","Tight","https://clutch.co/profile/tight","http://tight.no","hello@tight.noNA"
"317","Ziffity Solutions LLC","https://clutch.co/profile/ziffity-solutions","http://www.ziffity.com","contactus@ziffity.com"
"318","DataEntryIndia.in","https://clutch.co/profile/dataentryindiain","https://www.dataentryindia.in","info@dataentryindia.inNA"
"319"," Stratpoint Technologies, Inc.","https://clutch.co/profile/stratpoint-technologies","http://stratpoint.com","info@stratpoint.com"
"320","Signove","https://clutch.co/profile/signove","http://www.signove.com/en/","contact@signove.com"
"321","Techcronus Business Solutions","https://clutch.co/profile/techcronus-business-solutions","http://www.techcronus.com","business@techcronus.com"
"322","Compumatik","https://clutch.co/profile/compumatik","http://www.compumatik.com/","info@compumatik.comNA"
"323","Bow River Solutions Inc.","https://clutch.co/profile/bow-river-solutions","http://www.BowRiverSolutions.com","Support@BowRiverSolutions.com"
"324","Innovación Digital","https://clutch.co/profile/innovaci%C3%B3n-digital","http://innovaciondigital.ec/","info@innovaciondigital.ec'"
"325","Blue Arc IT Solutions","https://clutch.co/profile/blue-arc-it-solutions","https://blue-arc.com.au","cecilia.pedrazzoli@qlx.com"
"326","Bbox Communication","https://clutch.co/profile/bbox-communication","http://www.bbox.it/","mail@bbox.it"
"327","F5 IT Recruitment Ltd","https://clutch.co/profile/f5-it-recruitment","http://www.f5itrecruitment.co.uk","info@f5it.co.uk"
"328","SiteWhere","https://clutch.co/profile/sitewhere","https://www.sitewhere.com/","sales@sitewhere.com"
"329","In The Mix Agency","https://clutch.co/profile/mix-agency","https://itmpromos.com/","daniel@itmpromos.com"
"330","Wasi Tech Systems","https://clutch.co/profile/wasi-tech-systems","http://wasitechsystems.com/","info@wasitechsystems.com"
"331","DominionTech Computer Services","https://clutch.co/profile/dominiontech-computer-services","https://www.dominiontech.com/","sales@dominiontech.com"
"332","directComm","https://clutch.co/profile/directcomm","http://directcomm.agency/TR/","info@direct-tr.comNA"
"333","Webeezy","https://clutch.co/profile/webeezy","http://www.webeezy.co.uk/","help@webeezy.co.uk"
"334","10.digital","https://clutch.co/profile/10digital-0","https://www.10.digital/en/","geral@10.digital"
"335","Advanced Technology IT Solutions","https://clutch.co/profile/advanced-technology-it-solutions","http://advtech.co/","info@advtech.co"
"336","Green Pow","https://clutch.co/profile/green-pow","http://www.greenpow.cr/","info@greenpow.cr"
"337","onIT","https://clutch.co/profile/onit","https://on-it.co/","info@on-it.co"
"338","ARAGO Consulting","https://clutch.co/profile/arago-consulting","https://www.aragoconsulting.eu/en","contact@aragoconsulting.com"
"339","LilacMist IT Services","https://clutch.co/profile/lilacmist-it-services","http://www.lilacmist.net/site/","support@lilacmist.net"
"340","Alliant Technology Group","https://clutch.co/profile/alliant-technology-group","https://www.allianttechnology.com/","info@allianttechnology.com"
"341","Gencosys Technologies Pvt. Ltd.","https://clutch.co/profile/gencosys-technologies","https://www.gencosys.com/","info@gencosys.com"
"342","Contextbi","https://clutch.co/profile/contextbi","http://www.contextbi.com/","info@contextbi.com"
"343","Tarmac.IO","https://clutch.co/profile/tarmacio","http://tarmac.io/","info@tarmac.io"
"344","Nuvolar Works","https://clutch.co/profile/nuvolar-works","http://nuvolar.eu/","info@nuvolar.eu"
"345","LeadWave","https://clutch.co/profile/leadwave","https://getleadwave.io/","sales@getleadwave.io"
"346","C3 Insight Group Inc.","https://clutch.co/profile/c3-insight-group","http://c3-inc.com","info@c3-inc.com"
"347","GO-SHARP","https://clutch.co/profile/go-sharp","http://www.go-sharp.com","contacto@go-sharp.net"
"348","Gosstech Pte Ltd","https://clutch.co/profile/gosstech-pte","http://www.gosstech.com.sg/","enquiry@gosstech.com.sg"
"349","Multibrand Infotech Ltd.","https://clutch.co/profile/multibrand-infotech","http://multibrandinfotech.com/","info@multibrandinfotech.com"
"350","ElizaSixtyFour","https://clutch.co/profile/elizasixtyfour","http://www.elizasixtyfour.com","hello@elizasixtyfour.com"
"351","Kamlam Infotech","https://clutch.co/profile/kamlam-infotech","http://kamalaminfo.com/","sales@kamalaminfo.com"
"352","searchtime","https://clutch.co/profile/searchtime","http://www.searchtime.in","info@searchtime.in"
"353","SoftHof (PVT) Ltd.","https://clutch.co/profile/softhof","https://www.softhof.com","sales@softhof.com"
"354","INTERCODEC","https://clutch.co/profile/intercodec","http://www.intercodec.cz/","info@intercodec.cz"
"355","Primezone Solutions","https://clutch.co/profile/primezone-solutions","http://www.primezonesolutions.co.tz/","info@primezonesolutions.co.tzns."
"356",NA,"https://clutch.coNA",NA,"cecilia.pedrazzoli@qlx.com"
