"","name","url","website","clutch_email"
"1","Bluewolf ","https://clutch.co/profile/bluewolf","http://www.bluewolf.com/","marketing@bluewolf.com"
"2","Six Consulting, Inc.","https://clutch.co/profile/six-consulting","http://www.sixconsultingcorp.com","strategicaccounts@sixconsultingcorp.comNA"
"3","Server Sorcery","https://clutch.co/profile/server-sorcery","http://www.serversorcery.com","michael@serversorcery.com"
"4","Bit by Bit Computer Consultants","https://clutch.co/profile/bit-bit-computer-consultants","http://www.bitxbit.com","info@bitxbit.com"
"5","Pragmatic Works ","https://clutch.co/profile/pragmatic-works","http://www.pragmaticworks.com","sales@pragmaticworks.com"
"6","MIT Group","https://clutch.co/profile/mit-group","http://www.theMITGroup.net","contact@themitgroup.net"
"7","Mission","https://clutch.co/profile/mission","http://www.missioncloud.com","info@missioncloud.comNA"
"8","TwoConnect, LLC.","https://clutch.co/profile/twoconnect","http://www.twoconnect.com","info@twoconnect.com"
"9","PortalFront","https://clutch.co/profile/portalfront","http://www.portalfronthosting.com","sales@portalfront.comNA"
"10","Turnkey Technologies, Inc.","https://clutch.co/profile/turnkey-technologies","https://www.turnkeytec.com/","sales@turnkeytec.com"
"11","IT Respublica","https://clutch.co/profile/it-respublica","http://www.itrespublica.eu/","liubov.kremer@itrespublica.eu"
"12","GAM Tech","https://clutch.co/profile/gam-tech","http://www.gamtech.ca","info@gamtech.caNA"
"13","Jelvix","https://clutch.co/profile/jelvix","https://jelvix.com/","hello@jelvix.com"
"14","Caspian IT Group","https://clutch.co/profile/caspian-it-group","https://www.caspianitg.com/","solutions@caspianitg.com"
"15","DreamSoft4u Private Limited","https://clutch.co/profile/dreamsoft4u-private","http://dreamsoft4u.com/","enquiry@dreamsoft4u.com"
"16","Innoware","https://clutch.co/profile/innoware","http://www.innoware.com","dmytropopinako@innoware.comNA"
"17","SpdLoad","https://clutch.co/profile/spdload","http://spdload.com","info@spdload.comNA"
"18","Shinetech Europe","https://clutch.co/profile/shinetech-europe","http://www.shinetechsolution.com","info@shinetechsolution.com"
"19","RiskVision - Out of Business ","https://clutch.co/profile/riskvision-out-business","https://www.riskvisioninc.com/","Info@RiskVisionInc.com"
"20","NetSet Software Solutions ","https://clutch.co/profile/netset-software-solutions","http://www.netsetsoftware.com","direct@netsetsoftware.comNA"
"21","Statistics Solutions","https://clutch.co/profile/statistics-solutions","http://www.statisticssolutions.com/","info@statisticssolutions.com"
"22","Innovative Ideas ","https://clutch.co/profile/innovative-ideas","http://iiui.com","dlieber@iiui.comNA"
"23","Promevo","https://clutch.co/profile/promevo","http://www.promevo.com","salesteam@promevo.com"
"24","HiFX IT & Media Services","https://clutch.co/profile/hifx-it-media-services","http://www.hifx.co.in","sales@hifx.co.in"
"25","Merlion Solutions, LLC","https://clutch.co/profile/merlion-solutions","https://merlionsolutions.com","info@merlionsolutions.com"
"26","Ventive","https://clutch.co/profile/ventive","http://www.getventive.com","inquiries@getventive.com"
"27","RMRF","https://clutch.co/profile/rmrf","https://rmrf.tech/","eugeny.tumaykin@rmrf.techNA"
"28","Brevitaz Systems","https://clutch.co/profile/brevitaz-systems","http://brevitaz.com","info@brevitaz.com"
"29","CRMimplant","https://clutch.co/profile/crmimplant","http://CRMimplant.com","hello@crmimplant.comNA"
"30","fireup.pro","https://clutch.co/profile/fireuppro","http://www.fireup.pro","now@fireup.proNA"
"31","Chimplie","https://clutch.co/profile/chimplie","https://chimplie.com/","info@chimplie.com"
"32","Kaptcha Softwares","https://clutch.co/profile/kaptcha-softwares","http://kaptchasoftwares.com/","kaptchasoftwares@gmail.com"
"33","SoftElegance","https://clutch.co/profile/softelegance","http://www.softelegance.com","imarianova@softelegance.comNA"
"34","finkhaeuser consulting","https://clutch.co/profile/finkhaeuser-consulting","https://finkhaeuser.de/","jens@finkhaeuser.deNA"
"35","Happiest Minds Technologies","https://clutch.co/profile/happiest-minds-technologies","http://www.happiestminds.com","rahul.singh2@happiestminds.com"
"36","CITOC","https://clutch.co/profile/citoc","https://www.citoc.com/","info@citoc.com"
"37","Shugert Marketing ","https://clutch.co/profile/shugert-marketing","https://www.shugert.com.mx","hello@shugert.com.mx"
"38","IronEdge","https://clutch.co/profile/ironedge","https://www.ironedgegroup.com/","sales@ironedgegroup.com"
"39","Synoptek","https://clutch.co/profile/synoptek","https://synoptek.com/","info@synoptek.com"
"40","Techvedic","https://clutch.co/profile/techvedic","http://www.techvedic.com","contact@techvedic.com"
"41","Covenant Technology Solutions, Inc.","https://clutch.co/profile/covenant-technology-solutions","http://www.covenant-tech.net/","marketing@bluewolf.com"
"42","Egress Group","https://clutch.co/profile/egress-group","http://www.egressgroup.co.uk/","contact@bramblehub.co.uk"
"43","Accudata Systems","https://clutch.co/profile/accudata-systems","https://accudatasystems.com/","marketing@bluewolf.com"
"44","Kosbit","https://clutch.co/profile/kosbit","http://www.kosbit.net","fatmir@kosbit.netNA"
"45","Ziften","https://clutch.co/profile/ziften","https://ziften.com/","support@ziften.com"
"46","Netier","https://clutch.co/profile/netier","https://www.netier.com.au/#top","welcome@netier.com.au"
"47","Network Logic","https://clutch.co/profile/network-logic","https://www.networklogic.net/","jefft@networklogic.netNA"
"48","Intertec Systems","https://clutch.co/profile/intertec-systems","http://www.intertecsystems.com/","info@intertecsys.comNA"
"49","Bridgeall","https://clutch.co/profile/bridgeall","https://www.bridgeall.com/","contactus@bridgeall.com"
"50","Peking University Founder Group Co., Ltd.","https://clutch.co/profile/peking-university-founder-group-co","http://www.founder.com","bdfzgroup@fou'nder.comNA"
"51","FMT Consultants, LLC","https://clutch.co/profile/fmt-consultants","http://www.fmtconsultants.com/","marketing@fmtconsultants.com"
"52","Cal Net Technology Group","https://clutch.co/profile/cal-net-technology-group","https://www.calnettech.com/","info@calnettech.com"
"53","Leaf Software Solutions","https://clutch.co/profile/leaf-software-solutions","http://www.leafsoftwaresolutions.com/","info@leafsoftwaresolutions.comNA"
"54","B2B Technologies","https://clutch.co/profile/b2b-technologies","https://www.b2btech.com/Pages/default.aspx","info@b2btech.com"
"55","IBIZ Consulting Services","https://clutch.co/profile/ibiz-consulting-services","http://www.ibizcs.com/","sales@ibizcs.com"
"56","Primary Support Solutions Inc (ATSG)","https://clutch.co/profile/primary-support-solutions-atsg","http://www.primarysupport.com/","info@atsg.net"
"57","ADAPTURE","https://clutch.co/profile/adapture","https://www.adapture.com/","info@adapture.com"
"58","Darwin Computing","https://clutch.co/profile/darwin-computing","https://darwincomputing.com/","info@darwincomputing.com"
"59","eTrepid","https://clutch.co/profile/etrepid","https://www.etrepid.com","sales@eTrepid.com"
"60","LA Creative Technologies","https://clutch.co/profile/la-creative-technologies","http://lacreativetech.com/","inquiries@lacreativetech.com"
"61","Pro Drive IT Limited","https://clutch.co/profile/pro-drive-it","http://www.prodriveit.co.uk","sales@prodriveit.co.ukNA"
"62","4its GmbH","https://clutch.co/profile/4its-gmbh","https://4its.de/","info@4its.deNA"
"63","Wondersauce","https://clutch.co/profile/wondersauce","http://www.wondersauce.com/","hello@wondersauce.com"
"64","Westcon Comstor","https://clutch.co/profile/westcon-comstor","http://www.synnex.com/westconcomstor/","lbohanan@commcentric.com"
"65","CHIPS Technology Group","https://clutch.co/profile/chips-technology-group","http://www.chipstechnologygroup.com/","marketing@bluewolf.com"
"66","ChinaSoft International","https://clutch.co/profile/chinasoft-international","http://www.chinasofti.com/en/index.shtml","pr@chinasofti.com"
"67","Virtela ","https://clutch.co/profile/virtela","http://www.virtela.net/","info@virtela.net"
"68","Trustmarque Solutions Ltd","https://clutch.co/profile/trustmarque-solutions","https://www.trustmarque.com/","info@trustmarque.com"
"69","Moser Consulting","https://clutch.co/profile/moser-consulting","https://www.moserit.com/","marke'ting@moserit.comNA"
"70","MicroAge","https://clutch.co/profile/microage","http://www.microage.ca/","marketing@bluewolf.com"
"71","NFLabs","https://clutch.co/profile/nflabs","http://www.nflabs.com","sales@nflabs.com"
"72","JDL Technologies","https://clutch.co/profile/jdl-technologies","http://www.jdltech.com/","info@jdltech.com"
"73","Intelligent IT Solutions","https://clutch.co/profile/intelligent-it-solutions","http://www.i-itsolutions.com/","info@i-itsolutions.com"
"74","Netswitch Technology Management Inc","https://clutch.co/profile/netswitch-technology-management","http://www.netswitch.net/","contact@netswitch.net"
"75","AIM Corporate Solutions, Inc.","https://clutch.co/profile/aim-corporate-solutions","http://www.aim.ph/","AskUs@aim.ph"
"76","SharePoint Maven","https://clutch.co/profile/sharepoint-maven","http://sharepointmaven.com/","greg@sharepointmaven.comNA"
"77","designDATA","https://clutch.co/profile/designdata","https://www.designdata.com/","sales@designdata.comNA"
"78","Multum Tech Pty Ltd","https://clutch.co/profile/multum-tech-pty","https://multum.com.au/","sales@multum.com.au"
"79","Nortec","https://clutch.co/profile/nortec","https://www.nortec.com","marketing@bluewolf.com"
"80","RapidSwitch","https://clutch.co/profile/rapidswitch","http://www.rapidswitch.com/","sales@rapidswitch.com"
"81","7-Network Pte Ltd","https://clutch.co/profile/7-network-pte","http://www.7-network.com/international/","sales@itsupport.sg"
"82"," Cornerstone Consulting","https://clutch.co/profile/cornerstone-consulting","http://www.cornerstoneconsultinginc.com/","info@cornerstoneconsultinginc.com"
"83","BeckTek ","https://clutch.co/profile/becktek","https://www.becktek.ca/","ask@becktek.ca"
"84","virtualDCS","https://clutch.co/profile/virtualdcs","https://www.virtualdcs.co.uk/","enquiries@virtualdcs.co.uk"
"85","TechLane","https://clutch.co/profile/techlane","https://www.techlane.it/en/","sales@techlane.it"
"86","Thinkwise Solutions Ltd.","https://clutch.co/profile/thinkwise-solutions","http://thinkwise.cloud","info@thinkwise.cloud"
"87","IRIS Technology ","https://clutch.co/profile/iris-technology","http://www.itech.com.jo/","info@itech.com.joNA"
"88","Computer Security Technologies Ltd","https://clutch.co/profile/computer-security-technologies","https://www.cstl.com/","info@cstl.com"
"89","Digital Pathways Ltd","https://clutch.co/profile/digital-pathways","http://digpath.co.uk/","intouch@digitalpathways.co.uk"
"90","Celerity Information Services","https://clutch.co/profile/celerity-information-services","https://www.celerity-is.com/","enquiries@celerity-is.com"
"91","SpliceNet Legal Cybersecurity & Technology","https://clutch.co/profile/splicenet-legal-cybersecurity-technology","http://www.splice.net","jgast@splice.net"
"92","Lanlogic","https://clutch.co/profile/lanlogic","http://lanlogic.com/","realpeople@lanlogic.com"
"93","Raven Computers Ltd","https://clutch.co/profile/raven-computers","http://www.raven-computers.co.uk/","Info@raven-computers.co.uk"
"94","Stoneworks Technologies Inc.","https://clutch.co/profile/stoneworks-technologies","http://swti.ca/","service@swti.caNA"
"95","Avaleris","https://clutch.co/profile/avaleris","https://www.avaleris.com/","info@avaleris.com"
"96","Virtual Internet UK Ltd","https://clutch.co/profile/virtual-internet-uk","http://www.vi.net/","sales@vi.net"
"97","Veracity Technologies","https://clutch.co/profile/veracity-technologies","http://www.veracitytech.com/","info@veracitytech.com"
"98","Shivaami Cloud Services Pvt. Ltd.","https://clutch.co/profile/shivaami-cloud-services","http://www.shivaami.com","punit@shivaami.com"
"99","Maisis ","https://clutch.co/profile/maisis","http://www.maisis.pt/","comercial@maisis.pt"
"100","Paralogic Networks","https://clutch.co/profile/paralogic-networks","http://paralogicnetworks.co.uk/","hello@paralogic.co.ukNA"
"101","Utixo ltd","https://clutch.co/profile/utixo","https://www.utixo.eu/","info@utixo.eu"
"102","Imtex ","https://clutch.co/profile/imtex","http://www.imtex.com/index.php","enqs@imtex.com"
"103","Wildcard Networks","https://clutch.co/profile/wildcard-networks","http://www.wildcard.net.uk/","info@wildcard.net.uk"
"104","SWIFT INTEGRATOR PTE LTD","https://clutch.co/profile/swift-integrator-pte","http://www.swiftintegrator.com.sg/index.php/home/","sales@swiftintegrator.com.sg"
"105","Hosted Accountants Ltd","https://clutch.co/profile/hosted-accountants","http://www.hostedaccountants.co.uk/","enquiries@hostedaccountants.co.ukNA"
"106","SoftDesign Services","https://clutch.co/profile/softdesign-services","http://www.softdesign-services.com/index.html","enquiry@softdesign-services.comNA"
"107","MSCI","https://clutch.co/profile/msci","http://www.msci.com","sales@msci.com"
"108","Zdalny Admin","https://clutch.co/profile/zdalny-admin","http://www.zdalnyadmin.com.pl","kontakt@zdalnyadmin.com.pl"
"109","Acrodex","https://clutch.co/profile/acrodex","https://www.acrodex.com/","marketing@bluewolf.com"
"110","ITFAQ Systems & Softwares","https://clutch.co/profile/itfaq-systems-softwares","https://www.itfaq-systems.ae/","contact@itfaq-systems.ae"
"111","Timeless IT","https://clutch.co/profile/timeless-it","https://www.timelessims.co.uk/","shop@timelesstech.co.uk"
"112","Peak Indicators","https://clutch.co/profile/peak-indicators","https://www.peakindicators.com/","enquiries@peakindicators.com"
"113","Arctic Information Technology","https://clutch.co/profile/arctic-information-technology","http://www.arcticit.com/","info@arcticit.comNA"
"114","ChoiceSoft ","https://clutch.co/profile/choicesoft","http://www.ichoicesoft.com/","support@iChoiceSoft.com"
"115","Xpanxion","https://clutch.co/profile/xpanxion","https://www.xpanxion.com/","info@xpanxion.com"
"116","Terracom Informatics Ltd","https://clutch.co/profile/terracom-informatics","https://www.terracom.gr/en","info@terracom.gr"
"117","M-Files","https://clutch.co/profile/m-files","http://www.m-files.com/","sales@m-files.comNA"
"118","Insigma Technology","https://clutch.co/profile/insigma-technology","http://www.insigmaus.com/","sales@insigmaus.comNA"
"119","MIS Solutions, Inc","https://clutch.co/profile/mis-solutions","https://www.mis-solutions.com/","info@mis-solutions.com"
"120","XAPT Solutions","https://clutch.co/profile/xapt-solutions","http://www.xapt.com/","contactus@xapt.comNA"
"121","SOIN","https://clutch.co/profile/soin","http://www.soin.co.cr/","ventas@soin.co.cr"
"122","Answers IT","https://clutch.co/profile/answers-it","https://www.answersit.com.au/","sales@answersit.com.au"
"123","Cyber Care LLC","https://clutch.co/profile/cyber-care","http://getcybercare.com/","info@getcybercare.com"
"124","Office 365 Swat","https://clutch.co/profile/office-365-swat","http://www.office365swat.com/","marketing@office365swat.com"
"125","Gateway Digital UK","https://clutch.co/profile/gateway-digital-uk","http://www.gatewaydigital.eu","jack.dunning@gatewaydigitaluk.co"
"126","Vcare Software Development","https://clutch.co/profile/vcare-software-development","http://www.vcaresoftwaredevelopment.com/","sales@vcaresoftwaredevelopment.com"
"127","Cegeka Romania","https://clutch.co/profile/cegeka-romania","http://www.cegeka.ro","mihai.popa@cegeka.comNA"
"128","Go2Group","https://clutch.co/profile/go2group","http://www.go2group.com/","marketing@bluewolf.com"
"129","BlueSilverShift","https://clutch.co/profile/bluesilvershift","http://bluesilvershift.com","info@bluesilvershift.com"
"130","Avenir IT","https://clutch.co/profile/avenir-it","http://avenirit.com/","info@avenirit.com"
"131","e-trust","https://clutch.co/profile/e-trust","http://www.e-trustsecurity.com","sales@e-trustsecurity.com"
"132","Roland Technology Group","https://clutch.co/profile/roland-technology-group","http://www.rolandtechnology.com/","sales@rolandtech.com"
"133","TechOps Partners","https://clutch.co/profile/techops-partners","http://Techopspartners.com","marcus@techopspartners.com"
"134","AMC Consult ","https://clutch.co/profile/amc-consult","https://amcbanking.com/","info@amcbanking.com"
"135","HST Solutions","https://clutch.co/profile/hst-solutions","https://www.hst.ie/","info@hst.ie"
"136","ABBE Technology Solutions, Inc.","https://clutch.co/profile/abbe-technology-solutions","http://www.abbe.com.ph/","info@abbe.com.ph"
"137","Informatica","https://clutch.co/profile/informatica","http://www.informatica.com/us/","support@informatica.comNA"
"138","SSH Communications Security","https://clutch.co/profile/ssh-communications-security","https://www.ssh.com/","info.fi@ssh.com"
"139","Pegas Technology Solutions","https://clutch.co/profile/pegas-technology-solutions","https://www.pegas.io","sales@pegas.ioNA"
"140","Blue Stingray","https://clutch.co/profile/blue-stingray","http://bluestingray.com/","info@bluestingray.com"
"141","Servetech Systems","https://clutch.co/profile/servetech-systems","http://www.servetechsystems.com/","info@servetechsystems.com"
"142","Node4","https://clutch.co/profile/node4","https://www.node4.co.uk/","info@node4.co.uk"
"143","Magnus Corporation Ltd.","https://clutch.co/profile/magnus-corporation","http://magnusbd.com/","info@magnusbd.com"
"144","Heartland Business Systems ","https://clutch.co/profile/heartland-business-systems","http://www.hbs.net/","sales@hbs.net"
"145","SymSAFE Pty. Ltd.","https://clutch.co/profile/symsafe-pty","https://symsafe.com.au/","pallavi@symsafe.com.auNA"
"146","Claranet Brasil","https://clutch.co/profile/claranet-brasil","https://br.claranet.com/","suporte@claranet.brNA"
"147","Britannic Technologies","https://clutch.co/profile/britannic-technologies","https://www.btlnet.co.uk/","hello@btlnet.co.uk"
"148","Mosaic451","https://clutch.co/profile/mosaic451","https://www.mosaic451.com/","contact@mosaic451.comNA"
"149","Mainstream Technologies, Inc.","https://clutch.co/profile/mainstream-technologies","https://www.mainstream-tech.com/","info@mainstream-tech.com"
"150","Pyxis","https://clutch.co/profile/pyxis","http://www.pyxisportal.com/","info@pyxis.com.uy"
"151","Command I.T. Services","https://clutch.co/profile/command-it-services","https://www.commandit.com.au/","support@commandit.com.au"
"152","HPT Vietnam Corporation","https://clutch.co/profile/hpt-vietnam-corporation","http://www.hpt.vn/","info@hpt.vn"
"153","Innovative Software Engineering","https://clutch.co/profile/innovative-software-engineering","https://www.iseinc.biz","info@iseinc.biz"
"154","Conpute","https://clutch.co/profile/conpute","http://www.conpute.com/index.html","info@conpute.com"
"155","SolutionWorx, Inc.","https://clutch.co/profile/solutionworx","https://www.solutionworx.com/","info@solutionworx.comNA"
"156","HITSS ","https://clutch.co/profile/hitss","http://www.centrodelsoftware.com.mx/","contactomexico@globalhitss.comNA"
"157","IT Direct","https://clutch.co/profile/it-direct","https://www.gettingyouconnected.com/","contactus@gettitacouconnouced.com"
"158","AXSource","https://clutch.co/profile/axsource","http://www.axsource.com/","info@axsource.com"
"159","WCI Consulting","https://clutch.co/profile/wci-consulting","http://wciconsulting.com/","info@wciconsulting.com"
"160","Dot Internet","https://clutch.co/profile/dot-internet","https://dotinternetbd.com/","info@dotinternetbd.com"
"161","DeepBrain","https://clutch.co/profile/deepbrain","https://www.deepbrain.ai//","lee@360iii.comNA"
"162","Annata","https://clutch.co/profile/annata","http://www.annata.is/","johann@annata.isNA"
"163","Glowball Solutions ","https://clutch.co/profile/glowball-solutions","http://www.glowball.com/","info@glowball.comNA"
"164","Orbit Technologies","https://clutch.co/profile/orbit-technologies","https://www.orbit.ie/","info@orbit.ieNA"
"165","Kin + Carta","https://clutch.co/profile/kin-carta","https://kinandcarta.com/","hello@kinandcarta.comNA"
"166","Quosphere Infosolutions Pvt ltd","https://clutch.co/profile/quosphere-infosolutions","http://www.quosphere.com","manish.p@quosphere.com"
"167","Leapfrog Technology Group, Inc","https://clutch.co/profile/leapfrog-technology-group","http://lfrog.com/","salesteam@lfrog.com"
"168","TP&P Technology","https://clutch.co/profile/tpp-technology","http://www.tpptechnology.com","info@tpptechnology.com"
"169","Maroc Cloud","https://clutch.co/profile/maroc-cloud","https://www.maroccloud.ma","hello@maroccloud.maNA"
"170","EXECUTIVE NETWORK SERVICES INC","https://clutch.co/profile/executive-network-services","http://www.execnets.com/","info@execnets.com"
"171","Rvi Computers","https://clutch.co/profile/rvi-computers","http://rvicomputers.com/","rvicomputers@yahoo.com"
"172","KDM","https://clutch.co/profile/kdm","https://kdm.digital/","info@kdm.digitalNA"
"173","Enjaz","https://clutch.co/profile/enjaz","http://enjaz.tech/","info@enjaz.tech"
"174","OBT","https://clutch.co/profile/obt","http://www.obtanywhere.com/","info@obt.com.auNA"
"175","PieSoft","https://clutch.co/profile/piesoft","http://piesoft.us","sales@piesoft.usNA"
"176"," iSoftware Limited","https://clutch.co/profile/isoftware","http://www.isoftware.com.bd/","info@isoftware.com.bdNA"
"177","MSG Global","https://clutch.co/profile/msg-global","https://www.msg-global.com/","info@msg-global.com"
"178","Statusoid","https://clutch.co/profile/statusoid","http://www.statusoid.com","info@statusoid.comNA"
"179","Tabush Group","https://clutch.co/profile/tabush-group","http://www.tabush.com/","contact@tabush.comNA"
"180","JDLT","https://clutch.co/profile/jdlt","https://jdlt.co.uk","hi@jdlt.co.uk"
"181","365 iT SOLUTIONS","https://clutch.co/profile/365-it-solutions","https://365itsolutions.com/","sales@365it.caNA"
"182","ClearSky Logic","https://clutch.co/profile/clearsky-logic","https://www.clearskylogic.com/","marketing@bluewolf.com"
"183","Aquinas Consulting","https://clutch.co/profile/aquinas-consulting","https://aquinasconsulting.com/","marketing@bluewolf.com"
"184","Sigmaways","https://clutch.co/profile/sigmaways","http://sigmaways.com/","info@sigmaways.com"
"185","Omni Strategic Technologies, Inc.","https://clutch.co/profile/omni-strategic-technologies","http://omniperforms.com","info@omniperforms.com"
"186","3i Network Pte Ltd","https://clutch.co/profile/3i-network-pte","http://www.3inetwork.net/","info@3inetwork.net"
"187","Techadea","https://clutch.co/profile/techadea","http://www.techadea.com/","ceo@techadea.com"
"188","M6iT","https://clutch.co/profile/m6it","https://m6it.com/","sales@m6it.comNA"
"189","Komodo Cloud, LLC","https://clutch.co/profile/komodo-cloud","http://www.komodocloud.com/","info@komodocloud.comNA"
"190","CodeCrux Web Technologies pvt ltd","https://clutch.co/profile/codecrux-web-technologies","http://codecrux.com/","contact@codecrux.com"
"191","R-Com Consulting","https://clutch.co/profile/r-com-consulting","https://www.r-comconsulting.com/","soultions@r-comconsulting.com"
"192","HWM IT Service Berlin","https://clutch.co/profile/hwm-it-service-berlin","http://www.hwm-it.de/","info@hwm-it.de"
"193","Autentek GmbH","https://clutch.co/profile/autentek-gmbh","http://www.autentek.de/","info@autentek.deNA"
"194","Security Compass","https://clutch.co/profile/security-compass","https://www.securitycompass.com/","contact@securitycompass.comNA"
"195","Stratis Platform","https://clutch.co/profile/stratis-platform","https://stratisplatform.com/","stratisplatform@gmail.com"
"196","Tiramisu Web Apps","https://clutch.co/profile/tiramisu-web-apps","http://tirasu.com","contact@tirasu.com"
"197","IntraTek LLC","https://clutch.co/profile/intratek","http://www.intratekllc.com","sales@intratekllc.comNA"
"198","Agira Technologies","https://clutch.co/profile/agira-technologies","http://www.agiratech.com","info@agiratech.com"
"199","Coding Hub Costa rica","https://clutch.co/profile/coding-hub-costa-rica","http://www.codinghubcr.net/","info@codinghubcr.net"
"200","Opinno","https://clutch.co/profile/opinno","https://opinno.com/","barcelona@opinno.com"
"201","Propona","https://clutch.co/profile/propona","http://www.propona.co.uk/","enquiries@propona.co.ukNA"
"202","CloudMinds Technology Inc.","https://clutch.co/profile/cloudminds-technology","http://www.en.cloudminds.com/","info@cloudminds.com"
"203","Sparx Engineering","https://clutch.co/profile/sparx-engineering","http://www.sparxeng.com/","engineering@sparxeng.com"
"204","V2Soft Private Limited","https://clutch.co/profile/v2soft-private","http://www.v2soft.com","info@v2soft.comNA"
"205","RapidCloud Singapore Pte Ltd","https://clutch.co/profile/rapidcloud-singapore-pte","http://www.rapidcloud.sg/","sales@rapidcloud.sg"
"206","Denovo","https://clutch.co/profile/denovo","http://denovo-us.com/","denovoinfo@denovo-us.com"
"207","Techloyce LTD","https://clutch.co/profile/techloyce","http://www.techloyce.com/","info@techloyce.comNA"
"208","Linkites","https://clutch.co/profile/linkites","https://linkites.com/","info@linkites.comNA"
"209","Contivio","https://clutch.co/profile/contivio","http://www.contivio.com/","marketing@bluewolf.com"
"210","phData, Inc.","https://clutch.co/profile/phdata","https://www.phdata.io/","sales@phdata.io"
"211","Dyrand Systems","https://clutch.co/profile/dyrand-systems","http://www.dyrand.com/","sales@dyrand.com"
"212","Océano IT","https://clutch.co/profile/oc%C3%A9ano-it","https://www.oceano-it.es/","oceano-it@oceano-it.esNA"
"213","TM Floyd & Company","https://clutch.co/profile/tm-floyd-company","http://www.tmfloyd.com/","info@tmfloyd.com"
"214","Hubers","https://clutch.co/profile/hubers","http://hubers.io","n.panteleev@hubers.io"
"215","Wairbut ","https://clutch.co/profile/wairbut","http://www.wairbut.com","info@wairbut.com"
"216","Enhacke","https://clutch.co/profile/enhacke","http://www.enhacke.com/","informes@enhacke.com"
"217","KIS","https://clutch.co/profile/kis","https://www.kiscc.com/","support@kis-cloud.comNA"
"218","Kenzan LLC","https://clutch.co/profile/kenzan","https://kenzan.com/","info@kenzan.com"
"219","Aufait Technologies","https://clutch.co/profile/aufait-technologies","http://www.aufait.in","sales@aufait.in"
"220","Bitwise IO, Inc.","https://clutch.co/profile/bitwise-io","http://www.bitwise.io/","info@bitwise.io"
"221","G&L Group","https://clutch.co/profile/gl-group","https://www.gylgroup.com/","info@gylgroup.com"
"222","CodeLynx Inc","https://clutch.co/profile/codelynx","http://www.codelynx.com/","info@codelynx.com"
"223","Source Consulting Group","https://clutch.co/profile/source-consulting-group","https://www.sourcegroup.com/","info@sourcegroup.com"
"224","CyByte Inc","https://clutch.co/profile/cybyte","http://www.cybyte.com","info@cybyte.comNA"
"225","3SIT","https://clutch.co/profile/3sit","http://www.3sit.com.mx/","sit@3sit.com.mx"
"226","eSense Software","https://clutch.co/profile/esense-software","https://www.esensesoftware.com/","arabia@esensesoftware.comNA"
"227","TechVariable","https://clutch.co/profile/techvariable","https://www.techvariable.com/","info@techvariable.com"
"228","ACE Asia Pacific Services Pte. Ltd.","https://clutch.co/profile/ace-asia-pacific-services-pte","http://www.ace-pac.com/","sales@ace-pac.com"
"229","Atharva System","https://clutch.co/profile/atharva-system","https://www.atharvasystem.com","sales@atharvasystem.comNA"
"230","eAlchemy","https://clutch.co/profile/ealchemy","http://ealchemylabs.com","sales@ealchemylabs.com"
"231","Adapt360","https://clutch.co/profile/adapt360","http://www.adapt360.com/","marketing@adapt360.comNA"
"232","CloudingSoft","https://clutch.co/profile/cloudingsoft","https://www.cloudingsoft.com/","info@cloudingsoft.comNA"
"233","DaySpring Limited","https://clutch.co/profile/dayspring","http://dayspring.com.bd/","exploreNext@dayspringltd.comNA"
"234","Cloud Computing","https://clutch.co/profile/cloud-computing","https://www.cloud-america.com/","'info@cloud-america.com"
"235","Cancun IT","https://clutch.co/profile/cancun-it","http://www.cancunit.com/","info@cancunit.com"
"236","REVE IT","https://clutch.co/profile/reve-it","http://www.reveit.com/","info@reveit.comNA"
"237","anoki IT","https://clutch.co/profile/anoki-it","http://www.anoki.it/","social@anoki.it"
"238","Dobre Consulting Services","https://clutch.co/profile/dobre-consulting-services","http://www.dobreservices.com","info@dobreservices.com"
"239","US itek","https://clutch.co/profile/us-itek","https://www.usitek.com/","marketing@bluewolf.com"
"240","CanWill Technologies Inc.","https://clutch.co/profile/canwill-technologies","https://canwilltech.com/","marketing@canwilltech.comNA"
"241","Edlution ","https://clutch.co/profile/edlution","https://edlution.com.sg","sales@edlution.com.sg"
"242","The Great Magnet","https://clutch.co/profile/great-magnet","https://greatmagnet.co.uk/","greg@greatmagnet.co.uk"
"243","Know How S.A.","https://clutch.co/profile/know-how-sa","http://www.knowhow.com.py/","knowhow@knowhow.com.pyNA"
"244","Stimulus Consultancy","https://clutch.co/profile/stimulus-consultancy","http://stimulusco.com/","sneh@stimulusconsultancy.comNA"
"245","R3 Consulting","https://clutch.co/profile/r3-consulting","http://r3consulting.ht/demo/","marketing@bluewolf.com"
"246","Caribehost","https://clutch.co/profile/caribehost","https://caribehost.co","contacto@caribehost.coNA"
"247","MERP Systems, Inc.","https://clutch.co/profile/merp-systems","http://www.merpsystems.com","pnair@merpsystems.com"
"248","WD EXPERT","https://clutch.co/profile/wd-expert","http://wdexpert.com","sales@wdexpert.comNA"
"249","Altair","https://clutch.co/profile/altair","https://www.altair.com/","info@altair.comNA"
"250","HIRECLOUT","https://clutch.co/profile/hireclout","http://www.hireclout.com","info@hireclout.com"
"251","Hugsmidjan","https://clutch.co/profile/hugsmidjan","https://www.hugsmidjan.is","hugsmidjan@hugsmidjan.isNA"
"252","Intredium","https://clutch.co/profile/intredium","http://intredium.com","info@intredium.com"
"253","ITIRRA","https://clutch.co/profile/itirra","https://itirra.com","info@itirra.comNA"
"254","Pixel506","https://clutch.co/profile/pixel506","http://pixel506.com/","info@pixel506.com"
"255","Right Click Information Technology","https://clutch.co/profile/right-click-information-technology","http://www.rcitbd.com/","info@rcitbd.com"
"256","Solution Art Ltd.","https://clutch.co/profile/solution-art","https://solutionart.net/","info@solutionart.netNA"
"257","Maven Lab","https://clutch.co/profile/maven-lab","https://www.mavenlab.com/","enquiry@moobicast.com"
"258","Atomic-Byte","https://clutch.co/profile/atomic-byte","https://www.atomic-byte.com/","alex.juca@atomic-byte.comNA"
"259","Softin Technology Limited","https://clutch.co/profile/softin-technology","http://www.softintechnology.com/","info@softintechnology.com"
"260","Zezoz Studio","https://clutch.co/profile/zezoz-studio","http://www.zezoz.com/","contacto@zezoz.com"
"261","Luminos Software","https://clutch.co/profile/luminos-software","https://www.luminos.software","hello@luminos.software"
"262","SOCIAN LTD","https://clutch.co/profile/socian","https://socian.ai/","contact@socian.ai"
"263","Lucky Web Solutions","https://clutch.co/profile/lucky-web-solutions","https://www.lucky-websolutions.com","office@lucky-websolutions.comNA"
"264","Appnism Technologies","https://clutch.co/profile/appnism-technologies","https://appnism.com","sales@appnism.com"
"265","ibento","https://clutch.co/profile/ibento","http://www.ibento.ma","SUPPORT@IBENTO.MA"
"266","Echotech Systems Ltd","https://clutch.co/profile/echotech-systems","https://www.echotechsys.com/","info@echotechsys.com"
"267","Anahata Technologies","https://clutch.co/profile/anahata-technologies","http://www.anahata.net.au/","info@anahata.net.au"
"268","Shantec Systems Ltd","https://clutch.co/profile/shantec-systems","http://www.shantec.co.ke/","info@shantec.co.ke"
"269","Softally Bangladesh","https://clutch.co/profile/softally-bangladesh","http://www.softallybd.com/","info@softall'ybd.com"
"270","Gurukul ICTDL","https://clutch.co/profile/gurukul-ictdl","http://gurukulictdl.com.bd/","office@gurukul.com.bdNA"
"271","Vuria","https://clutch.co/profile/vuria","https://www.vuria.com/","info@vuria.comNA"
"272","NetPulse Services","https://clutch.co/profile/netpulse-services","http://netpulse-services.pathcom.com","info@netpulse-services.com"
"273","Colombia Hosting","https://clutch.co/profile/colombia-hosting","https://www.colombiahosting.com.co/","ventas@colombiahosting.com.co"
"274","Bluebay Systems Limited","https://clutch.co/profile/bluebay-systems","http://www.bluebaysystemsltd.com/","sales@bluebaysystemsltd.com'"
"275","CIBL TECHNOLOGY CONSULTANTS LIMITED","https://clutch.co/profile/cibl-technology-consultants","http://www.cibl-bd.com/","sales.mkt@cibl-bd.com"
"276","CSA - Centro de Servicios Avanzados","https://clutch.co/profile/csa-centro-de-servicios-avanzados","http://www.csa.es","joseluis.hernandez@csa.esNA"
"277","Elan Telemedia Limited","https://clutch.co/profile/elan-telemedia","http://www.elantelemedia.com","Info@elanTelemedia.com"
"278","Apostrofo Olive","https://clutch.co/profile/apostrofo-olive","https://apostrofo.live/","info@apostrofo.live"
"279","Aspgems","https://clutch.co/profile/aspgems","https://aspgems.com/","info@aspgems.com"
"280","Star Computer Systems Limited","https://clutch.co/profile/star-computer-systems","http://www.stargroup-bd.com/","info@stargroup-bd.com"
"281","PureDevs","https://clutch.co/profile/puredevs","https://puredevs.com/","admin@puredevs.com"
"282","wedowork","https://clutch.co/profile/wedowork","http://wedowork.co","hi@wedowork.co"
"283","NetConstruct","https://clutch.co/profile/netconstruct","https://www.netconstruct.co.uk/","hello@netconstruct.co.uk"
"284","MessageGears","https://clutch.co/profile/messagegears","https://messagegears.com/","info@messagegears.comNA"
"285","Mac Allen","https://clutch.co/profile/mac-allen","http://www.macallen.co","contact@macallen.co"
"286","MullenLowe Open","https://clutch.co/profile/mullenlowe-open","http://mullenloweopen.com/","ed.lee@mullenloweopen.comNA"
"287","NuRelm","https://clutch.co/profile/nurelm","https://nurelm.com/","info@nurelm.com"
"288","501 Commons","https://clutch.co/profile/501-commons","https://www.501commons.org/","info@501commons.org"
"289","GSS Infotech ","https://clutch.co/profile/gss-infotech","http://www.gssinfotech.com/index.php","GSS-Sec-Sales@gssinfotech.comNA"
"290","Garza Web Design LLC","https://clutch.co/profile/garza-web-design","https://garzawebdesign.com/","marketing@bluewolf.com"
"291","Andrastudio","https://clutch.co/profile/andrastudio","https://www.andrastudio.com/","marketing@bluewolf.com"
"292","Adups","https://clutch.co/profile/adups","https://www.adups.com//index.php?lang=en","contact@adups.com"
"293","WorkSmart","https://clutch.co/profile/worksmart","http://www.worksmart.com","sales@worksmart.comNA"
"294","Internet Design Pros","https://clutch.co/profile/internet-design-pros","http://www.internetdesignpros.com/","khudson@internetdesignpros.com"
"295","Agencia Sawi","https://clutch.co/profile/agencia-sawi","https://www.agenciasawi.com.br/","contato@agenciasawi.com.br"
"296","Dialexa","https://clutch.co/profile/dialexa","https://www.dialexa.com/","hello@dialexa.com"
"297","Corevist, Inc.","https://clutch.co/profile/corevist","https://www.corevist.com/","sales@corevist.comNA"
"298","Skcript","https://clutch.co/profile/skcript","https://www.skcript.com/","friends@skcript.com"
"299","Lawrence Technology Services & PC Pickup","https://clutch.co/profile/lawrence-technology-services-pc-pickup","https://www.lawrencesystems.com/","Info@lawrencesystems.com"
"300","Decentrix","https://clutch.co/profile/decentrix","https://www.decentrix.net/","info@decentrix.comNA"
"301","Nuesion","https://clutch.co/profile/nuesion","http://nuesion.com","info@nuesion.com"
"302","Daitan Group","https://clutch.co/profile/daitan-group","http://www.daitangroup.com/","corporcormues@daitangroup.com"
"303","B.T.Q Design","https://clutch.co/profile/btq-design","https://www.btq.vn/en/","contact@btq.vn"
"304","OSP Labs","https://clutch.co/profile/osp-labs","https://www.osplabs.com/","lesterosp@gmail.com"
"305","MBC Managed IT Services","https://clutch.co/profile/mbc-managed-it-services","https://www.mbccs.com/","solutions@mbccs.com"
"306","Metizsoft Solutions Pvt. Ltd.","https://clutch.co/profile/metizsoft-solutions","https://www.metizsoft.com/","sales@metizsoft.comNA"
"307","JDC Group","https://clutch.co/profile/jdc-group","http://www.jdc-group.com/","info@jdc-group.com"
"308","Technology Outsourcing Solutions","https://clutch.co/profile/technology-outsourcing-solutions","http://www.outsourcer.ca","hr@outsourcer.ca"
"309","Tentacle Technologies MSC Sdn.Bhd.","https://clutch.co/profile/tentacle-technologies-msc-sdnbhd","http://tentacletech.com/","admin@tentacletech.comNA"
"310","th data GmbH","https://clutch.co/profile/th-data-gmbh","http://thdata.de","info@thdata.de"
"311","Noah Data","https://clutch.co/profile/noah-data","http://www.noahdatatech.com/","info@noahdatatech.com"
"312","Genux Uruguay","https://clutch.co/profile/genux-uruguay","https://www.genux.com.uy/","info@genux.com.uy"
"313","Wolf Consulting, LLC","https://clutch.co/profile/wolf-consulting","http://www.wolfconsulting.com","ehyman@wolfconsulting.com"
"314","Xpand Corporation","https://clutch.co/profile/xpand-corporation","http://www.xpandcorp.com/index.php","marketing@bluewolf.com"
"315","Business Data Prospects","https://clutch.co/profile/business-data-prospects","https://www.businessdataprospects.com/","hello@bdpagency.com"
"316","VietSoftware International","https://clutch.co/profile/vietsoftware-international","https://vsi-international.com/","contact@vsi-international.com"
"317","Digital Media Finland","https://clutch.co/profile/digital-media-finland","http://www.digitalmedia.fi/","palvelu@digitalmedia.fiNA"
"318","The Greentree Group","https://clutch.co/profile/greentree-group","https://www.greentreegroup.com/","Information@Greentreegroup.Com"
"319","Mitchelle Madison Group | Management Consulting","https://clutch.co/profile/mitchelle-madison-group-management-consulting","https://mmgmc.com/","info@mmgmc.com"
"320","MMD Services ","https://clutch.co/profile/mmd-services","http://www.mmdtech.com/","mdubov@mmdtech.com"
"321","ZestinIT Solutions Ltd","https://clutch.co/profile/zestinit-solutions","http://zestin-it.com/","info@zestin-it.com"
"322","Onepoint","https://clutch.co/profile/onepoint","https://www.onepointltd.com/","contact@onepointltd.com"
"323","Jump Co.","https://clutch.co/profile/jump-co","http://jumpcompany.com/","info@jumpcompany.comNA"
"324"," Kiss Devs","https://clutch.co/profile/kiss-devs","http://kissdevs.com","info@kissdevs.com"
"325","IT Solutions Plus","https://clutch.co/profile/it-solutions-plus","http://www.itsplus.com.au/","info@itsplus.com.auNA"
"326","21am ","https://clutch.co/profile/21am","https://21am.com/","write@21am.com"
"327","AKAN","https://clutch.co/profile/akan","http://akanwebdesign.ae/","info@akanwebdesign.ae"
"328","SilverGlobe Software Solutions Limited","https://clutch.co/profile/silverglobe-software-solutions","http://www.silverglobesoft.com/","info@silverglobesoft.comNA"
"329","Hexapt Tech Company ","https://clutch.co/profile/hexapt-tech-company","https://hexapt.com/","info@hexapt.'com"
"330","Verticurl ","https://clutch.co/profile/verticurl","https://www.verticurl.co.jp/","info@verticurl.co.jp"
"331","Conduit Innovation","https://clutch.co/profile/conduit-innovation","http://theoneconduit.com","info@theoneconduit.com"
"332","Boom!","https://clutch.co/profile/boom","http://www.boomdialogue.com","hello@boomdialogue.comNA"
"333","Itek","https://clutch.co/profile/itek","https://itek.co.uk/","hello@itek.co.uk"
"334","Telephone Care Company","https://clutch.co/profile/telephone-care-company","http://telecare.com.sa/","info@telecare.com.sa"
"335","Seer Technologies, Inc.","https://clutch.co/profile/seer-technologies","http://www.seer-technologies.com/","info@seer-technologies.com"
"336","Grupo Asesor","https://clutch.co/profile/grupo-asesor","http://www.grupoasesor.net/","info@grupoasesor.net"
"337","Nventeq Solutions","https://clutch.co/profile/nventeq-solutions","http://www.nventeq.com/","info@nventeq.comNA"
"338","Appsilon Data Science","https://clutch.co/profile/appsilon-data-science","https://appsilon.com","hello@appsilon.comNA"
"339","Pulse Digital Group","https://clutch.co/profile/pulse-digital-group","http://wearepulse.co.uk/","enquiries@pulsedigital.co.ukNA"
"340","Grupo Sismex","https://clutch.co/profile/grupo-sismex","http://www.sismex.com","webmaster@sismex.com"
"341","Weft Technologies","https://clutch.co/profile/weft-technologies","http://wefttechnologies.com/","info@wefttechnologies.com"
"342","Tech Ventures","https://clutch.co/profile/tech-ventures","http://techventures.ae/","info@techventures.aeNA"
"343","i-OneiT Pte Ltd.","https://clutch.co/profile/i-oneit-pte","http://i-oneit.com/","support@i-oneit.com"
"344","Action Global Communications","https://clutch.co/profile/action-global-communications","http://www.actionpr.lv/","info@actionprgroup.com"
"345","IT Grupo","https://clutch.co/profile/it-grupo","http://www.itgrupo.net/","ventas@itgrupo.net"
"346","Gulf Outsourcing Services ","https://clutch.co/profile/gulf-outsourcing-services","http://www.gulfoutsourcing.com/","info@gulfoutsourcing.comNA"
"347","Forceoft","https://clutch.co/profile/forceoft-consulting","http://www.forceoft.com","sgrushai@forceoft.comNA"
"348","QH Software Solution","https://clutch.co/profile/qh-software-solution","http://qhsolution.vn","admin@qhsolution.vn"
"349","UsefulBI","https://clutch.co/profile/usefulbi","http://usefulbi.com","hr@usefulbi.com"
"350","Brigadoon Technology, LLC","https://clutch.co/profile/brigadoon-technology","https://brigadoontechnology.com","sales@brigadoontechnology.com"
"351","The Ricker Lyman Robotic Company Inc.","https://clutch.co/profile/ricker-lyman-robotic-company","http://rickerlyman.com","welcome@rickerlyman.com"
"352","Banks Digital","https://clutch.co/profile/banks-digital","http://www.banksdigital.uk/","hello@banksmedia.co.uk"
"353","e-Lock Corporation Sdn Bhd","https://clutch.co/profile/e-lock-corporation-sdn-bhd","https://www.elock.com.my/","info@elock.com.my"
"354","Elitser Recruitment Services","https://clutch.co/profile/elitser-recruitment-services","http://www.elitrecruit.com/","info@elitrecruit.comNA"
"355","Computer Connections Ltd","https://clutch.co/profile/computer-connections","https://computertz.com/","sales@computertz.com"
"356",NA,"https://clutch.coNA",NA,"marketing@bluewolf.com"
