"","name","url","website","clutch_email"
"1","ScaleFocus","https://clutch.co/profile/scalefocus","https://www.scalefocus.com","clutch@scalefocus.com"
"2","IT Svit","https://clutch.co/profile/it-svit","https://itsvit.com/","fedak@itsvit.comNA"
"3","Knoldus Inc.","https://clutch.co/profile/knoldus","https://www.knoldus.com/home.knol","marketing@knoldus.com"
"4","HatchWorks Technologies","https://clutch.co/profile/hatchworks-technologies","http://www.hatchworks.com","connect@hatchworks.com"
"5","proMX AG","https://clutch.co/profile/promx-ag","https://promx.net/","sales@promx.netNA"
"6","Lambda Team","https://clutch.co/profile/lambda-team","http://lambda.direct","kozak@lambda.direct"
"7","Sensiple","https://clutch.co/profile/sensiple","https://www.sensiple.com/","marketing-DEI@sensiple.comNA"
"8","Signity Solutions","https://clutch.co/profile/signity-solutions","http://www.signitysolutions.com/","sales@signitysolutions.com"
"9","Ascendix Technologies","https://clutch.co/profile/ascendix-technologies","https://ascendix.com/crm-consulting-services/","sales@ascendix.com"
"10","Utegration","https://clutch.co/profile/utegration","http://www.utegration.com","info@utegration.comNA"
"11","Global Point Technology Solutions","https://clutch.co/profile/global-point-technology-solutions","http://www.globalpointllc.com","sales@globalpointllc.com"
"12","Mooncascade","https://clutch.co/profile/mooncascade","http://mooncascade.com/","info@mooncascade.com"
"13","WebbyLab","https://clutch.co/profile/webbylab","https://webbylab.com","team@webbylab.comNA"
"14","Analytiks","https://clutch.co/profile/analytiks","https://www.analytiks.co","info@analytiks.coNA"
"15","KTree Computer Solutions","https://clutch.co/profile/ktree-computer-solutions","http://ktree.com","rfq@ktree.com"
"16","Umzuzu","https://clutch.co/profile/umzuzu","http://www.umzuzu.com","tsheets@umzuzu.com"
"17","Logikview Analytics","https://clutch.co/profile/logikview-analytics","http://www.logikview.com","sales@logikview.com"
"18","Fayrix","https://clutch.co/profile/fayrix","http://www.fayrix.com/?utm_source=clutch","info@fayrix.comNA"
"19","Digital Dividend","https://clutch.co/profile/digital-dividend","http://www.digital-dividend.com/","talktous@digital-dividend.com"
"20","Technology Management Concepts","https://clutch.co/profile/technology-management-concepts","https://abouttmc.com/","info@tmc-la.com"
"21","Tuva Interactive","https://clutch.co/profile/tuva-interactive","http://www.tuvainteractive.com","ken@tuvainteractive.com"
"22","Aeegle","https://clutch.co/profile/aeegle","http://www.aeegle.com","info@aeegle.com"
"23","HeyPayless","https://clutch.co/profile/heypayless","https://www.heypayless.com/","saurabh@heypayless.comNA"
"24","Overture Consulting, LLC","https://clutch.co/profile/overture-consulting","http://overtureconsulting.com","info@overtureconsulting.comNA"
"25","Areus Development","https://clutch.co/profile/areus-development","http://www.areusdev.com/","csniculae@areusdev.com"
"26","Addepto","https://clutch.co/profile/addepto","https://www.addepto.com/","contact@addepto.comNA"
"27","Pattern Match","https://clutch.co/profile/pattern-match","https://pattern-match.com","info@pattern-match.comNA"
"28","Digital Krikits LTD","https://clutch.co/profile/digital-krikits","http://digitalkrikits.com/","jasson@digitalkrikits.co.uk"
"29","11th Hour","https://clutch.co/profile/11th-hour","http://www.11thhournow.com","info@11thhournow.com"
"30","Rudder Analytics","https://clutch.co/profile/rudder-analytics","https://www.rudderanalytics.com/","business@rudderanalytics.com"
"31","ByteAnt","https://clutch.co/profile/byteant","http://www.byteant.com/","info@byteant.com"
"32","Avivi","https://clutch.co/profile/avivi","http://avivi.info","bitrix@avivi.infoNA"
"33","NextME","https://clutch.co/profile/nextme","https://nextmeapp.com/","hello@nextmeapp.com"
"34","PopcornApps","https://clutch.co/profile/popcornapps","http://www.popcornapps.com","info@popcornapps.comNA"
"35","42 Inc","https://clutch.co/profile/42","http://www.42inc.com/index.php","info@42inc.com"
"36","LookingPoint ","https://clutch.co/profile/lookingpoint","http://www.lookingpoint.com/","Sales@lookingpoint.com"
"37","Evaris","https://clutch.co/profile/evaris","https://www.evaris.com/","clutch@scalefocus.com"
"38","IT Acceleration","https://clutch.co/profile/it-acceleration","http://www.itacceleration.com/","info@itacceleration.com"
"39","Allyis","https://clutch.co/profile/allyis","http://www.allyis.com/","info@allyis.com"
"40","getSmartcoders","https://clutch.co/profile/getsmartcoders","https://www.getsmartcoders.com","info@getsmartcoders.com"
"41","NorthBay ","https://clutch.co/profile/northbay","http://www.northbaysolutions.com","jim.keller@northbaysolutions.com"
"42","Tigabytes","https://clutch.co/profile/tigabytes","http://www.tigabytes.com/","info@tigabytes.com"
"43","Bitscape Infotech Pvt. Ltd.","https://clutch.co/profile/bitscape-infotech","https://www.bitscape.com/","info@bitscape.com"
"44","CORE Business Technologies","https://clutch.co/profile/core-business-technologies","https://www.corebt.com/","4core@corebt.com"
"45","ProviDyn, Inc.","https://clutch.co/profile/providyn","https://www.providyn.com/","info@providyn.com"
"46","getNEXT","https://clutch.co/profile/getnext","https://getnext.com.au/","social@getnext.com.auNA"
"47","Digital Defense","https://clutch.co/profile/digital-defense","https://www.digitaldefense.com/","support@digitaldefense.com"
"48","Canarys Automations Pvt. Ltd.","https://clutch.co/profile/canarys-automations","http://www.ecanarys.com","info@ecanarys.com"
"49","Tallega Software","https://clutch.co/profile/tallega-software","http://www.tallega.com","derekg@tallega.com"
"50","NTT DATA Italia","https://clutch.co/profile/ntt-data-italia","http://it.nttdata.com/","clutch@scalefocus.com"
"51","Column Technologies","https://clutch.co/profile/column-technologies","https://www.columnit.com/","info@columnit.com"
"52","Tetra Information Service","https://clutch.co/profile/tetra-information-service","http://www.tetrain.com","tetrainindia@gmail.com"
"53","Cloudwürdig GmbH","https://clutch.co/profile/cloudw%C3%BCrdig-gmbh","http://www.cloudwuerdig.com","info@cloudwuerdig.com"
"54","Executech","https://clutch.co/profile/executech","https://www.executech.com/","info@executech.comNA"
"55","VBS IT Services","https://clutch.co/profile/vbs-it-services","http://www.vbsitservices.com","sales@vbsitservices.com"
"56","Solulan","https://clutch.co/profile/solulan","https://www.solulan.com","info@solulan.comNA"
"57","Andolasoft","https://clutch.co/profile/andolasoft","http://www.andolasoft.com","sales@andolasoft.com"
"58","ITG Cloud","https://clutch.co/profile/itg-cloud","https://itgcloud.com/","info@itgct.comNA"
"59","Technology Advisors","https://clutch.co/profile/technology-advisors","http://www.techadv.com/","sales@techadv.com"
"60","MobeXS","https://clutch.co/profile/mobexs","http://mobexs.com/","ask@mobexs.com"
"61","CloudMoyo","https://clutch.co/profile/cloudmoyo","http://www.cloudmoyo.com","contact@cloudmoyo.comNA"
"62","MDS IT Services","https://clutch.co/profile/mds-it-services","https://www.mdsitservices.com","support@mdsitservices.com"
"63","Grant McGregor Ltd","https://clutch.co/profile/grant-mcgregor","https://www.grantmcgregor.co.uk/","info@grantmcgregor.co.uk"
"64","Clearswift","https://clutch.co/profile/clearswift","https://www.clearswift.com/","info@clearsw'ift.comNA"
"65","EntryPoint","https://clutch.co/profile/entrypoint","http://www.entrypointconsulting.com","kklesh@entrypointconsulting.comNA"
"66","TVG Consulting","https://clutch.co/profile/tvg-consulting","https://www.tvgconsulting.com/","'info@tvgconsulting.comNA"
"67","MTDS","https://clutch.co/profile/mtds","https://www.mtds.com/","contact@mtds.com"
"68","EastBanc Technologies","https://clutch.co/profile/eastbanc-technologies","https://www.eastbanctech.com/","contact@eastbanctech.co"
"69","hSo","https://clutch.co/profile/hso","https://www.hso.co.uk/","info@hso.co.uk"
"70","Rean Cloud","https://clutch.co/profile/rean-cloud","https://www.reancloud.com","info@reancloud.comNA"
"71","Sovereign Business Integration Group Plc","https://clutch.co/profile/sovereign-business-integration-group-plc","http://www.sovereign-plc.co.uk/","info@sovereign-plc.co.uk"
"72","Nuspire Networks","https://clutch.co/profile/nuspire-networks","https://www.nuspire.com/","info.na@nuspire.com"
"73","MicroLogic Solutions","https://clutch.co/profile/micrologic-solutions","https://micrologic.com.sg/","hotbox@micrologic.com.sg"
"74","Compudyne","https://clutch.co/profile/compudyne","https://www.compudyne.com/","sales@compudyne.comNA"
"75","HillSouth iT Solutions","https://clutch.co/profile/hillsouth-it-solutions","https://www.hillsouth.com/","info@hillsouth.comNA"
"76","JourneyTEAM","https://clutch.co/profile/journeyteam","http://www.journeyteam.com/","info@journeyteam.com"
"77","Grassroots IT","https://clutch.co/profile/grassroots-it","https://www.grassrootsit.com.au/","info@grassrootsit.com.au"
"78","webPC","https://clutch.co/profile/webpc","http://webpcstudio.com","office@webpcstudio.com"
"79","Softline Asia Pacific","https://clutch.co/profile/softline-asia-pacific","https://softlinegroup.com.vn/","info.vn@softlinegroup.com"
"80","123 Reg","https://clutch.co/profile/123-reg","http://www.acenseo.com/","info@acenseo.c'om"
"81","Business Data Services","https://clutch.co/profile/business-data-services","http://bdsnow.com/","support@bdsnow.com"
"82","KML Computer Services","https://clutch.co/profile/kml-computer-services","https://www.kmlcs.com/","info@kmlcs.com"
"83","Synthesis Software Technologies","https://clutch.co/profile/synthesis-software-technologies","https://www.synthesis.co.za/","clutch@scalefocus.com"
"84","InnCoders","https://clutch.co/profile/inncoders","http://www.inncoders.com","info@inncoders.com"
"85","Infiniwiz","https://clutch.co/profile/infiniwiz","http://www.infiniwiz.com","sales@infiniwiz.com"
"86","IT TechPros, Inc.","https://clutch.co/profile/it-techpros","http://www.it-techpros.com/","sales@it-techpros.com"
"87","Ipsofacto","https://clutch.co/profile/ipsofacto","http://now.ipsofacto.net/","info@ipsofacto.netNA"
"88","Datum Datacentres Ltd","https://clutch.co/profile/datum-datacentres","https://www.datum.co.uk/","info@datum.co.uk"
"89","Blue Solutions","https://clutch.co/profile/blue-solutions","https://www.bluesolutions.co.uk/","sales@bluesolutions.co.uk"
"90","CATS Tanzania","https://clutch.co/profile/cats-tanzania","http://www.catsgroup.co.tz/","sales@catsgroup.co.tz"
"91","Waident Technology Solutions ","https://clutch.co/profile/waident-technology-solutions","https://waident.com/","info@waident.com"
"92","MotherG","https://clutch.co/profile/motherg","http://motherg.com/","info@motherg.com"
"93","Tycom","https://clutch.co/profile/tycom","http://tycom.co.uk/","info@tycom.co.uk"
"94","Numa Networks ","https://clutch.co/profile/numa-networks","https://numanetworks.com/","sales@numanetworks.com"
"95","Your Cloud Works Ltd","https://clutch.co/profile/your-cloud-works","https://www.yourcloudworks.com/","info@yourcloudworks.com"
"96","Computer Guys","https://clutch.co/profile/computer-guys","https://computerguys.sg/","hi@comguys.cn"
"97","PureLogic IT Solutions","https://clutch.co/profile/purelogic-it-solutions","http://www.purelogicit.com/","cbouchard@purespiritsolutions.com"
"98","CloudVitra","https://clutch.co/profile/cloudvitra","https://www.cloudvitra.com/","info@cloudvitra.com"
"99","Extraordinary Managed Services","https://clutch.co/profile/extraordinary-managed-services","http://www.extraordinarymanagedservices.com/","sales@extramsp.comNA"
"100","Clark Integrated Technologies","https://clutch.co/profile/clark-integrated-technologies","http://clark-it.com/","info@clark-it.com"
"101","YourOfficeAnyWhere","https://clutch.co/profile/yourofficeanywhere","https://www.yourofficeanywhere.co.uk/","sales@yourofficeanywhere.co.uk"
"102","Creative Consultants Group","https://clutch.co/profile/creative-consultants-group","http://www.creativeconsultants.net/","help@creativeconsultants.net"
"103","ChunkyChips.net","https://clutch.co/profile/chunkychipsnet","http://chunkychips.net/","info@chunkychips.net"
"104","Multisistemas","https://clutch.co/profile/multisistemas","https://multisistemas.com.sv","sales@multisistemas.com.sv"
"105","Cyber Secure","https://clutch.co/profile/cyber-secure","https://cybersecure.uk.com/","info@cybersecure.uk.com"
"106","Network Resource Technologies","https://clutch.co/profile/network-resource-technologies","http://www.networkresourcetech.com","info@networkresourcetech.com"
"107","octo","https://clutch.co/profile/octo","http://www.octo.com","mobiapp786@gmail.com"
"108","KME Systems","https://clutch.co/profile/kme-systems","https://kmesystems.com/","info@kmesystems.comNA"
"109","newgenic infocorp","https://clutch.co/profile/newgenic-infocorp","https://newgenicinfocorp.com/","newgenicinfocorp@gmail.comNA"
"110","ComputerMind","https://clutch.co/profile/computermind","https://www.computermind.gr/","info@computermind.gr"
"111","Beeso IT Limited","https://clutch.co/profile/beeso-it","https://www.beeso.co.uk/","info@beeso.co.ukNA"
"112","Novots Technologies Limited","https://clutch.co/profile/novots-technologies","http://www.novots.com/english/","Marketing@lenovots.comNA"
"113","The Canton Group","https://clutch.co/profile/canton-group","http://www.cantongroup.com/","clutch@scalefocus.com"
"114","NEEAConsulting","https://clutch.co/profile/neeaconsulting","http://www.neeaconsulting.com/","mail@neeaconsulting.com"
"115","risual Limited","https://clutch.co/profile/risual","http://www.risual.com/","enquiries@risual.com"
"116","Computer Manufaktur","https://clutch.co/profile/computer-manufaktur","https://www.computer-manufaktur.de/","office@computer-manufaktur.de"
"117","Tapestry Technologies, Inc.","https://clutch.co/profile/tapestry-technologies","http://tapestrytech.com/","info@tapestrytech.comNA"
"118","Lucid Networks Ltd","https://clutch.co/profile/lucid-networks","http://www.lucidnetworks.co.uk/","enquiries@lucidnetworks.co.uk"
"119","Infocorp","https://clutch.co/profile/infocorp","http://www.infocorp.com.uy","sumate@infocorpgroup.comNA"
"120","Ducen","https://clutch.co/profile/ducen","https://www.ducenit.com/","info@ducenit.comNA"
"121","Expert Systems Holdings Limited","https://clutch.co/profile/expert-systems-holdings","http://www.expertsystems.com.hk/en/","enquiry@expertsystems.com.hk"
"122","Le-tech","https://clutch.co/profile/le-tech","http://www.le-tech.com","sryan@le-tech.comNA"
"123","Exzatech Solutions Ltd","https://clutch.co/profile/exzatech-solutions","http://www.exzatech.com/","info@exzatech.com"
"124","Right&Above","https://clutch.co/profile/rightabove","http://www.rightandabove.com","ilapsa@rightandabove.comNA"
"125","JValley Software Solutions","https://clutch.co/profile/jvalley-software-solutions","http://jvalley.net/","info@jvalley.netNA"
"126","Vina System","https://clutch.co/profile/vina-system","http://vinasystem.com.vn/","info@vinasystem.com"
"127","Responza","https://clutch.co/profile/responza","http://responza.com/","solutions@responza.com"
"128","FUNCSHUN","https://clutch.co/profile/funcshun","https://www.funcshun.com","sales@funcshun.comNA"
"129","CloudJournee","https://clutch.co/profile/cloudjournee","https://www.cloudjournee.com/","info@cloudjournee.com"
"130","Alcala IT Consulting","https://clutch.co/profile/alcala-it-consulting","https://www.alcalaconsulting.com/","clutch@scalefocus.com"
"131","JS Technology Group","https://clutch.co/profile/js-technology-group","http://www.jstechgroup.com","joe@jstechgroup.com"
"132","QeH2 Solutions","https://clutch.co/profile/qeh2-solutions","http://www.qeh2.com","sales@qeh2.com"
"133","Trustaira Limited","https://clutch.co/profile/trustaira","https://trustaira.com/","info@trustaira.com"
"134","VIXNET","https://clutch.co/profile/vixnet","http://www.vixnetuk.com/","info@vixnetuk.com"
"135","BRy Tecnologia","https://clutch.co/profile/bry-tecnologia","https://www.bry.com.br/","comercial@bry.com.brNA"
"136","Ingenious Technologies Limited","https://clutch.co/profile/ingenious-technologies","https://ingtechbd.com/","support@ingtechbd.com"
"137","Manhattan Associates ","https://clutch.co/profile/manhattan-associates","http://www.manh.com/","psinisgalli@manh.com"
"138","Cogeco Peer 1","https://clutch.co/profile/cogeco-peer-1","https://www.cogecopeer1.com/","info@cogecopeer1.com"
"139","Ensono","https://clutch.co/profile/ensono","https://www.ensono.com/","info@ensono.com"
"140","Aspirant Technologies","https://clutch.co/profile/aspirant-technologies","http://www.aspirantinfotech.com/sg/","info@aspirant.com.sg"
"141","Cloud Technology Partners","https://clutch.co/profile/cloud-technology-partners","http://cloudtp.com","info@cloudtp.com"
"142","To-Increase","https://clutch.co/profile/increase","http://www.to-increase.com/","info@to-increase.comNA"
"143","Pi2 Square Technologies","https://clutch.co/profile/pi2-square-technologies","http://www.pi2square.com/","info@pi2square.com"
"144","Migesa","https://clutch.co/profile/migesa","http://www.migesa.com.mx/","contacto@migesa.com.mx"
"145","Sayers Technology, LLC","https://clutch.co/profile/sayers-technology","http://www.sayers.com/","business@sayers.com"
"146","Clover Infotech","https://clutch.co/profile/clover-infotech","https://www.cloverinfotech.com","marketing@clfotrinfotech.com"
"147","UDig","https://clutch.co/profile/udig","https://www.udig.com/","contact@udig.comNA"
"148","INNOVA","https://clutch.co/profile/innova","https://www.innova-eu.net","info@innova-eu.net"
"149","Connecticut Computer Service","https://clutch.co/profile/connecticut-computer-service","https://www.ctcomp.com/","info@ctcomp.com"
"150","SOFTEL Communications","https://clutch.co/profile/softel-communications","http://www.softel.com","info@softel.com"
"151","Ohpen","https://clutch.co/profile/ohpen","http://www.ohpen.com/","info@ohpen.com"
"152","Aware Corporation Limited","https://clutch.co/profile/aware-corporation","https://www.aware.co.th/","info@aware.co.th"
"153","drie systems middle east","https://clutch.co/profile/drie-systems-middle-east","http://www.drie.co","hello@drie.coNA"
"154","Nearshore Romania","https://clutch.co/profile/nearshore-romania","http://www.nearshore-romania.com","office@nearshore-romania.comNA"
"155","Innova Servizi S.a.s.","https://clutch.co/profile/innova-servizi-sas","https://www.innovaservizi.it","commerciale@innovaservizi.it"
"156","Nicom IT Solutions Inc.","https://clutch.co/profile/nicom-it-solutions","https://www.nicomit.com/","info@nicomit.comNA"
"157","Bauknight Pietras & Stormer, P.A.","https://clutch.co/profile/bauknight-pietras-stormer-pa","https://www.bpscpas.com/","bpsinfo@bpscpas.com"
"158","iSECURE LLC","https://clutch.co/profile/isecure","https://isecurenet.net/","info@isecurenet.netNA"
"159","Dynamic Edge Group","https://clutch.co/profile/dynamic-edge-group","https://www.dynamicedge.co.uk/","enquiries@dynamicedge.co.ukNA"
"160","Concept Management Consulting Ltd","https://clutch.co/profile/concept-management-consulting","https://www.conceptmanagement.co.uk","justask@conceptmanagement.co.uk"
"161","INRY Inc","https://clutch.co/profile/inry","https://www.inry.com","contact@inry.comNA"
"162","Grafixoft","https://clutch.co/profile/grafixoft","http://www.grafixoft.com/","info@grafixoft.comNA"
"163","TIBA IT","https://clutch.co/profile/tiba-it","http://www.tibaitservices.com/","contacto@tibaitservices.com"
"164","ION247 IT Support Orlando","https://clutch.co/profile/ion247-it-support-orlando","http://www.ion247.com/","jcurtis@ion247.comNA"
"165","BrunNet","https://clutch.co/profile/brunnet","http://www.brunnet.com/","info@brunnet.com"
"166","Atom AP Limited","https://clutch.co/profile/atom-ap","http://atomapgroup.com/","info@atomapgroup.com"
"167","Synergy Business Consulting","https://clutch.co/profile/synergy-business-consulting","http://www.synergybc.com/","hmasongsong@synergybc.com"
"168","Circle network","https://clutch.co/profile/circle-network","http://circlenetworkbd.net/","info@circlenetworkbd.net"
"169","AGD IT Solution BD Ltd.","https://clutch.co/profile/agd-it-solution-bd","http://agdits.com.bd/","info@agdits.com.bd"
"170","Datum","https://clutch.co/profile/datum","http://www.datum.com.gt","info@datum.com.gt"
"171","Zavvtech","https://clutch.co/profile/zavvtech","https://www.zavvtech.com/","info@zavvtech.comNA"
"172","Cloud Horizon Technologies","https://clutch.co/profile/cloud-horizon-technologies","http://www.cloudhorizon.com/en/index.html","info@cloudhorizon.comNA"
"173","NRB Telecom","https://clutch.co/profile/nrb-telecom","http://www.nrbtelecom.com/","'sales@nrbtelecom.comNA"
"174","MaxQ Technologies","https://clutch.co/profile/maxq-technologies","http://www.maxqtech.com/","sales@maxqtech.com"
"175","TROY ICT Malaysia","https://clutch.co/profile/troy-ict-malaysia","http://troy.com.my/troy/","enquiries@troy.com.my"
"176","Awesome Developers","https://clutch.co/profile/awesome-developers","https://www.awesomedevelopers.eu/","info@awesomedevelopers.eu"
"177","Juniper Networks Italy","https://clutch.co/profile/juniper-networks-italy","https://www.juniper.net/us/en/","social-media@juniper.netNA"
"178","TrePium Technologies","https://clutch.co/profile/trepium-technologies","https://www.trepium.com","alam4u1@gmail.com"
"179","Capita Cyber Security","https://clutch.co/profile/capita-cyber-security","https://www.capitacybersecurity.com/","clutch@scalefocus.com"
"180","Antechsys","https://clutch.co/profile/antechsys","http://www.antechsys.com/","support@antechsys.com"
"181","Round Solutions","https://clutch.co/profile/round-solutions","https://www.roundsolutions.com/en/","info@roundsolutions.com"
"182","Eynon Software, LLC","https://clutch.co/profile/eynon-software","https://www.eynon.software","teynon@eynon.software"
"183","Durbar Softwares","https://clutch.co/profile/durbar-softwares","http://durbar.co/","info@durbar.co"
"184","Computer Lab","https://clutch.co/profile/computer-lab","http://computerlab.io","hi@computerlab.io"
"185","Enginess","https://clutch.co/profile/enginess","https://enginess.io","info@enginess.io"
"186","UNISOFT SYSTEMS LTD","https://clutch.co/profile/unisoft-systems","http://www.uslbd.com/","info@uslbd.com"
"187","Unique Infoway Limited","https://clutch.co/profile/unique-infoway","http://www.uil-bd.com/","info@uil-bd.com"
"188","Zen Cloud Technologies","https://clutch.co/profile/zen-cloud-technologies","http://www.zencloudtech.com/","info@zencloudtech.com"
"189","Shazeb ICT","https://clutch.co/profile/shazeb-ict","https://www.shazebict.com/","inquiry@shazebict.comNA"
"190","FullStackTechies","https://clutch.co/profile/fullstacktechies","https://fullstacktechies.com/","fullstacktechies18@gmail.com"
"191","SOS COMPUTER EXPERTS","https://clutch.co/profile/sos-computer-experts","http://www.sos-ca.com","support@sos-ca.com"
"192","NCL - Nellika Computers LLC","https://clutch.co/profile/ncl-nellika-computers","https://www.ncl4u.com","sales@ncl4u.com"
"193","Future Net Solution","https://clutch.co/profile/future-net-solution","http://www.futurenet-bd.com/","info@futurenet-bd.com"
"194","Resource Interactive","https://clutch.co/profile/resource-interactive","https://www-935.ibm.com","ews@us.ibm.comNA"
"195","Digidyne","https://clutch.co/profile/digidyne","http://www.digidynesolutions.com/","info@digidynesolutions.com"
"196","Quadrivium","https://clutch.co/profile/quadrivium","http://quadrivium.tech/","office@quadrivium.tech"
"197","Chroma Recruitment Limited","https://clutch.co/profile/chroma-recruitment","http://chromarecruitment.com/","enquiries@chromarecruitment.com"
"198","Dieste","https://clutch.co/profile/dieste","https://dieste.com/","newbusiness@dieste.comNA"
"199","ITsorce","https://clutch.co/profile/itsorce","http://www.itsorce.com/","jheppner@itsorce.com"
"200","Grant Thornton Ireland","https://clutch.co/profile/grant-thornton-ireland","https://www.grantthornton.ie/","info@ie.gt.comNA"
"201","proMX","https://clutch.co/profile/promx","http://www.promx.net/","support@promx.net"
"202","Phoenix Software Limited","https://clutch.co/profile/phoenix-software","https://www.phoenixs.co.uk/","clutch@scalefocus.com"
"203","SoftLink International Pvt. Ltd.","https://clutch.co/profile/softlink-international","http://www.softlinkinternational.com","enquiry@softlinkinternational.com"
"204","CareWorx","https://clutch.co/profile/careworx","http://www.careworx.com/","info@careworx.comNA"
"205","Software Factory GmbH","https://clutch.co/profile/software-factory-gmbh","https://www.sf.com/","info@sf.comNA"
"206","Abakus","https://clutch.co/profile/abakus","http://www.abakus.fr/","patrick.hope@abakus.fr"
"207","Lanway CBS Ltd","https://clutch.co/profile/lanway-cbs","http://www.lanway.co.uk/Pages/default.aspx","info@lanway.co.uk"
"208","Nitel","https://clutch.co/profile/nitel","https://www.nitelusa.com/","info@nitelusa.com"
"209","Flintfox International","https://clutch.co/profile/flintfox-international","https://www.flintfox.com/","sales@flintfox.com"
"210","ISsoft ","https://clutch.co/profile/issoft","http://www.issoft.by","info@issoft.by"
"211","ExistBI","https://clutch.co/profile/existbi","https://www.existbi.com/","sales@existbi.com"
"212","Maestro Technology Services Pvt.Ltd","https://clutch.co/profile/maestro-technology-services-pvtltd","http://www.themaestro.in","arvind@themaestro.inNA"
"213","Mittera","https://clutch.co/profile/mittera","http://mittera.com/","info@mittera.com"
"214","Horion Digital","https://clutch.co/profile/horion-digital","http://horiondigital.com/","sales@horiondigital.comNA"
"215","NEOS","https://clutch.co/profile/neos","https://www.neos.hr/","info@neos.hr"
"216","Intellect Information Technology","https://clutch.co/profile/intellect-information-technology","http://www.intellectit.com.au/what-we-offer/","clutch@scalefocus.com"
"217","Enaxis Consulting","https://clutch.co/profile/enaxis-consulting","http://www.enaxisconsulting.com/","info@enaxisconsulting.com"
"218","LogicalTrust.net","https://clutch.co/profile/logicaltrustnet","https://logicaltrust.net/en/","office@logicaltrust.net"
"219","Alphero","https://clutch.co/profile/alphero","https://alphero.com/","caroline@alphero.com"
"220","IDS Comercial","https://clutch.co/profile/ids-comercial","http://www.ids.com.mx/","ventas@ids.com.mx"
"221","Growing Minds","https://clutch.co/profile/growing-minds","http://www.growingminds.nl/","info@growingminds.nl"
"222","HackEDU","https://clutch.co/profile/hackedu","https://hackedu.io","info@hackedu.io"
"223","Identixweb","https://clutch.co/profile/identixweb","http://identixweb.com","info@identixweb.com"
"224","BLACKOPS Partners Corporation","https://clutch.co/profile/blackops-partners-corporation","https://blackopspartners.com/","contact@blackopspartners.com"
"225","Everbearing Services","https://clutch.co/profile/everbearing-services","http://www.everbearingservices.com/","info@everbearingservices.com"
"226","Engee IT","https://clutch.co/profile/engee-it","http://engee.com.ar/","contacto@engee.com.ar"
"227","UYTECH","https://clutch.co/profile/uytech","https://www.uytech.com.uy/","'info@uytech.com.uyNA"
"228","Dariel","https://clutch.co/profile/dariel","http://dariel.co.za/","info@dariel.co.za"
"229","Idea Port Riga","https://clutch.co/profile/idea-port-riga","http://www.ideaportriga.com","welcome@ideaportriga.com"
"230","Webmob Information Systems pvt ltd","https://clutch.co/profile/webmob-information-systems","http://webmobinfo.ch","ngupta@webmobinfo.ch"
"231","Andintek","https://clutch.co/profile/andintek","https://andintek.com.co/index.php","contacto@anditek.com.co"
"232","Applying Consulting SAC","https://clutch.co/profile/applying-consulting-sac","https://www.applying.pe/","contacto@applying.pe"
"233","BasicBrix","https://clutch.co/profile/basicbrix","https://www.basicbrix.com/","contact@basicbrix.com"
"234","Baltmodus","https://clutch.co/profile/baltmodus","http://www.baltmodus.com","tomas@baltmodus.com"
"235","MAS Global Consulting","https://clutch.co/profile/mas-global-consulting","http://www.masglobalconsulting.com","info@masglobalconsulting.com"
"236","JLG Consulting","https://clutch.co/profile/jlg-consulting","http://jlg.ro/","office@jlg.ro"
"237","Glu Company","https://clutch.co/profile/glu-company","http://www.glucompany.com/","info@glucompany.com"
"238","Periferia IT","https://clutch.co/profile/periferia-it","http://periferiaitgroup.com/","info@periferia-it'.com"
"239","Pro-Medial","https://clutch.co/profile/pro-medial","https://www.pro-medial.com","info@pro-medial.com"
"240","Nullgravity","https://clutch.co/profile/nullgravity","http://nullgr.com","we@nullgr.comNA"
"241","IndusNovateurIT","https://clutch.co/profile/indusnovateurit","http://indusnovateur.qa/","info@indusnovateur.com"
"242","TechniGoo Solutions ","https://clutch.co/profile/technigoo-solutions","http://www.technigoo.com/","info@technigoo.com"
"243","Bright Technologies","https://clutch.co/profile/bright-technologies","http://www.bybright.com","contact@bybright.com"
"244","DB Whiz","https://clutch.co/profile/db-whiz","http://dbwhiz.com/","contact@dbwhiz.com"
"245","Technosophie","https://clutch.co/profile/technosophie","http://www.tecnosophie.com/","info@tecnosophie.com.ar"
"246","Torusoft","https://clutch.co/profile/torusoft","https://torusoft.com/","info@torusoft.com"
"247","Rockbox Studios","https://clutch.co/profile/rockbox-studios","http://rockboxstudios.com/","edgar@rockboxstudios.comNA"
"248","Karma Infotech","https://clutch.co/profile/karma-infotech","http://www.karmainf.com/index.html","reachus@karmainfotech.comNA"
"249","Testin","https://clutch.co/profile/testin","https://www.testin.net/","info@testin.net"
"250","Liberated Networks","https://clutch.co/profile/liberated-networks","http://www.liberated.ca/","sales@liberated.caNA"
"251","Seven Koncepts","https://clutch.co/profile/seven-koncepts","http://sevenkoncepts.com","support@sevenkoncepts.com"
"252","EromAgency","https://clutch.co/profile/eromagency","http://eromagency.com","hello@eromagency.comNA"
"253","RexBD.NeT","https://clutch.co/profile/rexbdnet","https://www.rexbd.net/","admin@rexbd.net"
"254","Inflack Limited","https://clutch.co/profile/inflack","http://inflack.com/","info@inflack.com'"
"255","iNetSOHO","https://clutch.co/profile/inetsoho","http://inetsoho.com/","contactus@inetsoho.com"
"256","Terrestrial It Ltd","https://clutch.co/profile/terrestrial-it","http://terrestrialit.com/","support@terrestrialit.com"
"257","Sensinum","https://clutch.co/profile/sensinum","https://sensinum.com/","iod@sensinum.comNA"
"258","Consummate Technologies","https://clutch.co/profile/consummate-technologies","http://www.consummatetechnologies.com","sales@consummatetechnologies.com"
"259","Apidemia","https://clutch.co/profile/apidemia","https://www.apidemia.dk/","contact@apidemia.com"
"260","JAJSolutions","https://clutch.co/profile/jajsolutions","https://www.JAJSolutions.com","owner@jajsolutions.comNA"
"261","Accemy Software Solutions Pvt Limited","https://clutch.co/profile/accemy-software-solutions","https://www.accemy.com","info@accemy.comNA"
"262","Abhidi Solution","https://clutch.co/profile/abhidi-solution","http://www.abhidisolution.com/","prapti@abhidisolution.com"
"263","Alphametic","https://clutch.co/profile/alphametic","https://alphametic.com/","info@alphametic.com'"
"264","ITuna","https://clutch.co/profile/ituna","https://www.ituna.it/","info@ituna.it"
"265","UPLOAD","https://clutch.co/profile/upload","https://www.upload.com.py/","info@upload.com.py"
"266","Imfitech IT Solution Pvt. Ltd.","https://clutch.co/profile/imfitech-it-solution","http://www.imfitech.com/","info@imfitech.com"
"267","TEAM2 Digital GmbH","https://clutch.co/profile/team2-digital-gmbh","https://team2digital.de","post@team2digital.deNA"
"268","SAM Solution","https://clutch.co/profile/sam-solution","https://www.sam.solutions/","info@sam.solutionsNA"
"269","Klivolks™ Private Limited","https://clutch.co/profile/klivolks%E2%84%A2-private","https://klivolks.com","sales@klivolks.com"
"270"," EverExpert ","https://clutch.co/profile/everexpert","https://everexpert.com/","info@everexpert.com"
"271","AKQA","https://clutch.co/profile/akqa","http://www.akqa.com/","info@akqa.com"
"272","Coreix ","https://clutch.co/profile/coreix","https://www.coreix.net/","enquiries@coreix.net"
"273","SHL","https://clutch.co/profile/shl","https://www.shl.com/","pr@shl.com"
"274","Datasys Limited","https://clutch.co/profile/datasys","https://datasysbd.com/","info@datasysbd.com"
"275","Peraport Limited Company","https://clutch.co/profile/peraport-company","http://www.peraport.net","info@peraport.net"
"276","Activate","https://clutch.co/profile/activate","http://activate.com/","activate@activate.comNA"
"277","Grace Web Tech.","https://clutch.co/profile/grace-web-tech","http://www.graceitltd.com/","gracegtech@gmail.com"
"278","Nomad Tech","https://clutch.co/profile/nomad-tech","http://nomadtech.com.bd/","info@nomadtech.com.bdNA"
"279","AccuWebHosting.com","https://clutch.co/profile/accuwebhostingcom","https://www.accuwebhosting.com/","marc@accuwebhosting.com"
"280","Smith Consulting","https://clutch.co/profile/smith-consulting","http://www.smith-consulting.com","sales@smith-consulting.com"
"281","Creative Soft Technology","https://clutch.co/profile/creative-soft-technology","http://www.creativesofttechnology.com/","support@elated-themes.comNA"
"282","BiLiG_OpEx & CyberWorkForce RPA Consultants","https://clutch.co/profile/biligopex-cyberworkforce-rpa-consultants","http://www.bilig.co.uk","info@bilig.co.ukNA"
"283","Lunacloud","https://clutch.co/profile/lunacloud","https://www.lunacloud.com/contact-us","sales@lunacloud.com"
"284","Levi9 Technology Services","https://clutch.co/profile/levi9-technology-services","https://www.levi9.com/","info@levi9.comNA"
"285","Syncoria Incorporated","https://clutch.co/profile/syncoria-incorporated","https://www.syncoria.com/","sales@syncoria.comNA"
"286","TracSoft","https://clutch.co/profile/tracsoft","https://tracsoft.com/","info@tracsoft.comNA"
"287","Mondo","https://clutch.co/profile/mondo","https://www.mondo.com/","clutch@scalefocus.com"
"288","Websavers Inc.","https://clutch.co/profile/websavers","https://websavers.ca/","sales@websavers.ca"
"289","Outsource IT","https://clutch.co/profile/outsource-it","http://www.outsourceit.com/","sales@outsourceit.com"
"290","PCA Technology Group","https://clutch.co/profile/pca-technology-group","http://www.pcatechnologygroup.com/","sszubinski@pcatechnologygroup.comNA"
"291","Advania","https://clutch.co/profile/advania","https://advania.com/","advania@advania.is"
"292","RHR International","https://clutch.co/profile/rhr-international","https://www.rhrinternational.com/","tvitro@rhrinternational.com"
"293","Wide","https://clutch.co/profile/wide","http://www.wideagency.com/fr","contact_fr@wideagency.com"
"294","Visify","https://clutch.co/profile/visify","https://visify.com","info@visify.comNA"
"295","Webtors Solution and Services","https://clutch.co/profile/webtors-solution-services","https://www.webtors.com","sales@webtors.comNA"
"296","Granby","https://clutch.co/profile/granby","https://www.granbymarketing.com/","Hello@granbymarketing.comNA"
"297","Information Integration Group, Inc.","https://clutch.co/profile/information-integration-group","http://www.iigservices.com","sales@iigservices.com"
"298","Maine Pointe LLC","https://clutch.co/profile/maine-pointe","http://www.mainepointe.com/","info@mainepointe.comNA"
"299","Health iQ","https://clutch.co/profile/health-iq","http://www.healthiq.co.uk/","contact@healthiq.co.uk"
"300","RMP Design & Marketing Ltd.","https://clutch.co/profile/rmp-design-marketing","https://rmpdesign.com/","hello@rmpdesign.com"
"301","centrexIT","https://clutch.co/profile/centrexit","https://centrexit.com/","info@centrexit.com"
"302","Astracom Hungary","https://clutch.co/profile/astracom-hungary","https://www.astraqom.com/hu","info@astraqom.com"
"303","AskerWeb","https://clutch.co/profile/askerweb","https://askerweb.by","sale@askerweb.ru"
"304","WaferWire Cloud Technologies","https://clutch.co/profile/waferwire-cloud-technologies","https://www.waferwire.com/","info@waferwire.comNA"
"305","EYELINE Software","https://clutch.co/profile/eyeline-software","https://eyeline.mobi/a","sales@eyeline.mobiNA"
"306","Orion eSolutions","https://clutch.co/profile/orion-esolutions","http://www.orionesolutions.com","info@orionesolutions.com"
"307","NuGrowth Solutions, LLC","https://clutch.co/profile/nugrowth-solutions","https://nugrowth.com/","clutch@scalefocus.com"
"308","Vast Bridges","https://clutch.co/profile/vast-bridges","http://vastbridges.com/","info@vastbridges.comNA"
"309","Mellon Consulting Group","https://clutch.co/profile/mellon-consulting-group","http://www.melloncg.com/","info@melloncg.com"
"310","NW Group","https://clutch.co/profile/nw-group","https://www.gruponw.com/","info@gruponw.com"
"311","OBS Logistics","https://clutch.co/profile/obs-logistics","https://www.obs-logistics.com/","info@obs-logistics.comNA"
"312","Consorcio","https://clutch.co/profile/consorcio","https://marketingypublicidad.mx/","contacto@marketingypublicidad.mx"
"313","Dalcom","https://clutch.co/profile/dalcom","http://www.dalcom.com/","sales@dalcom.com"
"314","Utopic Farm","https://clutch.co/profile/utopic-farm","http://www.utopicfarm.com/","info@utopicfarm.com"
"315","Top Gear Technologies","https://clutch.co/profile/top-gear-technologies","https://topgeartechnologies.com/","info@topgeartechnologies.com"
"316","MDC Colombia","https://clutch.co/profile/mdc-colombia","http://mdccolombia.com","tuweb@mdccolombia.comNA"
"317","SMAP Energy","https://clutch.co/profile/smap-energy","https://smapenergy.com/","info@smapenergy.com"
"318","Alliant Consulting, Inc.","https://clutch.co/profile/alliant-consulting","https://alliantconsulting.net/","info@alliantconsulting.net"
"319","Gemtech","https://clutch.co/profile/gemtech","http://www.gemtech.ae/","info@gemtech.ae"
"320","Intellifusion","https://clutch.co/profile/intellifusion","http://www.intellif.com/","zgczw@intellif.comNA"
"321","Corballis Technologies","https://clutch.co/profile/corballis-technologies","http://www.corballis.ie","info@corballis.ie"
"322","BSBI Consulting","https://clutch.co/profile/bsbi-consulting","http://www.bsbiconsulting.co.uk/","enquiries@bsbiconsulting.co.uk"
"323","Colbatech Solutions","https://clutch.co/profile/colbatech-solutions","http://colbatech.com/","clutch@scalefocus.com"
"324","Goosebump Ltd","https://clutch.co/profile/goosebump","https://www.goosebump.ie/","info@goosebump.ie"
"325","Smart Card Co.","https://clutch.co/profile/smart-card-co","http://iraq-smart.com","info@iraq-smart.comNA"
"326","Pillar","https://clutch.co/profile/pillar","https://pillarstudio.com/","info@pillarstudio.comNA"
"327"," Citadel Design","https://clutch.co/profile/citadel-design","https://citadeldesign.ca/","info@citadeldesign.ca"
"328","ERP-One Consulting Inc.","https://clutch.co/profile/erp-one-consulting","http://erp-one.com/","info@erp-one.com"
"329","Converged Technology","https://clutch.co/profile/converged-technology","http://www.converged-technology.com/","contact@converged-technology.com"
"330","M2T","https://clutch.co/profile/m2t","https://www.m2t.ma","contact@m2t.biz"
"331","Proscom","https://clutch.co/profile/proscom","http://proscom.ru","tech@proscom.ru"
"332","Jway Group","https://clutch.co/profile/jway-group","http://www.jway.com","info@jway.com"
"333","Applied Business Intelligence Group","https://clutch.co/profile/applied-business-intelligence-group","http://www.appliedbigroup.com/","web@cgi.com"
"334","Khazina Digital Signage","https://clutch.co/profile/khazina-digital-signage","https://www.khazina.co.uk/","support@khazina.co.uk"
"335","Vision Tech Solutions","https://clutch.co/profile/vision-tech-solutions","http://visiontechsolutions.com/","info@visiontechsolutions.com"
"336","Enormac Digital Marketing","https://clutch.co/profile/enormac-digital-marketing","https://www.enormacdigital.com/","support@enormacdigital.com"
"337","Cohesion Medical","https://clutch.co/profile/cohesion-medical","http://www.cohesionmedical.com/","enquiries@cohesionmedical.com"
"338","KB Computer Consulting, Inc.","https://clutch.co/profile/kb-computer-consulting","http://www.kb-consulting.net/","karl@kb-consulting.net"
"339","Worldview","https://clutch.co/profile/worldview","http://www.worldview.com.au/","hello@worldview.com.au"
"340","Deepen","https://clutch.co/profile/deepen","https://www.deepen.com.br/","contato@deepen.com.br"
"341"," Surpass Web Design & Hosting","https://clutch.co/profile/surpass-web-design-hosting","https://surpass.com.ph/","info@surpass.com.phNA"
"342","Infomaxium","https://clutch.co/profile/infomaxium","http://infomaxium.com","contact@infomaxium.com"
"343","Intelia","https://clutch.co/profile/intelia","https://intelia.io/","clutch@scalefocus.com"
"344","Datalake IT Advisors","https://clutch.co/profile/datalake-it-advisors","http://datalakeit.com/","sales@datalakeit.com"
"345","Cybertronics Ltd.","https://clutch.co/profile/cybertronics","http://www.cybertronicsltd.com","info@cybertronicsltd.com"
"346","Orès Data Science","https://clutch.co/profile/or%C3%A8s-data-science","http://oresdatascience.com","contact@oresdatascience.com"
"347","Blue Apple Biz Solutions Fl","https://clutch.co/profile/blue-apple-biz-solutions-fl","https://blueapplebizsolutionsfl.com/","info@blueapplebizsonlutionsfl.comNA"
"348","Ebix Consulting","https://clutch.co/profile/ebix-consulting","http://ebixconsulting.com.br/","negocios@ebix.com"
"349","BendIT Admin Services","https://clutch.co/profile/bendit-admin-services","https://www.benditadmin.com/","bensam@benditadmin.comNA"
"350","Constant Leads","https://clutch.co/profile/constant-leads","https://www.constantleads.co","info@constantleads.co"
"351","Star Knowledge Technology Alliance LLC","https://clutch.co/profile/star-knowledge-technology-alliance","http://star-knowledge.com/","info@star-knowledge.comNA"
"352","Peloton Agency","https://clutch.co/profile/peloton-agency","http://peloton.agency","hello@peloton.agencyNA"
"353","D1 Insights","https://clutch.co/profile/d1-insights","http://www.d1insights.com","james.price@d1insights.com"
"354","Orange Technologies","https://clutch.co/profile/orange-technologies","https://orange.co.tz/","info@orange.co.tz"
"355","Forte Partners","https://clutch.co/profile/forte-partners","https://fortepartners.co","info@fortepartners.coNA"
"356",NA,"https://clutch.coNA",NA,"clutch@scalefocus.com"
