"","name","url","website","clutch_email"
"1","Marlabs Inc","https://clutch.co/profile/marlabs","https://www.marlabs.com","contact@marlabs.com"
"2","Pointivity Managed Solutions","https://clutch.co/profile/pointivity-managed-solutions","https://pointivity.com/","sales@pointivity.comNA"
"3","Rader Solutions","https://clutch.co/profile/rader-solutions","https://www.radersolutions.com","crader@radersolutions.comNA"
"4","LME Services","https://clutch.co/profile/lme-services","https://lmeservices.com","info@lmeservices.com"
"5","Ideamine","https://clutch.co/profile/ideamine","http://www.ideaminetech.com","sales@ideaminetech.com"
"6","Vintage IT Services","https://clutch.co/profile/vintage-it-services","http://www.vintageits.com","sales@vintageits.com"
"7","HTML Pro","https://clutch.co/profile/html-pro","http://www.htmlpro.net/","sales@htmlpro.net"
"8","USWired Inc.","https://clutch.co/profile/uswired","https://www.uswired.com","sales@uswired.com"
"9","CloudChoice Inc.","https://clutch.co/profile/cloudchoice","https://cloudchoice.ca","info@cloudchoice.ca"
"10","Mad Devs","https://clutch.co/profile/mad-devs","https://maddevs.io/en","team@maddevs.io"
"11","MXOtech, Inc.","https://clutch.co/profile/mxotech","https://www.mxotech.com/application-development/custom-web-application-development/","sales@mxotech.com"
"12","Longi Engineering","https://clutch.co/profile/longi-engineering","http://www.longieng.com","info@longieng.com"
"13","alligatortek","https://clutch.co/profile/alligatortek","https://alligatortek.com","lead@alligatortek.comNA"
"14","Synebo","https://clutch.co/profile/synebo","http://www.synebo.io","contact@synebo.io"
"15","4Thought Marketing","https://clutch.co/profile/4thought-marketing","http://4thoughtmarketing.com/","info@4thoughtmarketing.comNA"
"16","Strix","https://clutch.co/profile/strix","http://www.strix.net","contact@strix.net"
"17","SHALB ","https://clutch.co/profile/shalb","https://www.shalb.com/","sales@shalb.comNA"
"18","Endive Software","https://clutch.co/profile/endive-software","http://www.endivesoftware.com/","sales@endivesoftware.com"
"19","Inviqa","https://clutch.co/profile/inviqa","http://inviqa.com/","info@inviqa.com"
"20","MANGOSOFT","https://clutch.co/profile/mangosoft","https://mangosoft.tech","contact@mangosoft.tech"
"21","Countable Web Productions","https://clutch.co/profile/countable-web-productions","https://countable.ca","clark@countable.ca"
"22","Oxagile ","https://clutch.co/profile/oxagile","https://www.oxagile.com/","contact@oxagile.com"
"23","Denologix","https://clutch.co/profile/denologix","http://www.denologix.com/","'info@denologix.comNA"
"24","Innolance","https://clutch.co/profile/innolance","http://www.innolance.com/","info@innolance.com"
"25","Ideas2IT Technologies ","https://clutch.co/profile/ideas2it-technologies","http://www.ideas2it.com/?utm_source=Clutch&utm_medium=ad&utm_campaign=paid&utm_term=enterprise","contact@ideas2it.com"
"26","PLUSINFOSYS","https://clutch.co/profile/plusinfosys","https://plusinfosys.com/","info@plusinfosys.com"
"27","Software Allies","https://clutch.co/profile/software-allies","http://www.softwareallies.com","together@softwareallies.comNA"
"28","Pricewise","https://clutch.co/profile/pricewise","http://pricewise.sk/","office@pricewise.sk"
"29","Romexsoft","https://clutch.co/profile/romexsoft","http://www.romexsoft.com","info@romexsoft.com"
"30","Heart of Texas IT","https://clutch.co/profile/heart-texas-it","http://www.heartoftexasit.com","info@heartoftexasit.com"
"31","Success Craft","https://clutch.co/profile/success-craft","https://success-craft.com/","olga@success-craft.com"
"32","Ad Victoriam Solutions","https://clutch.co/profile/ad-victoriam-solutions","https://www.advictoriamsolutions.com/","sales@advictoriamsolutions.com"
"33","Altar.io","https://clutch.co/profile/altario","https://altar.io","altar@altar.ioNA"
"34","CRM Command","https://clutch.co/profile/crm-command","http://crmcommand.com","frank@crmcommand.comNA"
"35","ANP","https://clutch.co/profile/anp","http://www.anp.net/","sales@anp.net"
"36","Broadside Digital Intelligence (BDI)","https://clutch.co/profile/broadside-digital-intelligence-bdi","http://www.broadsidedi.com","gayle@broadsidedi.com"
"37","CTN Solutions","https://clutch.co/profile/ctn-solutions","http://www.ctnsolutions.com/","info@ctnsolutions.comNA"
"38","InfoStrat","https://clutch.co/profile/infostrat","http://www.infostrat.com","sales@infostrat.com"
"39","Christo IT ","https://clutch.co/profile/christo-it","http://www.christoit.com/","info@christoit.com"
"40","Precision IT Consulting","https://clutch.co/profile/precision-it-consulting","http://precisionitconsulting.com/","info@precisionitconsulting.com"
"41","Systems Solutions (SSI)","https://clutch.co/profile/systems-solutions-ssi","https://www.ssi-net.com/","info@ssi-net.com"
"42","Internet eBusiness Solutions","https://clutch.co/profile/internet-ebusiness-solutions","http://www.iesgp.com/","info@iescrm.com"
"43","Veristor","https://clutch.co/profile/veristor","https://veristor.com/","info@veristor.com"
"44","3Pillar Global","https://clutch.co/profile/3pillar-global","http://www.3pillarglobal.com/","communications@3pillarglobal.com"
"45","Indianmesh Pvt. Ltd.","https://clutch.co/profile/indianmesh","http://www.Indianmesh.com","Contactus@indianmesh.com"
"46","mindSHIFT","https://clutch.co/profile/mindshift","http://www.mindshift.com/","sales@mindshift.comNA"
"47","Global ITN","https://clutch.co/profile/global-itn","http://www.globalitn.com.sg","info@globalitn.comNA"
"48","Profectus Novus","https://clutch.co/profile/profectus-novus","https://profectusnovus.lt/en/","'info@profectusnovus.lt"
"49","Giant Stride","https://clutch.co/profile/giant-stride","http://www.giantstride.gr","sales@giantstride.gr"
"50","New H3C Group","https://clutch.co/profile/new-h3c-group","http://www.h3c.com/en/","intlbusiness@h3c.comNA"
"51","MyNet Technologies","https://clutch.co/profile/mynet-technologies","http://www.mynet.com.sg/","sales@mynet.com.sgNA"
"52","Ntiva, Inc.","https://clutch.co/profile/ntiva","https://www.ntiva.com/","info@ntiva.comNA"
"53","DYONYX","https://clutch.co/profile/dyonyx","https://dyonyx.com/","solutions@dyonyx.com"
"54","CPI Solutions","https://clutch.co/profile/cpi-solutions","http://www.cpisolutions.com/","info@cpisolutions.com"
"55","Galantis","https://clutch.co/profile/galantis","http://www.galantis.com","rclevenger@galantis.comNA"
"56","ATS Vietnam","https://clutch.co/profile/ats-vietnam","http://www.atsolutions.com.vn/","info@atsolutions.com.vnNA"
"57","Geek Squares (Out of Business)","https://clutch.co/profile/geek-squares-out-business","https://www.geeksquares.com","support@geeksquares.com"
"58","ACCi ~ American Computer Consultants, Inc.","https://clutch.co/profile/acci-american-computer-consultants","https://acci.business.site","info@acci.com"
"59","AKITO","https://clutch.co/profile/akito","http://www.akito.it","marketing@akito.it"
"60","Carolina Software As a Service, Inc.","https://clutch.co/profile/carolina-software-service","http://www.csaas.com/Pages/Default.aspx","sales@csaas.com"
"61","WheelHouse IT","https://clutch.co/profile/wheelhouse-it","https://www.wheelhouseit.com","sales@wheelhouseit.comNA"
"62","Fieldpoint Service Applications","https://clutch.co/profile/fieldpoint-service-applications","http://www.fieldpoint.net/","Sales@fieldpoint.net"
"63","Enehano Solutions","https://clutch.co/profile/enehano-solutions","https://www.enehano.cz/","info@enehano.czNA"
"64","Softchoice","https://clutch.co/profile/softchoice","https://www.softchoice.com/","contact@marlabs.com"
"65","Entanet International Ltd","https://clutch.co/profile/entanet-international","https://www.enta.net/","marketing@enta.netNA"
"66","Silicon Plains, LLC","https://clutch.co/profile/silicon-plains","https://www.siliconplains.net","answers@siliconplains.net"
"67","UOL DIVEO","https://clutch.co/profile/uol-diveo","https://www.uoldiveo.com.br/index.html","comercial@uoldiveo.com"
"68","Kraft & Kennedy, Inc.","https://clutch.co/profile/kraft-kennedy","https://www.kraftkennedy.com/","contact@marlabs.com"
"69","RedPixie","https://clutch.co/profile/redpixie","https://www.redpixie.com/","info@redpixie.com"
"70","Vanguard Integrity Professionals","https://clutch.co/profile/vanguard-integrity-professionals","https://www.go2vanguard.com/","info@go2vanguard.com"
"71","Teramach","https://clutch.co/profile/teramach","https://teramach.com/","info@teramach.comNA"
"72","SHI International Corp.","https://clutch.co/profile/shi-international-corp","https://www.shi.ca/default.aspx","contact@marlabs.com"
"73","Nodus Technologies","https://clutch.co/profile/nodus-technologies","http://www.nodus.com/","sales@nodus.comNA"
"74","Safe Systems, Inc.","https://clutch.co/profile/safe-systems","https://www.safesystems.com/","contact@marlabs.com"
"75","Infrastructure and Communication Solutions (ICS)","https://clutch.co/profile/infrastructure-communication-solutions-ics","http://icscanhelp.com/","inquiry@icscanhelp.com"
"76","Unified ConneXions, Inc.","https://clutch.co/profile/unified-connexions","http://ucx.co/","support@ucx.co"
"77","Electric AI","https://clutch.co/profile/electric-ai","http://electric.ai/","hello@electric.ai"
"78","Tier One Technology Partners","https://clutch.co/profile/tier-one-technology-partners","https://www.tieroneit.com/","info@tieroneit.comNA"
"79","Beijing SOUVI Information Technology","https://clutch.co/profile/beijing-souvi-information-technology","https://www.souvi.com/en/","sales@souvi.comNA"
"80","Fubra Limited","https://clutch.co/profile/fubra","https://www.fubra.com/","support@fubra.com"
"81","Networks Plus","https://clutch.co/profile/networks-plus","http://www.networksplus.com/","cwright@networksplus.com"
"82","Veritis Group Inc","https://clutch.co/profile/veritis-group","https://www.veritis.com/","info@veritis.c'omNA"
"83","NRG Technology Services","https://clutch.co/profile/nrg-technology-services","http://www.nrgtechservices.com","support@nrgtechservices.com"
"84","Vanguard Tech Services Inc.","https://clutch.co/profile/vanguard-tech-services","http://www.vanguardtech.ca/","sales@vanguardtech.ca"
"85","Spower Technologies","https://clutch.co/profile/spower-technologies","http://www.spowertechnologies.com","mail@spowertechnologies.com"
"86","Solai & Cameron","https://clutch.co/profile/solai-cameron","http://solcam.com/","info@solcam.com"
"87","Complete Network","https://clutch.co/profile/complete-network","https://complete.network","contact@complete.network"
"88","BTA Limited","https://clutch.co/profile/bta","https://www.bta.com/","sales@bta.com"
"89","BlueLoop","https://clutch.co/profile/blueloop","https://www.blueloop.net/","sales@blueloop.net"
"90","Aplite Consulting","https://clutch.co/profile/aplite-consulting","http://www.aplite.co.tz/","support@aplite.co.tzNA"
"91","Strawberry Global Technology","https://clutch.co/profile/strawberry-global-technology","https://www.strawberrygt.com/en/","sales@strawberrygt.com"
"92","Optimal Networks","https://clutch.co/profile/optimal-networks","https://www.optimalnetworks.com/","info@optimalnetworks.comNA"
"93","Xamin, Inc","https://clutch.co/profile/xamin","https://www.xamin.com/","contact@marlabs.com"
"94","Spade Technology, Inc.","https://clutch.co/profile/spade-technology","https://www.spadetechnology.com/","info@spadetechnology.com"
"95","WEBIT Services ","https://clutch.co/profile/webit-services","https://www.webitservices.com/","sales@webitservices.com"
"96","ServerLogic","https://clutch.co/profile/serverlogic","http://www.serverlogic.com","info@serverlogic.com"
"97","Kilobytes Data Solutions Inc.","https://clutch.co/profile/kilobytes-data-solutions","http://www.kbytes.com/","sales@kbytes.comNA"
"98","Gatun Technologies","https://clutch.co/profile/gatun-technologies","https://www.gatuntechnologies.com","sales@gatuntech.com"
"99","Dexoc","https://clutch.co/profile/dexoc","https://dexoc.com","cp@dexoc.com"
"100","Strategic Technology Associates","https://clutch.co/profile/strategic-technology-associates","http://www.strategictechnology.ca/","contact@marlabs.com"
"101","5K Technical Services","https://clutch.co/profile/5k-technical-services","http://www.5ktech.com/","info@5ktech.com"
"102","ACCSA","https://clutch.co/profile/accsa","https://www.arnaldocastro.com.uy","info@arnaldocastro.com.uy"
"103","Brightside IT","https://clutch.co/profile/brightside-it","http://www.brightside.net/","info@brightside.netNA"
"104","AU & Associates","https://clutch.co/profile/au-associates","http://www.auanda.com/","adeu@auanda.comNA"
"105","DBL","https://clutch.co/profile/dbl","https://www.dblogic.co.uk/","info@dblogic.co.ukNA"
"106","Computing Dynamics","https://clutch.co/profile/computing-dynamics","http://www.computingdynamics.co.uk/","theteam@computingdynamics.co.uk"
"107","AtlanticBT","https://clutch.co/profile/atlanticbt","https://www.atlanticbt.com/","info@atlanticbt.com"
"108","Advatek","https://clutch.co/profile/advatek","https://www.advatek.co.uk/","info@advatek.co.ukNA"
"109","Fawcett Technology Advisors","https://clutch.co/profile/fawcett-technology-advisors","https://www.fawcett-tech.com/","info@fawcett-tech.comNA"
"110","Razorblue","https://clutch.co/profile/razorblue","https://www.razorblue.com/","sales@razorblue.comNA"
"111","Avid Practice","https://clutch.co/profile/avid-practice","https://www.avidpractice.com/","info@AvidPractice.comNA"
"112","VegaSystems GmbH & Co. KG","https://clutch.co/profile/vegasystems-gmbh-co-kg","https://www.vegasystems.de/","info@vegasystems.de"
"113","Netplan Internet Solutions Ltd","https://clutch.co/profile/netplan-internet-solutions","https://netplan.co.uk/","contact@marlabs.com"
"114","End to End Networks","https://clutch.co/profile/end-end-networks","https://www.endtoend.com/","info@endtoend.com"
"115","Seattle App Lab","https://clutch.co/profile/seattle-app-lab","http://www.seattleapplab.com/","contact@marlabs.com"
"116","Marvel Technologies","https://clutch.co/profile/marvel-technologies","https://www.marveltechus.com/","info@marveltechus.comNA"
"117","Innové","https://clutch.co/profile/innov%C3%A9","https://www.innove.com/","marketing@innove.comNA"
"118","Trident SoftLab","https://clutch.co/profile/trident-softlab","http://tridentsoftlab.com/","info@tridentsoftlab.com"
"119","Capstone","https://clutch.co/profile/capstone","https://www.capstonec.com/","hr@capstonecharlotte.com"
"120","Bytech","https://clutch.co/profile/bytech","http://www.bytechs.by/en/","info@bytechs.by"
"121","I-M Technology, LLC","https://clutch.co/profile/i-m-technology","https://www.i-mtechnology.com/","info@i-mtechnology.com"
"122","Round Table Apps","https://clutch.co/profile/round-table-apps","https://www.roundtableapps.com/","info@roundtableapps.com"
"123","RMJ Consulting LLC","https://clutch.co/profile/rmj-consulting","https://www.rmjconsulting.net/index.php","info@rmjconsulting.net"
"124","Shapecast","https://clutch.co/profile/shapecast","https://www.shapecast.com/","info@shapecast.com"
"125","Servysoft Panama","https://clutch.co/profile/servysoft-panama","http://servysoft.net/site/","info@servysoft.net"
"126","Silent4Business","https://clutch.co/profile/silent4business","http://www.silent4business.com/","contacto@silent4business.comNA"
"127","IMPRES Technology Solutions","https://clutch.co/profile/impres-technology-solutions","http://www.imprestechnology.com/","contact@marlabs.com"
"128","pacIT Technical Services Ltd","https://clutch.co/profile/pacit-technical-services","https://pacit-tech.co.uk/","info@pacit-tech.co.uk"
"129","Magnitech Solutions","https://clutch.co/profile/magnitech-solutions","http://www.magnitech.com/","info@magnitech.com"
"130","Krayma Technical Solutions","https://clutch.co/profile/krayma-technical-solutions","http://www.krayma.com/","info@krayma.com"
"131","M3MCom","https://clutch.co/profile/m3mcom","http://www.m3mcom.pl","pawel.markiewicz@m3mcom.pl"
"132","Great Lakes IT Services","https://clutch.co/profile/great-lakes-it-services","https://www.greatlakesits.com/","dann.wulf@greatlakesits.comNA"
"133","M2-D2 LLC","https://clutch.co/profile/m2-d2","http://www.m2-d2.com","contact@marlabs.com"
"134","Walden IT","https://clutch.co/profile/walden-it","http://www.walden-it.com","support@walden-it.com"
"135","Prime Net Limited","https://clutch.co/profile/prime-net","http://www.primenetbd.com/i","info@primenetbd.c'omNA"
"136","ONEWORLD INFOTECH","https://clutch.co/profile/oneworld-infotech","https://www.oneworldinfotech.com/","info@oneworldinfotech.com"
"137","Velaro","https://clutch.co/profile/velaro","http://www.velaro.com/","info@velaro.comNA"
"138","Software AG","https://clutch.co/profile/software-ag","http://www2.softwareag.com/","contactus@softwareag.com"
"139","HighJump ","https://clutch.co/profile/highjump","http://www.highjump.com/","contact@marlabs.com"
"140","FAST","https://clutch.co/profile/fast","http://www.fastsolucoes.com.br/site/home/home.php","contato@fastsolucoes.com.br"
"141","Corporate Projukti Limited","https://clutch.co/profile/corporate-projukti","http://projukti-bd.com/","info@projukti-bd.com"
"142","LS Retail","https://clutch.co/profile/ls-retail","https://www.lsretail.com/","info@lsretail.com"
"143","Avail Technology Group","https://clutch.co/profile/avail-technology-group","http://availtechgroup.com/","info@availtech.com"
"144","All IT Supported","https://clutch.co/profile/all-it-supported","http://www.allitsupported.com/","support@allitsupported.comNA"
"145","Computer Design & Integration","https://clutch.co/profile/computer-design-integration","http://www.cdillc.com/","info@cdillc.comNA"
"146","Axoni","https://clutch.co/profile/axoni","https://axoni.com/","contact@axoni.com"
"147","Transputec","https://clutch.co/profile/transputec","https://www.transputec.com/","enquiries@transputec.com"
"148","Beeva","https://clutch.co/profile/beeva","https://www.beeva.com/","hablemos@beeva.comNA"
"149","Cumberland Consulting Group","https://clutch.co/profile/cumberland-consulting-group","http://www.cumberlandcg.com","info@cumberlandcg.com"
"150","TGO Consulting","https://clutch.co/profile/tgo-consulting","https://www.tgo.ca/","info@tgo.ca"
"151","MindPoint Group, LLC","https://clutch.co/profile/mindpoint-group","http://www.mindpointgroup.com/","info@mindpointgroup.com"
"152","BusinessTech-Company","https://clutch.co/profile/businesstech-company","http://www.businesstech-company.com/en/","info@businesstech-company.com"
"153","HILLTOP CONSULTANTS, INC. ","https://clutch.co/profile/hilltop-consultants","http://hilltopconsultants.com/","support@hilltopconsultants.com"
"154","EnTechEco","https://clutch.co/profile/entecheco","https://www.entecheco.com/","sales@entecheco.comNA"
"155","Spindox","https://clutch.co/profile/spindox","https://www.spindox.it/en/","info@spindox.itNA"
"156","HelpAG","https://clutch.co/profile/helpag","https://www.helpag.com","info@helpag.com"
"157","Noah Consulting","https://clutch.co/profile/noah-consulting","http://www.noah-consulting.com/","info@noah-consulting.com"
"158","Converged Technology Group","https://clutch.co/profile/converged-technology-group","http://www.convergedtechgroup.com/","info@convergedtechgroup.com"
"159","BRAC IT Services Limited","https://clutch.co/profile/brac-it-services","http://www.bracits.com/","info@bracits.com'"
"160","Connect Think","https://clutch.co/profile/connect-think","https://connectthink.com/","info@connectthink.com"
"161","Zirous","https://clutch.co/profile/zirous","https://www.zirous.com/","zirousmarketing@zirous.comNA"
"162","Graphware","https://clutch.co/profile/graphware","http://graphware.net/","office@graphware.net"
"163","BMC Networks","https://clutch.co/profile/bmc-networks","https://www.bmcnetworks.ca/","info@bmcnetworks.ca"
"164","Massachusetts Technologies","https://clutch.co/profile/massachusetts-technologies","http://www.mt.jo","info@mt.jo"
"165","Community Banc Consulting, Inc.","https://clutch.co/profile/community-banc-consulting","http://www.cbcohio.com/","contactus@cbcohio.netNA"
"166","Lenmar Consulting","https://clutch.co/profile/lenmar-consulting","http://www.lenmarit.com","fb@lenmarit.com"
"167","Planaxis | Groupaxis","https://clutch.co/profile/planaxis-groupaxis","http://planaxis.ca/en/","info@planaxis.caNA"
"168","WADIC","https://clutch.co/profile/wadic","https://wadic.net","sales@wadic.netNA"
"169","ES Consulting","https://clutch.co/profile/es-consulting","http://www.esconsult.net","support@esconsult.net"
"170","SAFARA IT","https://clutch.co/profile/safara-it","https://safaraitbd.com/","hello@safaraitbd.com"
"171","Euro Bangla iT","https://clutch.co/profile/euro-bangla-it","http://eurobanglait.com/","info@eurobanglait.comNA"
"172","Volta","https://clutch.co/profile/volta","https://www.voltadatacentres.com/","enquiries@voltadatacentres.com"
"173","Kansas Bankers Technologies, LLC","https://clutch.co/profile/kansas-bankers-technologies","https://www.ksbanktech.com/","info@ksbanktech.com"
"174","Talon Business Solutions","https://clutch.co/profile/talon-business-solutions","http://www.talonsys.co.uk/","info@talonsys.co.uk"
"175","IT Montevideo","https://clutch.co/profile/it-montevideo","http://itmontevideo.com.uy/","'info@itmontevideo.com.uy"
"176","Smart-IT Group","https://clutch.co/profile/smart-it-group","https://www.smartitgroup.co.uk/","sales@smartitsupport.com"
"177","Nerds Xpress","https://clutch.co/profile/nerds-xpress","http://www.nerdsxpress.com/","info@nerdsxpress.com"
"178","Wowlogic","https://clutch.co/profile/wowlogic","https://www.wowlogic.com/contact/","info@wowlogic.comNA"
"179","Muva Technologies","https://clutch.co/profile/muva-technologies","https://muva.co.ke","info@muva.co.ke"
"180","Craftsmen","https://clutch.co/profile/craftsmen","https://www.craftsmenltd.com/","info@craftsmenltd.comNA"
"181","OUT OF THE BOX Consulting","https://clutch.co/profile/out-box-consulting","http://www.ootb-c.com","info@ootb-c.comNA"
"182","Splash Infotech","https://clutch.co/profile/splash-infotech","http://www.splashinfotech.in","contact@splashinfotech.in"
"183","Appsilan Asia Pte Ltd","https://clutch.co/profile/appsilan-asia-pte","http://www.appsilan.com/","sales@appsilan.com"
"184","Proactive Technologies","https://clutch.co/profile/proactive-technologies","https://www.proactivetech.net/","info@proactivetech.net"
"185","Nevpro Business Solutions Pvt. Ltd","https://clutch.co/profile/nevpro-business-solutions","https://www.nevprobusinesssolutions.com/","saurabh.tiwarekar@nevpro.co.in"
"186","VentureOak","https://clutch.co/profile/ventureoak","https://ventureoak.com/","info@ventureoak.comNA"
"187","DBL Telecom Limited","https://clutch.co/profile/dbl-telecom","http://www.dbltelecom.net/","carrier.relations@dbltelecom.net"
"188","Network Builders IT","https://clutch.co/profile/network-builders-it","https://nbit.com/","info@nbit.com"
"189","Nuvoll Desarrollo Web","https://clutch.co/profile/nuvoll-desarrollo-web","http://www.nuvoll.co/","info@nuvoll.comNA"
"190","DigiSciFi Technologies","https://clutch.co/profile/digiscifi-technologies","https://www.DigiSciFi.com","info@digiscifi.com"
"191","Torapath Technologies","https://clutch.co/profile/torapath-technologies","https://torapath.com/","info@torapath.comNA"
"192","Azoncode","https://clutch.co/profile/azoncode","https://www.azoncode.com/","info@azoncoding.com'"
"193","Real Station Broadband","https://clutch.co/profile/real-station-broadband","http://realstationbd.com/","realstationbd@gmail.com"
"194","Indra","https://clutch.co/profile/indra","https://www.indracompany.com/","indrasocialnetworks@indra.es"
"195","Vobla","https://clutch.co/profile/vobla","https://www.vobla.com/","contact@vobla.com"
"196","Next Generation Business Solutions","https://clutch.co/profile/next-generation-business-solutions","http://www.ngbs.co.uk/","mary@ngbs.co.ukNA"
"197","Black Square Media","https://clutch.co/profile/black-square-media","https://blacksquaremedia.com","info@blacksquaremedia.comNA"
"198","Zapproved","https://clutch.co/profile/zapproved","https://www.zapproved.com/","info@zapproved.com"
"199","VINTEC Technology Solutions ","https://clutch.co/profile/vintec-technology-solutions","http://www.vintec.vn/","contact@marlabs.com"
"200","Sublime solutions","https://clutch.co/profile/sublime-solutions","https://www.sublimesolutions.com","info@bqn.com.uyNA"
"201","Cobalt","https://clutch.co/profile/cobalt","http://www.cobalt.net/","sales@cobalt.net"
"202","BH Consulting","https://clutch.co/profile/bh-consulting","https://www.bhconsulting.ie/","info@bhconsulting.ie"
"203","Santa Clarita Consultants","https://clutch.co/profile/santa-clarita-consultants","https://www.scc-co.com/","info@scc-co.comNA"
"204","Dot Net","https://clutch.co/profile/dot-net","http://www.dotnet.com.mx/","info@dotnet.com.mx"
"205","Finesse Global","https://clutch.co/profile/finesse-global","http://finessedirect.com/","info@finessedirect.com"
"206","Balidea","https://clutch.co/profile/balidea","http://www.balidea.com/","info@balidea.com"
"207","QueBIT","https://clutch.co/profile/quebit","http://quebit.com","info@quebit.comNA"
"208","AdviserPlus","https://clutch.co/profile/adviserplus","https://adviserplus.com/","info@adviserplus.com"
"209","Spenta","https://clutch.co/profile/spenta","http://spenta.es/","info@spenta.es"
"210","atSistemas","https://clutch.co/profile/atsistemas","https://www.atsistemas.com/es","marketing@atsistemas.com"
"211","Aviana Global","https://clutch.co/profile/aviana-global","http://www.avianaglobal.com/","sales@avianaglobal.comNA"
"212","DSS Consulting","https://clutch.co/profile/dss-consulting","http://www.dssconsulting.com/","info@dssconsulting.comNA"
"213","iTech US Inc","https://clutch.co/profile/itech-us","https://www.itechus.com/","jobs@itechus.comNA"
"214","Information Concepts","https://clutch.co/profile/information-concepts","http://www.infoconcepts.com/","info@infoconcepts.com"
"215","Protas","https://clutch.co/profile/protas","http://www.protas.by","protas@protas.byNA"
"216","Nemo SA","https://clutch.co/profile/nemo-sa","https://www.nemogroup.net/","contacto@nemogroup.net"
"217","AespaTech","https://clutch.co/profile/aespatech","http://www.aespatech.com/","info@aespatech.com"
"218","Qvik","https://clutch.co/profile/qvik","https://qvik.com/","info@qvik.com"
"219","Orange Dot","https://clutch.co/profile/orange-dot","http://www.orangedot.bg/","sales@orangedot.bg"
"220","Pearl Like Technology","https://clutch.co/profile/pearl-technology","http://www.pearllike.com/","pearlliketechnology@gmail.com"
"221","Bali Website Videos","https://clutch.co/profile/bali-website-videos","https://baliwebsitevideos.com/","contact@baliwebsitevideos.com"
"222","MGT Consulting Group","https://clutch.co/profile/mgt-consulting-group","https://www.mgtconsulting.com/","contact@marlabs.com"
"223","Linktech","https://clutch.co/profile/linktech","https://linktech.com.mx/","contacto@linktech.com.mx"
"224","Hi-Tech Solutions","https://clutch.co/profile/hi-tech-solutions","http://www.htsconsulting.com/index.html","marketing@htsconsulting.com"
"225","Ignyte Group","https://clutch.co/profile/ignyte-group","https://ignytegroup.com/home","info@ignytegroup.com"
"226","SOOFT Technology","https://clutch.co/profile/sooft-technology","http://www.sooft.com.ar/#btnhome","info@sooft.com.ar"
"227","Beetles Cyber Security Ltd.","https://clutch.co/profile/beetles-cyber-security","https://www.beetles.io/","query@beetles.ioNA"
"228","Aptiv8 Pte Ltd","https://clutch.co/profile/aptiv8-pte","http://aptiv8.com/","enquiry@aptiv8.com"
"229","Talentelgia Technologies","https://clutch.co/profile/talentelgia-technologies","http://www.talentelgia.com/","simarjeet.singh@talentelgia.in"
"230","Nexo Soluciones","https://clutch.co/profile/nexo-soluciones","http://www.nexosoluciones.com.ar/","nexo@nexosoluciones.com.ar"
"231","Framework Solutions LLC","https://clutch.co/profile/framework-solutions","https://www.fwsi.net/","info@fwsi.netNA"
"232","Accion Point","https://clutch.co/profile/accion-point","http://www.accionpoint.com/","info@accionpoint.comNA"
"233","Acciona IT","https://clutch.co/profile/acciona-it","http://www.acciona-it.com/","info@acciona-it.comNA"
"234","DONMAI ","https://clutch.co/profile/donmai","https://www.donmai.tokyo/","contact@marlabs.com"
"235","Ground Floor","https://clutch.co/profile/ground-floor","https://groundfloor.lv/","welcome@groundfloor.lv"
"236","Hasoft Kenya","https://clutch.co/profile/hasoft-kenya","http://www.hasoftkenya.com","info@hasoftkenya.com"
"237","BAT CODERS","https://clutch.co/profile/bat-coders","https://batcoders.tech/","contact@batcoders.tech"
"238","DigiTime","https://clutch.co/profile/digitime","http://www.digitimetech.com/en/index.html","business@digitimetech.com"
"239","Juice Creative","https://clutch.co/profile/juice-creative","https://www.juice-creative.com/","info@juice-creative.com"
"240","WEBORION SOFTWARE SOLUTIONS","https://clutch.co/profile/weborion-software-solutions","https://weborion.in","sales@weborion.in"
"241","Ahmad Milzam","https://clutch.co/profile/ahmad-milzam","http://ahmadmilzam.com/","email@ahmadmilzam.com"
"242","Flamingus Technologies","https://clutch.co/profile/flamingus-technologies","http://flamingus.com/","contact@marlabs.com"
"243","ixStrata, Inc.","https://clutch.co/profile/ixstrata","http://www.ixStrata.com","sales@ixStrata.com"
"244","MIH Software","https://clutch.co/profile/mih-software","http://mih-software.com/","contacto@mih-software.com"
"245","ITSingergia","https://clutch.co/profile/itsingergia","http://www.itsinergia.com/","info@itsinergia.com"
"246","Justcomz (International) Pte Ltd","https://clutch.co/profile/justcomz-international-pte","http://www.justcomz.com/","support@justcomz.com"
"247","Novacomp","https://clutch.co/profile/novacomp","http://www.crnova.com/","rh@crnova.comNA"
"248","Talents On Tap LLP","https://clutch.co/profile/talents-tap-llp","http://www.talentsontap.com","sales@talentsontap.com"
"249","FT Technologies (T) Limited","https://clutch.co/profile/ft-technologies-t","http://www.ft.co.tz/","info@ft.co.tz"
"250","Jet Creative Ltd","https://clutch.co/profile/jet-creative","http://www.jetcreative.co.uk/","m.kubacki@jetcreative.co.uk"
"251","Decide Consulting","https://clutch.co/profile/decide-consulting","https://DecideConsulting.com","dmoise@decideconsulting.comNA"
"252","PortalGrup","https://clutch.co/profile/portalgrup","http://www.portalgrup.com","info@portalgrup.com"
"253","Copler","https://clutch.co/profile/copler","http://thecopler.com/","odc@copler.uk"
"254","EUPHORIANET SAS","https://clutch.co/profile/euphorianet-sas","https://www.euphoria-net.com/","info@euphoria-net.com"
"255","Indonesia IT","https://clutch.co/profile/indonesia-it","http://indonesiait.com/","support@indonesiait.com"
"256","Atomix System Ltd.","https://clutch.co/profile/atomix-system","http://atomixsystem.com/","info@atomixsystem.com"
"257","Web Publishing House","https://clutch.co/profile/web-publishing-house","http://www.wph.bg/","office@wph.bg"
"258","Apzumi","https://clutch.co/profile/apzumi","http://apzumi.com","contact@apzumi.comNA"
"259","DIGITAL TELECOMMUNICATION CORP (DTC)","https://clutch.co/profile/digital-telecommunication-corp-dtc","https://www.dtc4you.com/","info@dtc4you.com"
"260","SproutDesk","https://clutch.co/profile/sproutdesk","https://www.sproutdesk.co.uk","info@sproutdesk.co.ukNA"
"261","Pluto Systems ","https://clutch.co/profile/pluto-systems","https://www.pluto.com.ng","info@pluto.com.ngNA"
"262","Swapna Bharathi Learning Solutions Pvt Ltd","https://clutch.co/profile/swapna-bharathi-learning-solutions","http://www.swapnabharathi.com","info@sblsol.com"
"263","ITBRACE","https://clutch.co/profile/itbrace","https://www.itbrace.com/","info@itbrace.com"
"264","COLORBOX LIMITED","https://clutch.co/profile/colorbox","http://www.colorboxbd.com/","admin@colorboxbd.com"
"265","Crystal Technology Bangladesh","https://clutch.co/profile/crystal-technology-bangladesh","http://www.ctechbd.com/","info@ctechbd.comNA"
"266","Machwares IT Solutions ","https://clutch.co/profile/machwares-it-solutions","http://machwares.in","Info@machwares.in"
"267","devolute","https://clutch.co/profile/devolute","https://www.devolute.org/en","contact@devolute.org"
"268","Rainbow Technologies Ltd","https://clutch.co/profile/rainbow-technologies","https://www.rainbowtecbd.com/","info@rainbowtecbd.com"
"269","Software Solutions S.A.","https://clutch.co/profile/software-solutions-sa","http://www.softwaresolutions.co.cr/","info@softwaresolutions.co.cr"
"270","Emez JIT Solutions","https://clutch.co/profile/emez-jit-solutions","http://emezjitsolutions.com","info@emezjitsolutions.com"
"271","Softline","https://clutch.co/profile/softline","http://latinoamerica.softlinegroup.com/","info@softlinegroup.com"
"272","AdMaster","https://clutch.co/profile/admaster","http://www.admaster.com.cn/eng/","marketing@admaster.com.cn"
"273","Synapse Energy Economics","https://clutch.co/profile/synapse-energy-economics","http://www.synapse-energy.com/","admin@synapse-energy.comNA"
"274","EBITConsultancy","https://clutch.co/profile/ebitconsultancy","https://ebitconsultancy.co.uk/","customer-service@ebitconsultancy.co.ukNA"
"275","Apprient","https://clutch.co/profile/apprient","https://www.apprient.com","info@apprient.comNA"
"276","EXAGONO SOFTWARE","https://clutch.co/profile/exagono-software","http://www.exagono.net/","contact@marlabs.com"
"277","Sopnil IT","https://clutch.co/profile/sopnil-it","http://sopnilit.com/","info@sopnilit.com"
"278","Monique L. Fortin CPA inc.","https://clutch.co/profile/monique-l-fortin-cpa","http://www.moniquefortincpa.com/","moniquefortin@b2b2c.ca"
"279","Big Youth","https://clutch.co/profile/big-youth","https://www.bigyouth.fr/en","contact@bigyouth.frNA"
"280","CROCKER","https://clutch.co/profile/crocker","https://crocker.com/","info@crocker.com"
"281","KiloBit","https://clutch.co/profile/kilobit","http://www.kilobitit.com/","info@kilobitit.com"
"282","Bituin","https://clutch.co/profile/bituin","https://bituin.tech","sales@bituin.techNA"
"283","Amartus","https://clutch.co/profile/amartus","http://www.amartus.com","contact@amartus.com"
"284","Mica Specialties","https://clutch.co/profile/mica-specialties","http://www.micaspecialties.com/","used@micaspecialties.com"
"285","InfinityBeam IoT Labs","https://clutch.co/profile/infinitybeam-iot-labs","https://infinitybeam.io","contact@infinitybeam.io"
"286","Analytics8","https://clutch.co/profile/analytics8","http://us.analytics8.com/","inquiries@analytics8.com"
"287","ONE FANCY","https://clutch.co/profile/one-fancy","https://www.1fancy.com/","contact@1fancy.comNA"
"288","BenevolentAI","https://clutch.co/profile/benevolentai","https://benevolent.ai/","careers@benevolent.ai"
"289","Energise Web","https://clutch.co/profile/energise-web","http://www.energise.co.nz/","info@energise.co.nz"
"290","Doublezero Solutions Ltd","https://clutch.co/profile/doublezero-solutions","http://www.doublezerosolutions.co.uk/","websites@doublezerosolutions.co.uk"
"291","Allra Atta ","https://clutch.co/profile/allra-atta","https://www.8.is/hafa-samband/","sales@8.is"
"292","Brennan IT","https://clutch.co/profile/brennan-it","https://www.brennanit.com.au/","information@brennanit.com.au"
"293","Grazitti Interactive","https://clutch.co/profile/grazitti-interactive","https://www.grazitti.com/","sales@grazitti.com"
"294","TWT Group","https://clutch.co/profile/twt-group","https://www.twtgroup.ca/","info@twtgroup.caNA"
"295","vitero GmbH","https://clutch.co/profile/vitero-gmbh","https://www.vitero.de/en/","info@vitero.deNA"
"296","EasyMediaUK Limited","https://clutch.co/profile/easymediauk","https://www.easywebsiteuk.com/","contact@easywebsitenw.co.ukNA"
"297","Tiger Analytics","https://clutch.co/profile/tiger-analytics","http://www.tigeranalytics.com","info@tigeranalytics.comNA"
"298","KritiKal Solutions Pvt. Ltd.","https://clutch.co/profile/kritikal-solutions","http://www.kritikalsolutions.com","anil.kumhar@kritikalsolutions.comNA"
"299","Solution BI","https://clutch.co/profile/solution-bi","https://www.solution-bi.com","contact@solution-bi.com"
"300","Marketingo Valdymas","https://clutch.co/profile/marketingo-valdymas","http://marketingovaldymas.lt/","vaiva@marketingovaldymas.lt"
"301","The Virtual Gurus","https://clutch.co/profile/virtual-gurus","https://thevirtualgurus.com/","info@thevirtualgurus.com"
"302","WGS","https://clutch.co/profile/wgs","https://www.wgs.co.id/","info@wgs.co.idNA"
"303","Zencode Technologies","https://clutch.co/profile/zencode-technologies","http://www.zencode.guru","benson.lau@zencode.guru"
"304","SAVORTEX","https://clutch.co/profile/savortex","https://www.savortex.com/","sales@savortex.comNA"
"305","Noesis","https://clutch.co/profile/noesis","https://www.noesis.pt/en/homepage","info@noesis.pt'"
"306","Contversion","https://clutch.co/profile/contversion","http://www.contversion.com/","info@contversion.com"
"307","Snapshot Design","https://clutch.co/profile/snapshot-design","http://www.snapshotdesign.com/","sales@snapshotdesign.com"
"308","LA Micro Group UK Ltd","https://clutch.co/profile/la-micro-group-uk","https://www.lamicro.co.uk/","sales@lamicro.co.uk"
"309","ZN Consulting","https://clutch.co/profile/zn-consulting","https://znconsulting.com/","philip.w@znconsulting.com"
"310","Coberon Chronos Group","https://clutch.co/profile/coberon-chronos-group","https://www.coberonchronos.com/","cv@coberonchronos.comNA"
"311","SYNAIRGIS","https://clutch.co/profile/synairgis","http://synairgis.com","contact@synairgis.comNA"
"312","Bernard Nickels & Associates","https://clutch.co/profile/bernard-nickels-associates","http://www.bnastaffing.com","info@bnastaffing.com"
"313","IQ Software Services","https://clutch.co/profile/iq-software-services","http://www.iqss.in/","getintouch@iqss.in"
"314","The Data Team","https://clutch.co/profile/data-team","http://www.thedatateam.in/","contact@thedatateam.in"
"315","K&R Network Solutions","https://clutch.co/profile/kr-network-solutions","http://www.krns-inc.com/","sales@krns-inc.com"
"316","Avows Technologies Sdn Bhd","https://clutch.co/profile/avows-technologies-sdn-bhd","http://avowstech.com/","info@avowstech.com"
"317","Aardvark Computer Solutions, Inc.","https://clutch.co/profile/aardvark-computer-solutions","http://www.aardvarkinc.com/","info@aardvarkinc.com"
"318","Tech Advocate Group","https://clutch.co/profile/tech-advocate-group","https://www.techadvocategroup.com/","info@techadvocategroup.com"
"319","Akiko Business Consultants Pty Ltd ","https://clutch.co/profile/akiko-business-consultants-pty","https://www.akiko.com.au/","info@akiko.com.au"
"320","GLanDrive","https://clutch.co/profile/glandrive","https://www.glandrive.pt/","info@glandrive.pt'"
"321","Planeer Technologies Pvt. Ltd.","https://clutch.co/profile/planeer-technologies","http://www.planeers.com","info@planeers.com"
"322","Intermedia Global Ltd.","https://clutch.co/profile/intermedia-global","https://intermedia-global.co.uk/","info@intermedia-global.com"
"323","Clear Peak","https://clutch.co/profile/clear-peak","https://www.clearpeak.com/","info@clearpeak.com"
"324","Mazume Solutions","https://clutch.co/profile/mazume-solutions","http://mazumesolutions.com","bruno.mariejeanne@mazumesolutions.com"
"325","Tonight Media","https://clutch.co/profile/tonight-media","http://www.tonightmedia.pl","biuro@tonightmedia.pl"
"326","SNONO SYSTEMS","https://clutch.co/profile/snono-systems","http://snono.systems","info@snono-systems.com"
"327","Solomon Solution","https://clutch.co/profile/solomon-solution","http://gosolomon.com/","relationships@gosolomon.comNA"
"328","Azur Digital","https://clutch.co/profile/azur-digital","https://azurdigital.com","contact@azurdigital.com"
"329","Associated Computer Solutions","https://clutch.co/profile/associated-computer-solutions","http://www.embrace.co.za/","sales@embrace.co.za"
"330","ADVANCE.AI","https://clutch.co/profile/advanceai","https://www.advance.ai/en-us/","sales@advance.ai"
"331","Designer2Developer","https://clutch.co/profile/designer2developer","http://www.designer2developer.com","vishal@designer2developer.com"
"332","Grove Networks","https://clutch.co/profile/grove-networks","https://www.grovenetworks.com/","contact@marlabs.com"
"333","Maple Computing","https://clutch.co/profile/maple-computing","http://www.maplecom.co.uk/","sales@maplecom.co.ukNA"
"334","AL ASILA","https://clutch.co/profile/al-asila","http://www.alasila.com/","contact@marlabs.com"
"335","Imperial Staffing","https://clutch.co/profile/imperial-staffing","http://imperialus.com/","contact@marlabs.com"
"336","Touch Agency Belgium","https://clutch.co/profile/touch-agency-belgium","http://www.touch-agency.net/#1","info@touch-agency.net"
"337","3.14 Agency","https://clutch.co/profile/314-agency","https://314.agency/","hello@314.agency"
"338","Fusion Managed IT","https://clutch.co/profile/fusion-managed-it","http://www.fusionmanagedit.com/","contact@marlabs.com"
"339","Iweb4u LLC","https://clutch.co/profile/iweb4u","http://www.iweb4ullc.com/","contact@marlabs.com"
"340","Costa Rica Virtual","https://clutch.co/profile/costa-rica-virtual","http://www.costaricavirtual.com/en/","info@costaricavirtual.com"
"341","Netzon","https://clutch.co/profile/netzon","http://www.netzon.se/","info@netzon.se"
"342","PREDMAC TECHNOLOGIES PRIVATE LIMITED","https://clutch.co/profile/predmac-technologies-private","https://www.predmac.com/","sales@predmac.com"
"343","E-Saurio","https://clutch.co/profile/e-saurio","https://www.e-saurio.com","info@e-saurio.com"
"344","Netinteractive","https://clutch.co/profile/netinteractive","http://netinteractive.co/","office@netinteractive.co"
"345","Zero One ","https://clutch.co/profile/zero-one","https://01solutions.net","israa@01solutions.net"
"346","Xocialive","https://clutch.co/profile/xocialive","http://www.xocialive.com/","Info@xocialive.comNA"
"347","Sheliya Infotech","https://clutch.co/profile/sheliya-infotech","http://www.sheliyainfotech.com","info@sheliyainfotech.com"
"348","ARTHA Tecnologias","https://clutch.co/profile/artha-tecnologias","http://www.arthatecnologias.com./","info@Arthatecnologias.comNA"
"349","Vesra Systems","https://clutch.co/profile/vesra-systems","http://www.vesra.co","srinivasa.n@vesra.coNA"
"350","Canes Technologies","https://clutch.co/profile/canes-technologies","http://www.canestechnologies.com","contact@canestechnologies.com"
"351","Rabitech Technologies Pvt Ltd","https://clutch.co/profile/rabitech-technologies","http://www.rabitech.co/","info@rabitech.co"
"352","VTH","https://clutch.co/profile/vth","https://vth.net.au","info@salesassist.vth.net.au"
"353","Transparent Data","https://clutch.co/profile/transparent-data","http://transparentdata.eu/","hello@transparentdata.pl"
"354","Fynhacker","https://clutch.co/profile/fynhacker","https://www.fynhacker.com/","info@fynhacker.comNA"
"355","Compass Solutions, LLC","https://clutch.co/profile/compass-solutions","http://www.compasscentral.com/","info@compasscentral.com"
"356",NA,"https://clutch.coNA",NA,"contact@marlabs.com"
