"","name","url","website","clutch_email"
"1","Sirin Software","https://clutch.co/profile/sirin-software","https://sirinsoftware.com/","info@sirinsoftware.comNA"
"2","LCloud Sp. z o.o.","https://clutch.co/profile/lcloud-sp-z-oo","http://www.lcloud.pl","jacek.biernat@lcloud.pl"
"3","General Networks ","https://clutch.co/profile/general-networks","http://www.gennet.com","info@gennet.com"
"4","Agosto, Inc.","https://clutch.co/profile/agosto","http://www.agosto.com","sales@agosto.comNA"
"5","Welcome Networks","https://clutch.co/profile/welcome-networks","http://www.welcomenetworks.com","info@welcomenetworks.comNA"
"6","KDG | The Kyle David Group","https://clutch.co/profile/kdg-kyle-david-group","http://www.kyledavidgroup.com/","info@kyledavidgroup.com"
"7","Baker Security & Networks","https://clutch.co/profile/baker-security-networks","http://www.bsn.ie","sales@bsn.ie"
"8","BroadPoint Technologies","https://clutch.co/profile/broadpoint-technologies","http://www.broadpoint.net/","info@broadpoint.net"
"9","Computer Maintenance Service","https://clutch.co/profile/computer-maintenance-service","http://www.cmsnetworking.com","info@cmsnetworking.com"
"10","Revive Your Computer","https://clutch.co/profile/revive-your-computer","https://www.reviveyourcomputer.com","successteam@reviveyourcomputer.com"
"11","AppShark Software, Inc.","https://clutch.co/profile/appshark-software","https://www.appshark.com/","sales@appshark.comNA"
"12","Quixom Technology","https://clutch.co/profile/quixom-technology","http://quixom.com","info@quixom.com"
"13","Plego Technologies","https://clutch.co/profile/plego-technologies","http://www.plego.com","sales@plego.com"
"14","Chetu, Inc.","https://clutch.co/profile/chetu","http://www.chetu.com","sales@chetu.com"
"15","Silent Break Security","https://clutch.co/profile/silent-break-security","https://www.silentbreaksecurity.com","sales@silentbreaksecurity.com"
"16","Iteora GmbH","https://clutch.co/profile/iteora-gmbh","https://www.iteora.com","info@iteora.comNA"
"17","We Write Code","https://clutch.co/profile/we-write-code","https://wewritecode.com/","hello@wewritecode.com"
"18","SHALB ","https://clutch.co/profile/shalb","https://www.shalb.com/","sales@shalb.com"
"19","Endive Software","https://clutch.co/profile/endive-software","http://www.endivesoftware.com/","sales@endivesoftware.com"
"20","Digital Dividend","https://clutch.co/profile/digital-dividend","http://www.digital-dividend.com/","talktous@digital-dividend.com"
"21","MANGOSOFT","https://clutch.co/profile/mangosoft","https://mangosoft.tech","contact@mangosoft.techNA"
"22","InData Labs","https://clutch.co/profile/indata-labs","https://indatalabs.com/","info@indatalabs.com"
"23","Appscrip","https://clutch.co/profile/appscrip","https://www.appscrip.com/","dreamer@appscrip.com"
"24","Denologix","https://clutch.co/profile/denologix","http://www.denologix.com/","info@denologix.c'om"
"25","Cirrius Solutions ","https://clutch.co/profile/cirrius-solutions","http://cirriussolutions.com","info@cirriussolutions.com"
"26","Evojam","https://clutch.co/profile/evojam","https://evojam.com","hello@evojam.comNA"
"27","Right IT Services","https://clutch.co/profile/right-it-services","http://www.rightitservices.com","contact@rightitservices.comNA"
"28","Pattern Match","https://clutch.co/profile/pattern-match","https://pattern-match.com","info@pattern-match.comNA"
"29","Indium Software","https://clutch.co/profile/indium-software","http://www.indiumsoftware.com","sales@indiumsoftware.comNA"
"30","Romexsoft","https://clutch.co/profile/romexsoft","http://www.romexsoft.com","info@romexsoft.comNA"
"31","Rudder Analytics","https://clutch.co/profile/rudder-analytics","https://www.rudderanalytics.com/","business@rudderanalytics.comNA"
"32","ByteAnt","https://clutch.co/profile/byteant","http://www.byteant.com/","info@byteant.comNA"
"33","Success Craft","https://clutch.co/profile/success-craft","https://success-craft.com/","olga@success-craft.com"
"34","DATASPECTRUM","https://clutch.co/profile/dataspectrum","http://www.dataspectrum.io","info@dataspectrum.io"
"35","PopcornApps","https://clutch.co/profile/popcornapps","http://www.popcornapps.com","info@popcornapps.com"
"36","Scideas Solutions Pvt Ltd","https://clutch.co/profile/scideas-solutions","https://scideassolutions.com","info@scideassolutions.com"
"37","DjangoForce, LLC","https://clutch.co/profile/djangoforce","http://djangoforce.com","contact@djangoforce.com"
"38","Evaris","https://clutch.co/profile/evaris","https://www.evaris.com/","info@sirinsoftware.comNA"
"39","InfoStrat","https://clutch.co/profile/infostrat","http://www.infostrat.com","sales@infostrat.com"
"40","RILA GLOBAL CONSULTING","https://clutch.co/profile/rila-global-consulting","http://www.rilaglobal.com","info@sirinsoftware.comNA"
"41","Camino Information Services","https://clutch.co/profile/camino-information-services","http://www.caminois.com/","info@caminois.com"
"42","V16 - Out of Business","https://clutch.co/profile/v16-out-business","http://16cylinders.com/","info@sirinsoftware.comNA"
"43","West Monroe Partners","https://clutch.co/profile/west-monroe-partners","https://www.westmonroepartners.com/","marketing@westmonroepartners.com"
"44","Veristor","https://clutch.co/profile/veristor","https://veristor.com/","info@veristor.comNA"
"45","3Pillar Global","https://clutch.co/profile/3pillar-global","http://www.3pillarglobal.com/","communications@3pillarglobal.comNA"
"46","Aarav Solutions","https://clutch.co/profile/aarav-solutions","http://www.aaravsolutions.com","contact@aaravsolutions.com"
"47","mindSHIFT","https://clutch.co/profile/mindshift","http://www.mindshift.com/","sales@mindshift.com"
"48","Global ITN","https://clutch.co/profile/global-itn","http://www.globalitn.com.sg","info@globalitn.comNA"
"49","Profectus Novus","https://clutch.co/profile/profectus-novus","https://profectusnovus.lt/en/","info@profectusnovus.lt'"
"50","Giant Stride","https://clutch.co/profile/giant-stride","http://www.giantstride.gr","sales@giantstride.grNA"
"51","CompuCom Systems Inc","https://clutch.co/profile/compucom-systems","https://smb.compucom.com/","info@sirinsoftware.comNA"
"52","Ignite Link","https://clutch.co/profile/ignite-link","http://ignite.link/","info@ignite.linkNA"
"53","Cal Net Technology Group","https://clutch.co/profile/cal-net-technology-group","https://www.calnettech.com/","info@calnettech.com"
"54","IT Weapons","https://clutch.co/profile/it-weapons","http://www.itweapons.com/","info@itweapons.com"
"55","B2B Technologies","https://clutch.co/profile/b2b-technologies","https://www.b2btech.com/Pages/default.aspx","info@b2btech.comNA"
"56","Inter Smart Solution Pvt. Ltd","https://clutch.co/profile/inter-smart-solution","http://www.intersmartsolution.com","mail@intersmartsolution.com"
"57","Grupo CESA","https://clutch.co/profile/grupo-cesa","http://www.grupocesa.com/","info.cr@grupocesa.com"
"58","Equal Experts","https://clutch.co/profile/equal-experts","https://www.equalexperts.com/","helloUK@equalexperts.com"
"59","Toggi Services Limited","https://clutch.co/profile/toggi-services","http://www.toggiservices.com/","info@toggi.services"
"60","Ecotech IT Solutions","https://clutch.co/profile/ecotech-it-solutions","http://www.ecotechservices.com","sri@ecotechservices.com"
"61","IT Solutions","https://clutch.co/profile/it-solutions","http://www.itsolutions-inc.com/","info@itsolutions-inc.comNA"
"62","Corporate IT, Inc.","https://clutch.co/profile/corporate-it","http://www.it.com.pa/","info@it.com.pa"
"63","Ellipse Solutions","https://clutch.co/profile/ellipse-solutions","http://www.ellipsesolutions.com/","info@ellipsesolutions.com"
"64","Wintellisys, Inc.","https://clutch.co/profile/wintellisys","https://www.wintellisys.com","info@wintellisys.comNA"
"65","Clearswift","https://clutch.co/profile/clearswift","https://www.clearswift.com/","info@clearswift.com'"
"66","Planet Technologies","https://clutch.co/profile/planet-technologies","http://www.go-planet.com/","info@go-planet.com"
"67","IMS Technology","https://clutch.co/profile/ims-technology","http://www.ims-technology.ma/","contact@ims-technology.maNA"
"68","QRC Consulting & Solutions","https://clutch.co/profile/qrc-consulting-solutions","https://www.qrcsolutionz.com/","sayed.jubed@qrcsolutionz.com"
"69","Stone Group","https://clutch.co/profile/stone-group","https://www.stonegroup.co.uk/","'marketing@stonegroup.co.uk"
"70","RedPixie","https://clutch.co/profile/redpixie","https://www.redpixie.com/","info@redpixie.com"
"71","Champion Solutions Group","https://clutch.co/profile/champion-solutions-group","https://www.championsg.com/","champion.info@championsg.com"
"72","Adept4","https://clutch.co/profile/adept4","https://www.adept4.co.uk/","info@adept4.co.ukNA"
"73","Chaitin Tech","https://clutch.co/profile/chaitin-tech","https://www.chaitin.cn/en/","info@chaitin.cn"
"74","Tech Advisors","https://clutch.co/profile/tech-advisors","http://www.tech-adv.com/","info@tech-adv.com"
"75","Castleton Technology PLC","https://clutch.co/profile/castleton-technology-plc","https://www.castletonplc.com/","info@cas'tletonplc.com"
"76","Bardissi Enterprises","https://clutch.co/profile/bardissi-enterprises","https://www.bardissi.net/","info@sirinsoftware.comNA"
"77","Bell Microsystems Ltd","https://clutch.co/profile/bell-microsystems","http://www.bell-integration.com/","jharrington@bell-integration.com"
"78","Center for Computer Resources","https://clutch.co/profile/center-computer-resources","http://www.ccr1.com/","info@ccr1.com"
"79","Tier One Technology Partners","https://clutch.co/profile/tier-one-technology-partners","https://www.tieroneit.com/","info@tieroneit.com"
"80","Intersys Consulting","https://clutch.co/profile/intersys-consulting","https://www.intersysconsulting.com/","info@intersysconsulting.comNA"
"81","Fubra Limited","https://clutch.co/profile/fubra","https://www.fubra.com/","support@fubra.com"
"82","BridgeNet Technology Consultants","https://clutch.co/profile/bridgenet-technology-consultants","https://bridgenetllc.com/","info@bridgenetllc.com"
"83","Paladin Technologies","https://clutch.co/profile/paladin-technologies","https://paladintechnologies.com/","info@paladintechnologies.com"
"84","Direnzic Technology & Consulting, LLC","https://clutch.co/profile/direnzic-technology-consulting","http://www.direnzic.com/index.html","contact@direnzic.com"
"85","Cloud 9 Infosystems, Inc.","https://clutch.co/profile/cloud-9-infosystems","http://www.cloud9infosystems.com/","info@cloud9infosystems.com"
"86","VastEdge","https://clutch.co/profile/vastedge","https://www.vastedge.com","sales@vastedge.comNA"
"87","Digital Minds International","https://clutch.co/profile/digital-minds-international","http://www.dmisys.com","sales@dmisys.comNA"
"88","SwiftTech Solutions, Inc.","https://clutch.co/profile/swifttech-solutions","http://swifttechsolutions.com","info@swifttechsolutions.com"
"89","Carbon60","https://clutch.co/profile/carbon60","http://www.carbon60.com/","support@carbon60.com"
"90","Digital Pathways Ltd","https://clutch.co/profile/digital-pathways","http://digpath.co.uk/","intouch@digitalpathways.co.uk"
"91","Aplite Consulting","https://clutch.co/profile/aplite-consulting","http://www.aplite.co.tz/","support@aplite.co.tz"
"92","BlueBridge One","https://clutch.co/profile/bluebridge-one","http://www.bluebridgeone.com/","support@bluebridgeone.com"
"93","Lanlogic","https://clutch.co/profile/lanlogic","http://lanlogic.com/","realpeople@lanlogic.comNA"
"94","Contour Data Solutions","https://clutch.co/profile/contour-data-solutions","https://www.contourds.com/","Info@contourds.com"
"95","Numa Networks ","https://clutch.co/profile/numa-networks","https://numanetworks.com/","sales@numanetworks.comNA"
"96","Avaleris","https://clutch.co/profile/avaleris","https://www.avaleris.com/","info@avaleris.com"
"97","Imenso Software Pvt. Ltd.","https://clutch.co/profile/imenso-software","http://www.imensosoftware.com","manish@imensosoftware.com"
"98","LMS Technical Services","https://clutch.co/profile/lms-technical-services","https://lmstech.com/","info@lmstech.comNA"
"99","ADVYON Business Technology Consulting","https://clutch.co/profile/advyon-business-technology-consulting","http://www.advyon.com","banderson@advyon.comNA"
"100","Netbadgers Ltd.","https://clutch.co/profile/netbadgers","https://www.netbadgers.com/","sales@netbadgers.com"
"101","ASG Information Technologies","https://clutch.co/profile/asg-information-technologies","https://www.asgct.com/","info@asgct.com"
"102","CodeFirst","https://clutch.co/profile/codefirst-0","https://www.codefirst.co.uk/","contact@codefirst.netNA"
"103","Cohn Consulting Corporation","https://clutch.co/profile/cohn-consulting-corporation","https://www.cohnconsultingcorp.com/","info@cohnconsultingcorp.comNA"
"104","technologygroup","https://clutch.co/profile/technologygroup","http://www.technologygroup.co.uk/","info@tntg-is.com"
"105","Multisistemas","https://clutch.co/profile/multisistemas","https://multisistemas.com.sv","sales@multisistemas.com.sv"
"106","Hosted Accountants Ltd","https://clutch.co/profile/hosted-accountants","http://www.hostedaccountants.co.uk/","enquiries@hostedaccountants.co.uk"
"107","SoftDesign Services","https://clutch.co/profile/softdesign-services","http://www.softdesign-services.com/index.html","enquiry@softdesign-services.com"
"108","Orange Business Services","https://clutch.co/profile/orange-business-services","https://www.orange-business.com/en","infos.groupe@orange.com"
"109","BEI - Business Engineering, Inc.","https://clutch.co/profile/bei-business-engineering","http://beinetworks.com","sales@beinetworks.com"
"110","Contigo IT Services Austin","https://clutch.co/profile/contigo-it-services-austin","http://www.contigotechnology.com/","fuller@contigotx.com"
"111","Jexet Technologies LLC","https://clutch.co/profile/jexet-technologies","http://www.jexet.com","info@jexet.com"
"112","WEM Technology Ltd.","https://clutch.co/profile/wem-technology","https://wem.technology/","support@wem.bizNA"
"113","CloudWave, Healthcare IT Solutions","https://clutch.co/profile/cloudwave-healthcare-it-solutions","http://gocloudwave.com/","customersfirst@gocloudwave.com"
"114","Illumiti","https://clutch.co/profile/illumiti","http://illumiti.com/","info@illumiti.comNA"
"115","NEEAConsulting","https://clutch.co/profile/neeaconsulting","http://www.neeaconsulting.com/","mail@neeaconsulting.com"
"116","Simeio Solutions","https://clutch.co/profile/simeio-solutions","https://www.simeiosolutions.com/","info@simeiosolutions.com"
"117","Astragraphia","https://clutch.co/profile/astragraphia","https://www.astragraphia.co.id/","info@astragraphia.co.id"
"118","Cloud Consulting Ltd","https://clutch.co/profile/cloud-consulting","http://www.ccltng.com/","info@ccltng.com"
"119","Transforming Solutions, Inc.","https://clutch.co/profile/transforming-solutions","http://www.transforming.com","dfeely@transforming.com"
"120","Tech Solutions Now","https://clutch.co/profile/tech-solutions-now","http://www.techsn.com/","support@techsn.com"
"121","Autentica","https://clutch.co/profile/autentica","https://www.autentica.lv/en/","info@autentica.lv"
"122","Appnometry Limited","https://clutch.co/profile/appnometry","http://www.appnometry.com/","info@appnometry.com"
"123","GWTI","https://clutch.co/profile/gwti","https://www.gwti.net/","crm@gwti.net"
"124","Ant-Tech","https://clutch.co/profile/ant-tech","http://anttech.com.bd/","info@anttech.com.bdNA"
"125","Shadowfax ","https://clutch.co/profile/shadowfax","https://sfax.co.uk/","info@sfax.co.uk"
"126","KaNex","https://clutch.co/profile/kanex","http://www.ka-nex.com","info@ka-nex.com"
"127","Inteople Limited","https://clutch.co/profile/inteople","http://www.inteople.com/","info@inteople.comNA"
"128","Responza","https://clutch.co/profile/responza","http://responza.com/","solutions@responza.com"
"129","SOURTHERN WAVES Solution","https://clutch.co/profile/sourthern-waves-solution","http://www.sws.com.vn/","info@sws.com.vn"
"130","Media Informatica","https://clutch.co/profile/media-informatica","http://www.mediainformatica.com","info@mediainformatica.com"
"131","Sunway Pareto Pte Ltd","https://clutch.co/profile/sunway-pareto-pte","https://pareto.com.sg/wp/","SUPPORT@PARETO.COM.SGNA"
"132","Konnected Systems","https://clutch.co/profile/konnected-systems","http://www.konnectedsystems.ca/","info@konnectedsystems.ca"
"133","Enclave Technologies","https://clutch.co/profile/enclave-technologies","http://www.enclave.ie/","info@enclave.ie"
"134","Cyber Security","https://clutch.co/profile/cyber-security","http://www.iicybersecurity.com/","info@iicybersecurity.com'"
"135","Rouse Consulting Group, Inc.","https://clutch.co/profile/rouse-consulting-group","https://www.go2rcg.com/","info@go2rcg.comNA"
"136","Chief ERP Systems","https://clutch.co/profile/chief-erp-systems","https://chieferp.com/","info@chieferp.com"
"137","Drizzle Consulting","https://clutch.co/profile/drizzle-consulting","http://www.drizzleconsulting.com","info@drizzleconsulting.comNA"
"138","eCommera","https://clutch.co/profile/ecommera","https://ecommera.com/","info@ecommera.com"
"139","Sapient Razorfish","https://clutch.co/profile/sapient-razorfish","https://www.sapientrazorfish.com/","info@sapient.com"
"140","Esker Inc","https://clutch.co/profile/esker","http://www.esker.com","info@esker.com"
"141","Genius Business Solutions","https://clutch.co/profile/genius-business-solutions","http://www.geniusbsi.com/","ContactUS@GeniusBSI.com"
"142","Corporate Projukti Limited","https://clutch.co/profile/corporate-projukti","http://projukti-bd.com/","info@projukti-bd.comNA"
"143","Fortscale - Acquired by RSA Security","https://clutch.co/profile/fortscale-acquired-rsa-security","https://www.rsa.com/en-us/products/threat-detection-response","bevr@fortscale.comNA"
"144","ITWorx","https://clutch.co/profile/itworx","http://www.itworx.com/","info@itworx.com"
"145","Entelect","https://clutch.co/profile/entelect","https://www.entelect.co.za/","career@entelect.co.za"
"146","AlfaPeople","https://clutch.co/profile/alfapeople","http://www.alfapeople.com/","emh@alfapeople.com"
"147","JUSFOUN","https://clutch.co/profile/jusfoun","http://en.jusfoun.com/","999@JUSFOUN.COM"
"148","VirtualArmour","https://clutch.co/profile/virtualarmour","https://www.virtualarmour.com/","marketing@virtualarmor.com"
"149","SHE Information Technology","https://clutch.co/profile/she-information-technology","https://www.she.net/en/","info@she.net"
"150","Magilatech","https://clutch.co/profile/magilatech","https://www.magilatech.co.tz/","info@ecotektanzania.co.tzNA"
"151","Coasin","https://clutch.co/profile/coasin","http://www.coasin.cl/","info@sirinsoftware.comNA"
"152","Palazon Technology Pte Ltd","https://clutch.co/profile/palazon-technology-pte","https://www.palazon.com/","support@palazon.com"
"153","UK Datahouse","https://clutch.co/profile/uk-datahouse","https://ukdatahouse.com/","hello@ukdatahouse.com"
"154","Ikusi","https://clutch.co/profile/ikusi","https://www.ikusiredes.com/","info@tecnocen.com"
"155","SolutionWorx, Inc.","https://clutch.co/profile/solutionworx","https://www.solutionworx.com/","info@solutionworx.com"
"156","Carvajal Tecnología y Servicios","https://clutch.co/profile/carvajal-tecnolog%C3%ADa-y-servicios","https://www.carvajaltys.com/","mereo.carvajal.al.@cajaljal.com"
"157","eSecurity Solutions","https://clutch.co/profile/esecurity-solutions","http://www.esecuritysolutions.com/","Sales@eSecuritySolutions.com"
"158","SimTech IT Solutions Private Limited","https://clutch.co/profile/simtech-it-solutions-private","http://www.simtechitsolutions.com","praveen.edwin@simtechitsolutions.com"
"159","Avagio","https://clutch.co/profile/avagio","http://avagio.co.uk/","enquiries@avagio.co.uk"
"160","OntargIT","https://clutch.co/profile/ontargit","https://ontargit.com/en/","info@ontargit.comNA"
"161","Rational Systems Private Limited","https://clutch.co/profile/rational-systems-private","http://www.rational.co.in","info@rational.co.inNA"
"162","ESPO Engineering Corp.","https://clutch.co/profile/espo-engineering-corp","http://www.espocorp.com","vinnie@espocorp.com"
"163","Annata","https://clutch.co/profile/annata","http://www.annata.is/","johann@annata.isNA"
"164","Sentrium S.L.","https://clutch.co/profile/sentrium-sl","https://sentrium.io","sales@sentrium.ioNA"
"165","Atom AP Limited","https://clutch.co/profile/atom-ap","http://atomapgroup.com/","info@atomapgroup.comNA"
"166","Grafixoft","https://clutch.co/profile/grafixoft","http://www.grafixoft.com/","info@grafixoft.comNA"
"167","Edafio Technologies","https://clutch.co/profile/edafio-technologies","http://www.edafio.com/","info@sirinsoftware.comNA"
"168","Acer Innovation","https://clutch.co/profile/acer-innovation","http://www.acerinnovation.com","info@acerinnovation.com"
"169","ETAFAT","https://clutch.co/profile/etafat","http://etafat.ma/","etafat@etafat.maNA"
"170","ITPAC Consulting, LLC","https://clutch.co/profile/itpac-consulting","https://itpacconsulting.com","info@itpacconsulting.com"
"171","Minh Tu Telecom","https://clutch.co/profile/minh-tu-telecom","http://mtt.vn/","info@mtt.vn"
"172","Grupo CINTE","https://clutch.co/profile/grupo-cinte","http://www.grupocinte.com/inicio","socialmedia@grupocinte.comNA"
"173","Singhammer IT Consulting","https://clutch.co/profile/singhammer-it-consulting","http://www.singhammer.com/","easy@singhammer.comNA"
"174","Beijing Sunshine Jindian","https://clutch.co/profile/beijing-sunshine-jindian","http://www.51jindian.net/","ygjd@51jindian.net"
"175","Pareto Platform","https://clutch.co/profile/pareto-platform","http://crm.paretoplatform.com/","inquiries@paretoplatform.com"
"176","Access Televentures Pte Ltd","https://clutch.co/profile/access-televentures-pte","https://www.actelv.com.sg/","sales@actelv.com.sg"
"177","Sysne","https://clutch.co/profile/sysne","http://www.sysne.com.mx/","contacto@sysne.com.mxNA"
"178","RJT Solution Beacon","https://clutch.co/profile/rjt-solution-beacon","http://www.rjtsolutionbeacon.com/","info@sirinsoftware.comNA"
"179","Envescent ","https://clutch.co/profile/envescent","https://envescent.com/","info@envescent.com"
"180","MIS Choice ","https://clutch.co/profile/mis-choice","http://www.mischoice.com/","sales@mischoice.com"
"181","O-H Community Partners","https://clutch.co/profile/o-h-community-partners","http://ohcommunitypartners.com/","info@ohcommunity.com"
"182","NuWave Technology Partners","https://clutch.co/profile/nuwave-technology-partners","http://www.nuwavepartners.com/","info@nuwavepartners.com"
"183","Cyber Technology BD Ltd ","https://clutch.co/profile/cyber-technology-bd","http://www.cybertechnologybd.com/","info@cybertechnologybd.com"
"184","Cloud Solution Ltd.","https://clutch.co/profile/cloud-solution","https://cloudsolutionltd.com/","info@cloudsolutionltd.com"
"185","iauro systems Pvt Ltd","https://clutch.co/profile/iauro-systems-0","http://www.iauro.com","sales@iauro.comNA"
"186","Yellowkeet, Inc","https://clutch.co/profile/yellowkeet","http://yellowkeet.com/","info@yellowkeet.com"
"187","3i Network Pte Ltd","https://clutch.co/profile/3i-network-pte","http://www.3inetwork.net/","info@3inetwork.net"
"188","Redsoft Pro","https://clutch.co/profile/redsoft-pro","http://www.redsoft.pro","alexandra.dikusar@redsoft.pro"
"189","Fifteen Digital Limited","https://clutch.co/profile/fifteen-digital","https://www.fifteengroup.co.uk/","info@sirinsoftware.comNA"
"190","Blue K LLC","https://clutch.co/profile/blue-k","http://www.bluek.com/","it@bluek.com"
"191","Mid-Atlantic Computer Solutions","https://clutch.co/profile/mid-atlantic-computer-solutions","https://4macsolutions.com","woneal@4macsolutions.comNA"
"192","Octree Limited","https://clutch.co/profile/octree","http://www.octree.co.uk/","sales@octree.co.uk"
"193","Island Technologies","https://clutch.co/profile/island-technologies","https://www.islandtechnologies.net/","contactus@islandtechnologies.net"
"194","Innoria Solution","https://clutch.co/profile/innoria-solution","https://web.innoria.com/","contact@innoria.com"
"195","Digital Shadows","https://clutch.co/profile/digital-shadows","https://www.digitalshadows.com/","info@digitalshadows.com"
"196","Gorkana","https://clutch.co/profile/gorkana","http://www.gorkana.com/","marketing@gorkana.com"
"197","Spark Systems Limited","https://clutch.co/profile/spark-systems-0","http://www.spark.com.bd/","info@spark.com.bd"
"198","Aegis Softwares","https://clutch.co/profile/aegis-softwares","https://www.aegissoftwares.com","info@aegissoftwares.com"
"199","Rochement","https://clutch.co/profile/rochement","https://rochement.com","brian@rochement.com"
"200","Swift Future","https://clutch.co/profile/swift-future","http://www.swiftfuture.com","adam.ebrahem@swiftfuture.com"
"201","Artech Information Systems","https://clutch.co/profile/artech-information-systems","http://www.artechinfo.com/","marketing@artechinfo.comNA"
"202","Xyples","https://clutch.co/profile/xyples","https://xyples.com/","info@xyples.com"
"203","Phoenix Software Limited","https://clutch.co/profile/phoenix-software","https://www.phoenixs.co.uk/","info@sirinsoftware.comNA"
"204","BH Consulting","https://clutch.co/profile/bh-consulting","https://www.bhconsulting.ie/","info@bhconsulting.ie"
"205","CozyRoc","https://clutch.co/profile/cozyroc","http://www.cozyroc.com/","support@cozyroc.com"
"206","MFX Services","https://clutch.co/profile/mfx-services","http://www.mfxservices.com","analytics@mfxservices.com"
"207","Maytech Technologies","https://clutch.co/profile/maytech-technologies","http://www.maytechweb.com.au","sales@maytechweb.com.au"
"208","SupraITS","https://clutch.co/profile/supraits","http://www.supraits.com/","talktous@supraits.com"
"209","Boomer Consulting, Inc.","https://clutch.co/profile/boomer-consulting","https://www.boomer.com/","solutions@boomer.com"
"210","Contivio","https://clutch.co/profile/contivio","http://www.contivio.com/","info@sirinsoftware.comNA"
"211","Infosolz Consultancy Services Pvt Ltd","https://clutch.co/profile/infosolz-consultancy-services","http://www.infosolz.com/mobile-application.php","support@infosolz.comNA"
"212","Nitro Mobile Solutions","https://clutch.co/profile/nitro-mobile-solutions","http://www.nitromobilesolutions.com","sales@nitromobilesolutions.comNA"
"213","World Access Network","https://clutch.co/profile/world-access-network","http://www.worldaccessnet.com/index.html","staff@wa-net.com"
"214","Systems Solutions & Development Technologies (SSD-TECH)","https://clutch.co/profile/systems-solutions-development-technologies-ssd-tech","http://ssd-tech.com/","info@ssd-tech.com"
"215","Nextech Limited","https://clutch.co/profile/nextech","http://nextech.com.bd/","info@nextech.com.bd"
"216","NEOS","https://clutch.co/profile/neos","https://www.neos.hr/","info@neos.hr"
"217","Nemo SA","https://clutch.co/profile/nemo-sa","https://www.nemogroup.net/","contacto@nemogroup.net"
"218","Talk Shop","https://clutch.co/profile/talk-shop","https://www.talkshopmedia.com/","info@talkshopmedia.com"
"219","Enaxis Consulting","https://clutch.co/profile/enaxis-consulting","http://www.enaxisconsulting.com/","info@enaxisconsulting.com"
"220","SAV London Ltd","https://clutch.co/profile/sav-london","https://www.sav.co.uk/","info@sav.co.uk"
"221","Askida","https://clutch.co/profile/askida","https://askida.com/","info@askida.comNA"
"222","eico design","https://clutch.co/profile/eico-design","http://www.eicodesign.com","service@eicoinc.com"
"223","Softec","https://clutch.co/profile/softec","https://softec.com.py/","consultas@softec.com.py"
"224","MGT Consulting Group","https://clutch.co/profile/mgt-consulting-group","https://www.mgtconsulting.com/","info@sirinsoftware.comNA"
"225","Tribalyte Technologies","https://clutch.co/profile/tribalyte-technologies","http://www.tribalyte.com/","info@tribalyte.comNA"
"226","Synlogics Inc","https://clutch.co/profile/synlogics","https://www.synlogics.com","info@synlogics.comNA"
"227","Agile Digital Engineering Pty Ltd","https://clutch.co/profile/agile-digital-engineering-pty","https://agiledigital.com.au/","enquiries@agiledigital.com.au"
"228","Dariel","https://clutch.co/profile/dariel","http://dariel.co.za/","info@dariel.co.zaNA"
"229","Spatial DNA Informatics Inc.","https://clutch.co/profile/spatial-dna-informatics","http://spatialdna.com","info@spatialdna.com"
"230","Advanced Automation Consulting","https://clutch.co/profile/advanced-automation-consulting","http://aacsc.net/","careers@aacsc.net"
"231","Laboratorium EE","https://clutch.co/profile/laboratorium-ee","http://www.laboratorium.ee","kontakt@laboratorium.eeNA"
"232","MR H IT","https://clutch.co/profile/mr-h-it","http://mrhit.co.uk/","enquiries@mrhit.co.uk"
"233","IT Resources S.A","https://clutch.co/profile/it-resources-sa","http://www.itrsa.com.ar/","contacto@itrsa.com"
"234","Change Champions Consulting","https://clutch.co/profile/change-champions-consulting","http://changechampionsconsulting.com","info@changechampionsconsulting.com"
"235","infoNERO","https://clutch.co/profile/infonero","https://www.infonero.com/","careers@infonero.com"
"236","Door4","https://clutch.co/profile/door4","https://door4.com/","hello@door4.comNA"
"237","Syscal","https://clutch.co/profile/syscal","https://syscal.com","info@syscal.comNA"
"238","Appfutura","https://clutch.co/profile/appfutura","http://www.appfuture.net","contacto@appfuture.net"
"239","CloudCo","https://clutch.co/profile/cloudco","https://www.cloudco.com.mx/","VENTAS@CLOUDCO.COM.MX"
"240","Phosphorus Cybersecurity Inc.","https://clutch.co/profile/phosphorus-cybersecurity","https://www.phosphorus.io/","contact@phosphorus.io"
"241","Element 84","https://clutch.co/profile/element-84","http://www.element84.com/","info@element84.com"
"242","Lannet","https://clutch.co/profile/lannet","http://www.lannet.net/","'lannet_mm@lannet.netNA"
"243","Miracle Technologies ","https://clutch.co/profile/miracle-technologies","https://www.miracletechs.com/","myteam@miracletechs.com"
"244","Pepper Foster Consulting","https://clutch.co/profile/pepper-foster-consulting","https://www.pepperfoster.com/","info@pepperfoster.com"
"245","Grinn","https://clutch.co/profile/grinn","https://grinn-global.com/","m.zelek@grinn-global.comNA"
"246","TSG Technology Services Group","https://clutch.co/profile/tsg-technology-services-group","http://www.tsg.net.co","Info@Tsg.Net.CoNA"
"247","Dial Technologies","https://clutch.co/profile/dial-technologies","https://www.dialtechnologies.net/en/home/","contact@dialy.net"
"248","BlockTech","https://clutch.co/profile/blocktech","https://blocktech.com/","info@blocktech.comNA"
"249","Mercury Studio","https://clutch.co/profile/mercury-studio","http://mercury.team","info@mercury.team"
"250","AYA Group","https://clutch.co/profile/aya-group","http://ayagroup.ru","Aya.Qroup@mail.ru"
"251","RSK Business Solutions","https://clutch.co/profile/rsk-business-solutions","https://www.rsk-bsl.com/","marketing@rsk-bsl.com"
"252","StyleTech Solution Ltd","https://clutch.co/profile/styletech-solution","https://www.styletech.co.uk/","info@styletech.co.ukNA"
"253","Web Services Group","https://clutch.co/profile/web-services-group","http://www.wsg.net/","support@wsg.netNA"
"254","Syntech Solution Ltd","https://clutch.co/profile/syntech-solution","http://www.syntechbd.com","info@syntechbd.com"
"255","Musato Technologies","https://clutch.co/profile/musato-technologies","https://musatotech.co.za/","info@musatotech.co.za"
"256","UPDG","https://clutch.co/profile/updg","https://updg.net","info@updg.net"
"257","Altabos","https://clutch.co/profile/altabos","http://altabos.com","info@altabos.com"
"258","Nets To You","https://clutch.co/profile/nets-you","http://www.netstoyou.com","info@sirinsoftware.comNA"
"259","Smach Solutions","https://clutch.co/profile/smach-solutions","http://www.smachsolutions.com","support@smachsolutions.com"
"260","Next IT & Systems","https://clutch.co/profile/next-it-systems","http://nextuae.com","info@nextuae.com"
"261","Softin Technology Limited","https://clutch.co/profile/softin-technology","http://www.softintechnology.com/","info@softintechnology.comNA"
"262","Accemy Software Solutions Pvt Limited","https://clutch.co/profile/accemy-software-solutions","https://www.accemy.com","info@accemy.comNA"
"263","TEC DIGITAL LTD","https://clutch.co/profile/tec-digital","http://tec.digital","opp@tec.digital"
"264","iSovix Technology Ltd","https://clutch.co/profile/isovix-technology","http://www.isovix.com/","info@isovix.com"
"265","Globus","https://clutch.co/profile/globus-0","http://case.globus-ltd.com/","contact@globus-ltd.com"
"266","Evolucionapp","https://clutch.co/profile/evolucionapp","http://evolucionapp.com/","info@evolucionapp.com"
"267","FUNCIONA","https://clutch.co/profile/funciona","http://funcionasi.es/","sheredero@funcionasi.es"
"268","Anahata Technologies","https://clutch.co/profile/anahata-technologies","http://www.anahata.net.au/","info@anahata.net.au"
"269","Greenweb","https://clutch.co/profile/greenweb-0","https://www.greenweb.com.bd/","greenweb.com.bd@gmail.com"
"270","KR Digital Concept","https://clutch.co/profile/kr-digital-concept","http://36its.com/","info@krdigitalconcept.com"
"271","VRISystems","https://clutch.co/profile/vrisystems","http://www.vrisystems.com","contacto@vrisystems.comNA"
"272"," EverExpert ","https://clutch.co/profile/everexpert","https://everexpert.com/","info@everexpert.comNA"
"273","Softline","https://clutch.co/profile/softline","http://latinoamerica.softlinegroup.com/","info@softlinegroup.comNA"
"274","Colombia Hosting","https://clutch.co/profile/colombia-hosting","https://www.colombiahosting.com.co/","ventas@colombiahosting.com.coNA"
"275","VRAI","https://clutch.co/profile/vrai","http://vrai.ie/","hello@vrai.ieNA"
"276","Fōcus IT","https://clutch.co/profile/f%C5%8Dcus-it","http://www.focusitstaffing.com/","info@sirinsoftware.comNA"
"277","Pimcore","https://clutch.co/profile/pimcore","http://www.pimcore.com","rajneesh.kumar@pimcore.comNA"
"278","CSA - Centro de Servicios Avanzados","https://clutch.co/profile/csa-centro-de-servicios-avanzados","http://www.csa.es","joseluis.hernandez@csa.esNA"
"279","EtyLab","https://clutch.co/profile/etylab","https://www.etyalab.com/","info@etyalab.com"
"280","School of Code","https://clutch.co/profile/school-code","http://www.schoolofcode.com/","info@schoolofcode.co.uk"
"281","Twist Interactive Design Limited","https://clutch.co/profile/twist-interactive-design","http://www.twist-id.co.uk/","hello@twist-id.co.ukNA"
"282","Nexidia","https://clutch.co/profile/nexidia","http://www.nexidia.com/","socialmedia@nexidia.com"
"283","Citizen DataTech Software","https://clutch.co/profile/citizen-datatech-software","http://citizendatatech.com","info@citizendatatech.com"
"284","IN2 Group","https://clutch.co/profile/in2-group","http://www.in2.hr/en","in2@in2.hrNA"
"285","Adictiz","https://clutch.co/profile/adictiz","https://www.adictiz.com/fr/","contact@adictiz.com"
"286","Agencia Virtual","https://clutch.co/profile/agencia-virtual","https://www.agenciavirtual.com.gt/nosotros/","ventas@agenciavirtual.com.gt"
"287","Elegant MicroWeb","https://clutch.co/profile/elegant-microweb","http://www.elegantmicroweb.com","info@elegantmicroweb.com"
"288","InGenius Software","https://clutch.co/profile/ingenius-software","https://www.ingenius.com/","sales@ingenius.comNA"
"289","Digitas Liquorice","https://clutch.co/profile/digitas-liquorice","http://www.liquorice.co.za/","info@sirinsoftware.comNA"
"290","Productive I.T.","https://clutch.co/profile/productive-it","http://www.productiveit.com/","info@productiveit.comNA"
"291","Outsource IT","https://clutch.co/profile/outsource-it","http://www.outsourceit.com/","sales@outsourceit.comNA"
"292","From Scratch Co.","https://clutch.co/profile/scratch-co","https://f-scratch.co.jp","info@f-scratch.comNA"
"293","Doublezero Solutions Ltd","https://clutch.co/profile/doublezero-solutions","http://www.doublezerosolutions.co.uk/","websites@doublezerosolutions.co.uk"
"294","Matrix Consulting - South Carolina","https://clutch.co/profile/consulting-south-carolina","http://matrix-ibs.com/","kconnor@matrix-ibs.com"
"295","Spacedealer GmbH","https://clutch.co/profile/spacedealer-gmbh","http://www.spacedealer.de/","info@spacedealer.deNA"
"296","Agencia Sawi","https://clutch.co/profile/agencia-sawi","https://www.agenciasawi.com.br/","contato@agenciasawi.com.br"
"297","Andrews Hooper Pavlik PLC","https://clutch.co/profile/andrews-hooper-pavlik-plc","https://www.ahpplc.com","ahpinfo@ahpplc.com"
"298","Terralogic Software Solutions","https://clutch.co/profile/terralogic-software-solutions","http://www.terralogic.com","info@sirinsoftware.comNA"
"299","Connect Managed Services","https://clutch.co/profile/connect-managed-services","http://www.connectmanaged.com/","info@connectmanaged.com"
"300","Together Digital","https://clutch.co/profile/together-digital","https://www.togetherdigital.ie/","info@togetherdigital.ie"
"301","Maine Pointe LLC","https://clutch.co/profile/maine-pointe","http://www.mainepointe.com/","info@mainepointe.com"
"302","Blue Star Technology, LLC","https://clutch.co/profile/blue-star-technology","http://www.BlueStarTec.com","info@sirinsoftware.comNA"
"303","Technowand","https://clutch.co/profile/technowand","https://technowand.com.au/","hello@technowand.com.au"
"304","Noesis","https://clutch.co/profile/noesis","https://www.noesis.pt/en/homepage","'info@noesis.ptNA"
"305","Revenue Architects","https://clutch.co/profile/revenue-architects","https://www.revenuearchitects.com/","contact@revenuearchitects.com"
"306","800teleservices","https://clutch.co/profile/800teleservices","http://www.800teleservices.com/english/index.asp","main@800Teleservices.comNA"
"307","Silver Creek Software - Idaho","https://clutch.co/profile/silver-creek-software-idaho","http://www.silvercreek.com/","info@silvercreek.com"
"308","th data GmbH","https://clutch.co/profile/th-data-gmbh","http://thdata.de","info@thdata.de"
"309","ip-Xchange","https://clutch.co/profile/ip-xchange","http://www.ip-xchange.com/","info@ip-Xchange.com"
"310","Santex","https://clutch.co/profile/santex","https://santexgroup.com/","info@santexgroup.com"
"311","CM Access","https://clutch.co/profile/cm-access","http://www.cmaccess.com","information@cmaccess.com"
"312","Northern Contrast","https://clutch.co/profile/northern-contrast","http://www.northerncontrast.com/","info@northerncontrast.com"
"313","Global Surface Intelligence","https://clutch.co/profile/global-surface-intelligence","https://www.surfaceintelligence.com","info@surfaceintelligence.comNA"
"314","Simantel","https://clutch.co/profile/simantel","https://www.simantel.com/","LetsConnect@simantel.com"
"315","Cleantech Latvia","https://clutch.co/profile/cleantech-latvia","https://cleantechlatvia.com/en/home/","info@cleantechlatvia.com"
"316","Tiger Team Consulting","https://clutch.co/profile/tiger-team-consulting","http://www.tigerteamconsulting.com/","info@tigerteamconsulting.com"
"317","Triptongo","https://clutch.co/profile/triptongo","https://triptongo.com.ar/","info@triptongo.com.ar"
"318","Kaisa Consulting Company, Inc.","https://clutch.co/profile/kaisa-consulting-company","https://www.kaisa.com/","info@kaisa.comNA"
"319","Boomtown","https://clutch.co/profile/boomtown","http://boomtown.agency/","info@boomtown.co.zaNA"
"320"," Blue Cow Marketing Inc.","https://clutch.co/profile/blue-cow-marketing","https://www.bluecowmarketing.ca/","hello@bluecowmarketing.caNA"
"321","Emerald TC","https://clutch.co/profile/emerald-tc","http://emeraldtc.com","lyearty@emeraldtc.com"
"322","Technaureus Info Solutions Pvt. Ltd.","https://clutch.co/profile/technaureus-info-solutions","http://www.technaureus.com/","info@technaureus.comNA"
"323","Arieon Technology","https://clutch.co/profile/arieon-technology","http://www.arieon.com/","mritunjay@shigan.netNA"
"324","Bow River Solutions Inc.","https://clutch.co/profile/bow-river-solutions","http://www.BowRiverSolutions.com","Support@BowRiverSolutions.comNA"
"325","netConsult Ltd","https://clutch.co/profile/netconsult","http://www.netconsult.co.uk/","info@netconsult.co.ukNA"
"326","BST MEXICO","https://clutch.co/profile/bst-mexico","https://bstmexico.com/","contacto@bstmexico.com"
"327","Rococo Global Technologies Corporation","https://clutch.co/profile/rococo-global-technologies-corporation","http://rococoglobaltechnologies.com","info@rococoglobaltech.comNA"
"328","Portavoce Public Relations","https://clutch.co/profile/portavoce-public-relations","https://www.portavocepr.com/","carla.vallone@Portavocepr.comNA"
"329","Big Water Technologies","https://clutch.co/profile/big-water-technologies","http://www.bigwatertech.com/","info@bigwatertech.com"
"330","Shoreline Consulting Group, Inc.","https://clutch.co/profile/shoreline-consulting-group","http://shorelineconsulting.ca/","adam@shorelineconsulting.ca"
"331","GYANA","https://clutch.co/profile/gyana","https://www.gyana.co.uk/","info@gyana.co.uk"
"332","DecisionIQ","https://clutch.co/profile/decisioniq","http://www.decisioniq.com/","projects@decisioniq.comNA"
"333","Esali","https://clutch.co/profile/esali","https://www.esali.com/","arben@esali.com"
"334","Indigo Group","https://clutch.co/profile/indigo-group","http://www.technologyforbusiness.co.uk/","info@technologyforbusiness.co.uk"
"335","BDG Panamá","https://clutch.co/profile/bdg-panam%C3%A1","http://www.bdgsa.net/es/","bdgpanama@bdgsa.netNA"
"336","DDA Agencia Digital S.A.S.","https://clutch.co/profile/dda-agencia-digital-sas","https://twitter.com/DDAagencia","contacto@dda.com.co"
"337","InCampus Pte Ltd","https://clutch.co/profile/incampus-pte","http://web.incampus.com.sg/","enquiry@incampus.com.sg"
"338","MavenMagnet","https://clutch.co/profile/mavenmagnet","http://www.mavenmagnet.com","info@mavenmagnet.com"
"339","Bulmen Consultant Group, Inc.","https://clutch.co/profile/bulmen-consultant-group","http://www.bulmenconsultantgroup.com/","info@bulmenconsultantgroup.com"
"340","HebronSoft","https://clutch.co/profile/hebronsoft","https://hebronsoft.com/","info@sirinsoftware.comNA"
"341","Contextbi","https://clutch.co/profile/contextbi","http://www.contextbi.com/","info@contextbi.com"
"342","Y&R Vietnam","https://clutch.co/profile/yr-vietnam","http://yrindochina.com/","info@sirinsoftware.comNA"
"343","Rumba Solutions","https://clutch.co/profile/rumba-solutions","http://www.rumbasolutions.com/","sales@rumbasolutions.comNA"
"344","Next Century Technologies (IT Consultant, Drone Services)","https://clutch.co/profile/next-century-technologies-it-consultant-drone-services","https://www.ky-consultant.com/","info@ky-consultant.com"
"345","Visartech Inc.","https://clutch.co/profile/visartech","http://visartech.com","a.udovichenko@visartech.com"
"346","SigurHQ","https://clutch.co/profile/sigurhq","https://sigur.io/","hello@sigur.io"
"347","Revere Agency","https://clutch.co/profile/revere-agency","https://thisisrevere.com/","hello@thisisrevere.com"
"348","Pstox","https://clutch.co/profile/pstox","http://pstox.com/","info@pstox.com"
"349","Bendigo Marketing","https://clutch.co/profile/bendigo-marketing","https://www.bendigomarketing.com.my/","info@bendigomarketing.com.my"
"350","William Thomas Digital","https://clutch.co/profile/william-thomas-digital","http://www.williamthomasdigital.com","hello@williamthomasdigital.com"
"351","BendIT Admin Services","https://clutch.co/profile/bendit-admin-services","https://www.benditadmin.com/","bensam@benditadmin.com"
"352","Linq Solutions","https://clutch.co/profile/linq-solutions","http://linqsolutions.com.pe","info@linqsolutions.com.pe"
"353","LEROI Consulting","https://clutch.co/profile/leroi-consulting","https://www.leroi-consulting.com","contact@leroi-consulting.com"
"354","Unilink Ltd.","https://clutch.co/profile/unilink","http://www.unilink.co.il/en","Info@unilink.co.ilNA"
"355","Bongo Live","https://clutch.co/profile/bongo-live","https://www.bongolive.co.tz/","contact@bongolive.co.tz"
"356","XPose","https://clutch.co/profile/xpose","https://xpose.online/","hello@xpose.online"
