"","name","url","website","clutch_email"
"1","Edge Networks","https://clutch.co/profile/edge-networks","http://www.edgenetworks.us/?utm_source=clutch&utm_medium=referral&utm_campaign=it-services","info@edgenetworks.usNA"
"2","StackOverdrive.io","https://clutch.co/profile/stackoverdriveio","https://www.stackoverdrive.net","info@stackoverdrive.io"
"3","Nuvodia","https://clutch.co/profile/nuvodia","https://nuvodia.com/","jandrade@nuvodia.comNA"
"4","VirtusaPolaris","https://clutch.co/profile/virtusapolaris","http://www.virtusa.com","info@edgenetworks.usNA"
"5","Liaison Technologies ","https://clutch.co/profile/liaison-technologies","https://www.liaison.com/","info@liaison.com"
"6","TopRight","https://clutch.co/profile/topright","http://www.toprightpartners.com","Dave@toprightpartners.com"
"7","A1QA","https://clutch.co/profile/a1qa","https://www.a1qa.com","info@a1qa.com"
"8","KiZAN Technologies","https://clutch.co/profile/kizan-technologies","https://www.kizan.com/","kyle.louder@kizan.com"
"9","VERNA","https://clutch.co/profile/verna","http://verna-it.com","'ITServices@verna-it.com"
"10","Concentrix Corporation","https://clutch.co/profile/concentrix-corporation","http://www.concentrix.com/","derek.shealy@concentrix.com"
"11","AppShark Software, Inc.","https://clutch.co/profile/appshark-software","https://www.appshark.com/","sales@appshark.com"
"12","CentLing Technologies","https://clutch.co/profile/centling-technologies","http://www.centling.com","PR@centling.comNA"
"13","Techmango Technology Services Private Limited","https://clutch.co/profile/techmango-technology-services-private","https://www.techmango.net/","business@techmango.net"
"14","SD Squared","https://clutch.co/profile/sd-squared","http://www.sd2labs.com","sales@sd2labs.com"
"15","Data Reply","https://clutch.co/profile/data-reply","https://www.datareply.co.uk/","contact@datareply.co.ukNA"
"16","Cloudlogic Technologies","https://clutch.co/profile/cloudlogic-technologies","http://www.cloudlogic.tech","info@cloudlogic.tech"
"17","Product Savvy Consulting, LLC","https://clutch.co/profile/product-savvy-consulting","http://www.productsavvy.com","info@productsavvy.comNA"
"18","IQVIS","https://clutch.co/profile/iqvis","https://www.iqvis.com/","info@iqvis.com"
"19","ANiMODUS","https://clutch.co/profile/animodus","http://ANiMODUS.com/","info@ANiMODUS.com"
"20","Napal Innovation ","https://clutch.co/profile/napal-innovation","https://www.napal-innovation.xyz/","contact@napal-innovation.xyz"
"21","VironIT","https://clutch.co/profile/vironit","http://vironit.com","info@vironit.com"
"22","Icreativez Technologies","https://clutch.co/profile/icreativez-technologies","http://www.icreativez.com","contactus@icreativez.com"
"23","Green Apex Technolabs","https://clutch.co/profile/green-apex-technolabs","http://www.green-apex.com","sales@green-apex.com"
"24","Intuz Cloud | Blockchain Development","https://clutch.co/profile/intuz-cloud-blockchain-development","https://www.intuz.com/blockchain","cloud@intuz.comNA"
"25","Codete","https://clutch.co/profile/codete","http://www.codete.com","mail@codete.comNA"
"26","TowerHouseStudio","https://clutch.co/profile/towerhousestudio","https://towerhousestudio.com","info@towerhousestudio.com"
"27","Lemlock","https://clutch.co/profile/lemlock","http://lemlock.com","hello@lemlock.comNA"
"28","Unique Software Development LLC","https://clutch.co/profile/unique-software-development","http://www.uniquesoftwaredev.com","info@uniquesoftwaredev.com"
"29","Cabeus","https://clutch.co/profile/cabeus","http://www.cabeus.com/","info@cabeusinc.comNA"
"30","Devodrome","https://clutch.co/profile/devodrome","http://www.devodrome.com/","office@devodrome.com"
"31","Blast Off Apps","https://clutch.co/profile/blast-apps","https://BlastOffApps.com","MissionCommand@blastoffapps.com"
"32","AOT Technologies","https://clutch.co/profile/aot-technologies","https://www.aot-technologies.com/","sales@aot-technologies.com"
"33","Cloudsquare","https://clutch.co/profile/cloudsquare","http://www.cloudsquare.io","hello@cloudsquare.ioNA"
"34","PSDtoHUBSPOT","https://clutch.co/profile/psdtohubspot","http://www.psdtohubspot.com","hello@psdtohubspot.com"
"35","NuOz","https://clutch.co/profile/nuoz","http://nuoz.com/","Customercare@NuOz.comNA"
"36","The Policy Bridge LLC","https://clutch.co/profile/policy-bridge","http://www.thepolicybridge.com","lukas@thepolicybridge.com"
"37","FusionTek","https://clutch.co/profile/fusiontek","http://www.fusiontek.com/","info@fusiontek.comNA"
"38","Upward Technology","https://clutch.co/profile/upward-technology","http://www.moveitupward.com/","sales@moveITupward.com"
"39","Inspirage","https://clutch.co/profile/inspirage","http://www.inspirage.com/","info@inspirage.com"
"40","Appnovation Technologies","https://clutch.co/profile/appnovation-technologies","http://www.appnovation.com","contact@appnovation.com"
"41","Affecto","https://clutch.co/profile/affecto","http://www.affecto.lt/eng","info.lt@affecto.comNA"
"42","Rolta","https://clutch.co/profile/rolta","http://www.rolta.com/","indsales@rolta.comNA"
"43","Catapult Systems","https://clutch.co/profile/catapult-systems","http://www.catapultsystems.com/","info@catapultsystems.com"
"44","The Scarlett Group","https://clutch.co/profile/scarlett-group","http://www.scarlettculture.com","tburt@scarlettculture.com"
"45","ERP International","https://clutch.co/profile/erp-international","http://erpinternational.com","resumes@erpinternational.com"
"46","Zimmic","https://clutch.co/profile/zimmic","http://www.zimmic.com","hello@zimmic.comNA"
"47","eVerge Group","https://clutch.co/profile/everge-group","http://www.evergegroup.com/","information@evergegroup.com"
"48","Covestic","https://clutch.co/profile/covestic","http://www.covestic.com/","info@covestic.comNA"
"49","Soft Landing","https://clutch.co/profile/soft-landing","http://softlanding.ca/","sales@softlanding.ca"
"50","August Infotech","https://clutch.co/profile/august-infotech","http://www.augustinfotech.com","info@augustinfotech.com"
"51","OPUS Consulting Group","https://clutch.co/profile/opus-consulting-group","http://www.ocgl.net","sales@ocgl.net"
"52","DynTek","https://clutch.co/profile/dyntek","http://www.dyntek.com/","corporate@dyntek.com"
"53","CWPS","https://clutch.co/profile/cwps","https://www.cwps.com/","connect@cwps.com"
"54","IQ Technology Solutions","https://clutch.co/profile/iq-technology-solutions","https://www.iqisit.com/","info@iqisit.com"
"55","Skynats Technologies","https://clutch.co/profile/skynats-technologies","https://www.skynats.com/","info@skynats.comNA"
"56","Boxfusion Consulting","https://clutch.co/profile/boxfusion-consulting","http://www.boxfusionconsulting.com/","contact@boxfusionconsulting.com"
"57","Data Connect Technologies","https://clutch.co/profile/data-connect-technologies","http://d-connect.net/","sales@d-connect.net"
"58","ReadyNetworks","https://clutch.co/profile/readynetworks","http://www.readynetworks.com","connect@readynetworks.com"
"59","SmarTek21","https://clutch.co/profile/smartek21","http://www.smartek21.com/","info@smartek21.com"
"60","eGuard Technology Services","https://clutch.co/profile/eguard-technology-services","https://www.eguardtech.com/","info@eguardtech.com"
"61","Adastra Corporation","https://clutch.co/profile/adastra-corporation","http://adastracorp.com","hello@adastracorp.comNA"
"62","Pyranet UK Limited","https://clutch.co/profile/pyranet-uk","http://www.pyranet.co.uk/","sales@pyranet.co.ukNA"
"63","NaviSite","https://clutch.co/profile/navisite","http://www.navisite.com/","webinfo@navisite.com"
"64","HELPNET","https://clutch.co/profile/helpnet","http://www.help-net.net/","solutions@help-net.net"
"65","ePlus Inc.","https://clutch.co/profile/eplus","https://www.eplus.com","info@edgenetworks.usNA"
"66","Nasstar plc","https://clutch.co/profile/nasstar-plc","http://www.nasstar.com/","sales@nasstar.com"
"67","Littlefish IT","https://clutch.co/profile/littlefish-it","https://www.littlefish.co.uk/","info@littlefish.co.uk"
"68","Algorithm, Inc.","https://clutch.co/profile/algorithm","http://www.algorithminc.com","info@edgenetworks.usNA"
"69","Matrix Integration","https://clutch.co/profile/matrix-integration","https://www.matrixintegration.com/","info@edgenetworks.usNA"
"70","Loffler Companies","https://clutch.co/profile/loffler-companies","https://www.loffler.com/","info@edgenetworks.usNA"
"71","AGNI Systems Limited","https://clutch.co/profile/agni-systems","http://www.bangla.net/","info@agni.comNA"
"72","New Signature","https://clutch.co/profile/new-signature","https://www.newsignature.co.uk/","hello@newsignature.com"
"73","Navigator Management Partners","https://clutch.co/profile/navigator-management-partners","http://www.navmp.com/","services@navmp.com"
"74","TIG UK","https://clutch.co/profile/tig-uk","http://www.tig.co.uk/","info@tig.co.ukNA"
"75","Geminare","https://clutch.co/profile/geminare","https://www.geminare.com/","info@geminare.com"
"76","Secon Cyber Security","https://clutch.co/profile/secon-cyber-security","https://seconcyber.com/","hello@seconcyber.com"
"77","SPC International Group","https://clutch.co/profile/spc-international-group","https://www.spcint.com/","bmiller@spcint.com"
"78","TIVIT","https://clutch.co/profile/tivit","https://tivit.com/","talita.marcon@idealhks.comNA"
"79","Chelsea Technologies","https://clutch.co/profile/chelsea-technologies","http://www.chelsea-tech.com/","info@chelsea-tech.com"
"80","Radiant Communications Ltd.","https://clutch.co/profile/radiant-communications-0","http://www.radiantbd.com/","info@edgenetworks.usNA"
"81","Lima Networks","https://clutch.co/profile/lima-networks","https://www.lima.co.uk/","enquiries@lima.c'o.ukNA"
"82","JCH Media","https://clutch.co/profile/jch-media","http://www.jchmedia.com/","hello@jchmedia.com"
"83","Consulthink S.p.A.","https://clutch.co/profile/consulthink-spa","https://consulthink.it/en/","info@consulthink.it"
"84","MetroNet Bangladesh Limited","https://clutch.co/profile/metronet-bangladesh","http://www.metro.net.bd/","marketing@metro.net.bdNA"
"85","Columbia IT Solutions","https://clutch.co/profile/columbia-it-solutions","https://www.columbiaits.com/","info@columbiaits.comNA"
"86","Triware Technologies","https://clutch.co/profile/triware-technologies","http://triware.ca/","info@triware.ca"
"87","Wi-Manx","https://clutch.co/profile/wi-manx","https://www.wimanx.com/","sales@wimanx.com"
"88","HMB","https://clutch.co/profile/hmb","http://www.hmbnet.com/","Douglas.donovan@hmbnet.com"
"89","DelCor","https://clutch.co/profile/delcor","https://www.delcor.com/","info@delcor.com"
"90","Endeavour Solutions Inc","https://clutch.co/profile/endeavour-solutions","https://www.endeavoursolutions.ca/","sewing@endeavoursolutions.ca"
"91","Red Five IT","https://clutch.co/profile/red-five-it","http://redfiveit.com/","support@redfiveit.com"
"92","Ardenta Limited","https://clutch.co/profile/ardenta","https://www.ardenta.com/","info@ardenta.com"
"93","TulsaConnect","https://clutch.co/profile/tulsaconnect","http://www.tulsaconnect.com/","sales@tulsaconnect.com"
"94","Fitzrovia IT","https://clutch.co/profile/fitzrovia-it","https://www.fitzroviait.com/","info@edgenetworks.usNA"
"95","Entrust Network","https://clutch.co/profile/entrust-network","https://www.entrustnetwork.com/","info@entrustnetwork.comNA"
"96","Prototype:IT","https://clutch.co/profile/prototypeit","http://prototypeit.net/","sales@prototypeit.net"
"97","LMS Technical Services","https://clutch.co/profile/lms-technical-services","https://lmstech.com/","info@lmstech.com"
"98","Reboot Networks","https://clutch.co/profile/reboot-networks","http://rebootnetworks.com/","info@rebootnetworks.comNA"
"99","Apajove","https://clutch.co/profile/apajove","https://www.apajove.com/","enquiries@apajove.com"
"100","VistaVu Solutions","https://clutch.co/profile/vistavu-solutions","http://vistavusolutions.com/","vistavu@vistavusolutions.com"
"101","Caffeinated Computer Consulting","https://clutch.co/profile/caffeinated-computer-consulting","https://www.caffeinatedinc.net","info@caffeinatedinc.net"
"102","Superion Inc","https://clutch.co/profile/superion","http://www.superion.ca","sales@superion.caNA"
"103","Feathersoft","https://clutch.co/profile/feathersoft","http://feathersoft.com/","enquiry@feathersoft.com"
"104","ClevaGroup","https://clutch.co/profile/clevagroup","https://www.clevagroup.co.uk/","hello@clevagroup.co.ukNA"
"105","LOGICFORCE","https://clutch.co/profile/logicforce","https://www.logicforce.com/","contact@LOGICFORCE.COM"
"106","Ingress IT Solutions","https://clutch.co/profile/ingress-it-solutions","http://www.ingressit.com","support@ingressit.com"
"107","Calibre Connections LLP","https://clutch.co/profile/calibre-connections-llp","http://calibreconnections.co.uk/en/","info@calibreconnections.co.ukNA"
"108","NewVoiceMedia","https://clutch.co/profile/newvoicemedia","https://www.newvoicemedia.com/","info@newvoicemedia.comNA"
"109","Pulsant","https://clutch.co/profile/pulsant","https://www.pulsant.com/?referrer=onyx","sales@pulsant.com"
"110","Nortal","https://clutch.co/profile/nortal","https://nortal.com/","info@nortal.com"
"111","MetaOption LLC","https://clutch.co/profile/metaoption-0","http://www.metaoption.com/","info@metaoption.com"
"112","Accountnet Software","https://clutch.co/profile/accountnet-software","http://www.accountnet.com/","jpeace@accountnet.'com"
"113","Netology, LLC","https://clutch.co/profile/netology","https://www.netologyllc.com/","info@netologyllc.com"
"114","ipm","https://clutch.co/profile/ipm","http://www.ipm.com/","info@ipm.com"
"115","Managed Solution","https://clutch.co/profile/managed-solution","http://www.managedsolution.com/","sales@managedsolution.com"
"116","Allied Worldwide Limited","https://clutch.co/profile/allied-worldwide","http://www.alliedworldwide.com/index.php","marketing@alliedworldwide.com"
"117","EflyCloud","https://clutch.co/profile/eflycloud","http://en.eflycloud.com/index.php","zhaoj@efly.ccNA"
"118","Zerone Technologies","https://clutch.co/profile/zerone-technologies","https://www.zeronetechnologies.com/","info@zeronetechnologies.comNA"
"119","Level4 Technologies","https://clutch.co/profile/level4-technologies","http://level4.net/","sales@level4.netNA"
"120","Advoqt","https://clutch.co/profile/advoqt","http://advoqt.com","cwacademy@advoqt.com"
"121","Autentica","https://clutch.co/profile/autentica","https://www.autentica.lv/en/","info@autentica.lv"
"122","Appnometry Limited","https://clutch.co/profile/appnometry","http://www.appnometry.com/","info@appnometry.com"
"123","Marubeni Software and Technology (Thailand) Co.,Ltd.","https://clutch.co/profile/marubeni-software-technology-thailand-coltd","http://www.mstt.co.th/mstt/index.html","info@edgenetworks.usNA"
"124","Wildfeed Consultancy ","https://clutch.co/profile/wildfeed-consultancy","https://www.wildfeed.co.uk/","alex@wildfeed.co.ukNA"
"125","NTT DATA","https://clutch.co/profile/ntt-data","http://www.nttdata.com/jp/ja","info@edgenetworks.usNA"
"126","Torioux","https://clutch.co/profile/torioux","http://www.torioux.com/","info@torioux.com"
"127","eStruxture Data Centers","https://clutch.co/profile/estruxture-data-centers","http://www.estruxture.com/","info@estruxture.comNA"
"128","BigStep Technologies Pvt. Ltd.","https://clutch.co/profile/bigstep-technologies","http://www.bigsteptech.com","info@bigsteptech.com"
"129","Fastnet BD","https://clutch.co/profile/fastnet-bd","http://fastnetbd.com/","info@fastnetbd.com"
"130","Voyager Networks","https://clutch.co/profile/voyager-networks","http://www.voyager.net.uk/","contactus@voyager.net.ukNA"
"131","Sync-IT Bangladesh","https://clutch.co/profile/sync-it-bangladesh","http://www.syncitbd.com/","info@syncitbd.com"
"132","South Gate Tech","https://clutch.co/profile/south-gate-tech","https://southgate.tech","office@southgate.tech"
"133","Effective Computer Solutions (ECS)","https://clutch.co/profile/effective-computer-solutions-ecs","http://www.ecs-online.com/","info@ecs-online.comNA"
"134","Lancom Technology","https://clutch.co/profile/lancom-technology","https://www.lancom.co.nz/","info@lancom.co.nz"
"135","Relativity Limited","https://clutch.co/profile/relativity","https://www.relativity.co.uk/","info@relativity.co.uk"
"136","Muoro Infotech","https://clutch.co/profile/muoro-infotech","http://muoro.io","hello@muoro.ioNA"
"137","Netrix, LLC","https://clutch.co/profile/netrix","https://netrixllc.com/","info@netrixllc.comNA"
"138","Persistent Systems","https://clutch.co/profile/persistent-systems","https://www.persistent.com/company-overview/","info@persistent.comNA"
"139","Booz Allen Hamilton","https://clutch.co/profile/booz-allen-hamilton","https://www.boozallen.com","info@boozallen.com"
"140","eSentire","https://clutch.co/profile/esentire","https://www.esentire.com/","hello@esentire.com"
"141","TKIT Systems","https://clutch.co/profile/tkit-systems","http://www.tkitsystem.com/","enquiry@tkitsystem.com"
"142","Meridian Partners","https://clutch.co/profile/meridian-partners","http://www.meridianpartners.us/","info@meridianpartners.usNA"
"143","Shadow-Soft","https://clutch.co/profile/shadow-soft","https://shadow-soft.com/","contact@shadow-soft.comNA"
"144","Cumulus Global","https://clutch.co/profile/cumulus-global","http://www.cumulusglobal.com/","info@cumulusgl'obal.com"
"145","LIFARS, LLC","https://clutch.co/profile/lifars","https://lifars.com/","info@lifars.com"
"146","Red Pill Analytics","https://clutch.co/profile/red-pill-analytics","http://www.redpillanalytics.com","info@redpillanalytics.com"
"147","Bridgepoint Consulting","https://clutch.co/profile/bridgepoint-consulting","https://bridgepointconsulting.com/","vtrevino@bridgepointconsulting.com"
"148","MCA Connect","https://clutch.co/profile/mca-connect","http://www.mcaconnect.net/","info@mcaconnect.netNA"
"149","VADS Berhad","https://clutch.co/profile/vads-berhad","http://www.vads.com/","vads@vads.co.id"
"150","ALTECiSyS","https://clutch.co/profile/altecisys","http://www.altecisys.ae","info@altecisys.ae'"
"151","Pylades ","https://clutch.co/profile/pylades","http://www.pylades.com/","info@pylades.comNA"
"152","Intellego","https://clutch.co/profile/intellego","http://www.intellego.com.mx/","marketing@intellego.com.mx"
"153","Palazon Technology Pte Ltd","https://clutch.co/profile/palazon-technology-pte","https://www.palazon.com/","support@palazon.comNA"
"154","Ridge Global","https://clutch.co/profile/ridge-global","https://www.ridgeglobal.com/","steve@SRAcommunications.com"
"155","Tasklet Factory","https://clutch.co/profile/tasklet-factory","http://www.taskletfactory.com/","sales@taskletfactory.com"
"156","Zeke","https://clutch.co/profile/zeke","https://www.zeke.cl","info@edgenetworks.usNA"
"157","Teksun Inc","https://clutch.co/profile/teksun","http://www.teksun.us","info@teksun.us"
"158","Prodigy Technology Solutions","https://clutch.co/profile/prodigy-technology-solutions","http://www.prodigytechnology.net","sales@prodigytechnology.netNA"
"159","SaaSnic Technologies ","https://clutch.co/profile/saasnic-technologies","http://www.saasnic.com","info@saasnic.com"
"160","Azeus Systems Ltd","https://clutch.co/profile/azeus-systems","https://www.azeus.com","info@azeus.comNA"
"161","TechnoPeak","https://clutch.co/profile/technopeak","https://it-support.ae/","it@technopeak.ae"
"162","White Box Analytics Pty Limited","https://clutch.co/profile/white-box-analytics-pty","http://www.whiteboxanalytics.com.au","louis@whiteboxanalytics.com.au"
"163","eScope Solutions Inc","https://clutch.co/profile/escope-solutions","http://www.escope.net","info@escope.net"
"164","Azolution Software & Engineers Limited","https://clutch.co/profile/azolution-software-engineers","http://www.azolutionse.com/","sales@azolutionse.com"
"165","Stone Age","https://clutch.co/profile/stone-age","http://www.stoneage.com.br/","falecom@stoneage.com.brNA"
"166","Connect Consulting Services","https://clutch.co/profile/connect-consulting-services","https://connectconsulting.biz/","connect@connectconsulting.biz"
"167","Sharp Brains Limited","https://clutch.co/profile/sharp-brains","http://www.sharpbrains.co.uk","director@sharpbrains.co.uk"
"168","Front Four Group","https://clutch.co/profile/front-four-group","http://www.frontfourgroup.com/","contact@frontfourgroup.comNA"
"169","The Highlands Consulting Group LLC","https://clutch.co/profile/highlands-consulting-group","https://highlandsconsulting.com/","information@highlandsconsulting.comNA"
"170","Razor Ltd","https://clutch.co/profile/razor","https://www.razor.co.uk/","us@razor.co.ukNA"
"171","Platform Solutions","https://clutch.co/profile/platform-solutions","http://www.platform.jo/","info@platform.jo"
"172","Cloudity","https://clutch.co/profile/cloudity","http://www.cloudity.co.uk","contact@cloudity.co.ukNA"
"173","Partner Economy, LLC","https://clutch.co/profile/partner-economy","http://www.partnereconomy.com","scott@partnereconomy.comNA"
"174","Assure IT","https://clutch.co/profile/assure-it","https://www.assure-it.com.sg/","enquiry@assure-it.com.sgNA"
"175","DORALYA","https://clutch.co/profile/doralya","https://www.doralya.com/fr/","admin@doralya.com"
"176","NATCOM Accuracy Solutions","https://clutch.co/profile/natcom-accuracy-solutions","http://www.natcomjo.com","info@natcomjo.com"
"177","LightCastle Partners Ltd","https://clutch.co/profile/lightcastle-partners","https://www.lightcastlebd.com/","info@lightcastlebd.com"
"178","WoodWing","https://clutch.co/profile/woodwing","https://www.woodwing.com/en","sales@woodwing.comNA"
"179","InnoVites","https://clutch.co/profile/innovites","http://www.innovites.com/","info@innovites.com"
"180","Proges Plus","https://clutch.co/profile/proges-plus","https://www.proges.com/en/proges-corporate/proges-plus-en/proges-plus-software-editor.html","proges@proges.comNA"
"181","TAB Computer Systems, Inc.","https://clutch.co/profile/tab-computer-systems","https://www.tabinc.com/","esemmel@tabinc.comNA"
"182","Bitstrapped","https://clutch.co/profile/bitstrapped","https://bitstrapped.com","wes@bitstrapped.comNA"
"183","Infinite IT","https://clutch.co/profile/infinite-it","https://www.8it.ca/","info@8it.caNA"
"184","Ingetec Uruguay","https://clutch.co/profile/ingetec-uruguay","http://www.ingetec.com.uy/","ventas@ingetec.com.uy'"
"185","Techsol Technologies Bangladesh Limited","https://clutch.co/profile/techsol-technologies-bangladesh","http://www.techsolbd.net/","systemsbd@totsol.infoNA"
"186","Akira Consultancy","https://clutch.co/profile/akira-consultancy","http://www.akiraconsultancy.com","contactus@akira.co.in"
"187","Binary Informatics","https://clutch.co/profile/binary-informatics","http://binaryinformatics.com/","raviv@binaryinformatics.com"
"188","Sourcenets","https://clutch.co/profile/sourcenets","http://sourcenets.com/","support@sourcenets.comNA"
"189","dtmweb","https://clutch.co/profile/dtmweb","https://www.dtmweb.com/","info@dtmweb.com"
"190","Soluciones Uno","https://clutch.co/profile/soluciones-uno","http://www.solucionesuno.com/","comercial@solucionesuno.com"
"191","Cotek Systems, Inc.","https://clutch.co/profile/cotek-systems","http://www.cotekinc.com","sales@cotekinc.com"
"192","The Provato Group","https://clutch.co/profile/provato-group","http://www.theprovatogroup.com","info@theprovatogroup.com"
"193","MCPK","https://clutch.co/profile/mcpk","https://mcpk.tech","contact@mcpk.tech"
"194","IT-Babylon Team","https://clutch.co/profile/it-babylon-team","http://www.itbt.online","info@itbt.online"
"195","North Highland","https://clutch.co/profile/north-highland","http://www.northhighland.com/","info@northhighland.com"
"196","Maxwell Bond","https://clutch.co/profile/maxwell-bond","https://www.maxwellbond.co.uk","info@maxwellbond.co.uk"
"197","Netmatters","https://clutch.co/profile/netmatters","https://www.netmatters.co.uk/","support@netmatters.comNA"
"198","Edge Process Consulting","https://clutch.co/profile/edge-process-consulting","http://www.edgeprocess.com","info@edgenetworks.usNA"
"199","iHorizons","https://clutch.co/profile/ihorizons","http://www.ihorizons.com/","info@ihorizons.comNA"
"200","Net Group","https://clutch.co/profile/net-group","http://netgroup.ee/","info@netgroup.eeNA"
"201","DADI","https://clutch.co/profile/dadi","https://dadi.cloud/en/","hello@dadi.cloud"
"202","SPRYLAB Technologies GmbH","https://clutch.co/profile/sprylab-technologies-gmbh","https://sprylab.com/en/home.html","hello@sprylab.comNA"
"203","Imagine-IT Networks","https://clutch.co/profile/imagine-it-networks","http://www.imagine-it.be/layout1.php?start=ok","info@imagine-it.be"
"204","Agora.io","https://clutch.co/profile/agoraio","http://www.agora.io/","xujuan@agora.io"
"205","Good Rebels","https://clutch.co/profile/good-rebels","https://www.goodrebels.com/es","info@goodrebels.com"
"206","CALIBRE","https://clutch.co/profile/calibre-0","https://www.calibresys.com/","calibre@calibresys.comNA"
"207","Xavor Corporation","https://clutch.co/profile/xavor-corporation","http://www.xavor.com/","info@xavor.comNA"
"208","Terato Tech Sdn Bhd","https://clutch.co/profile/terato-tech-sdn-bhd","https://www.teratotech.com/","support@teratotech.com"
"209","Auxesis Group","https://clutch.co/profile/auxesis-group","https://auxesisgroup.com/","hello@auxesisgroup.com"
"210","Tsymmetry","https://clutch.co/profile/tsymmetry","http://www.tsymmetry.com/","inquiries@tsymmetry.com"
"211","CybeRisk Security Solutions","https://clutch.co/profile/cyberisk-security-solutions","https://www.cyberisk.biz/","enquire@cyberisk.biz"
"212","AppAsia Berhad","https://clutch.co/profile/appasia-berhad","https://www.appasia.com/","info@appasia.com"
"213","Aspire SoftServ","https://clutch.co/profile/aspire-softserv","http://www.aspiresoftware.in","sales@aspiresoftware.in"
"214","DEEPHi","https://clutch.co/profile/deephi","http://www.deephi.com/","partner@deephi.techNA"
"215","Logistic Infotech","https://clutch.co/profile/logistic-infotech","https://www.logisticinfotech.com","info@logisticinfotech.com"
"216","Allsoft","https://clutch.co/profile/allsoft","http://www.allsoft.mx","contacto@allsoft.mx"
"217","RedSand","https://clutch.co/profile/redsand","https://redsand.vn/","info@redsand.vn"
"218","WAC Solution Partners","https://clutch.co/profile/wac-solution-partners","http://www.wacsolutionpartners.com/","kari-ann.ryan@wacptrs.com"
"219","Home Team Consulting","https://clutch.co/profile/home-team-consulting","http://www.hometeamenterprises.com","terry@hometeamenterprises.comNA"
"220","UTECH","https://clutch.co/profile/utech","http://utechcorp.com","sales@utechcorp.comNA"
"221","Mitosis Technologies","https://clutch.co/profile/mitosis-technologies","https://www.mitosistech.com/","hello@mitosistech.comNA"
"222","Asimov Consultores","https://clutch.co/profile/asimov-consultores","https://asimov.cl/","contacto@asimov.cl"
"223","JMR","https://clutch.co/profile/jmr","http://www.jmr.co.za/","info@jmr.co.za"
"224","ActiveWizards","https://clutch.co/profile/activewizards","https://activewizards.com/","hello@activewizards.com"
"225","Profile Software Services","https://clutch.co/profile/profile-software-services","https://profile.es/","marketing@profile.esNA"
"226","Spatial DNA Informatics Inc.","https://clutch.co/profile/spatial-dna-informatics","http://spatialdna.com","info@spatialdna.comNA"
"227","Aiticon","https://clutch.co/profile/aiticon","http://www.aiticon.com","info@aiticon.de"
"228","Montner Tech PR","https://clutch.co/profile/montner-tech-pr","https://www.montner.com/","info@edgenetworks.usNA"
"229","Softree Consulting Pvt. Ltd","https://clutch.co/profile/softree-consulting","http://www.softreeconsulting.com/","sales@softreeconsulting.comNA"
"230","NotionSoft","https://clutch.co/profile/notionsoft","http://notionsoft.io/","support@notionsoft.comNA"
"231","MR H IT","https://clutch.co/profile/mr-h-it","http://mrhit.co.uk/","enquiries@mrhit.co.uk"
"232","Change Champions Consulting","https://clutch.co/profile/change-champions-consulting","http://changechampionsconsulting.com","info@changechampionsconsulting.com"
"233","Baware","https://clutch.co/profile/baware","http://www.baware.com.mx/es/","info@baware.com.mxNA"
"234","cloudmantra","https://clutch.co/profile/cloudmantra","http://www.cloudmantra.net","info@cloudmantra.net"
"235","Vermont Systems ","https://clutch.co/profile/vermont-systems","http://www.vermont.co.uk/","info@edgenetworks.usNA"
"236","Sinntec","https://clutch.co/profile/sinntec","https://sinntec.com.mx/","contacto@sinntec.com.mx"
"237","Software Enterprise Services","https://clutch.co/profile/software-enterprise-services","http://www.sesperu.com/","ses.marketing@sesnetperu.comNA"
"238","Akamai Systems Consulting Inc","https://clutch.co/profile/akamai-systems-consulting","https://akamai-systems.com/","info@akamai-systems.com"
"239","Palma Consulting","https://clutch.co/profile/palma-consulting","http://palma-consulting.com/website/","palma@palma-consulting.com"
"240","Silença Tech","https://clutch.co/profile/silen%C3%A7a-tech","http://silencatech.com/","info@silencatech.com"
"241","Farm IT Out","https://clutch.co/profile/farm-it-out","http://farmitout.co.uk/","enquiries@farmitout.co.uk"
"242","eagerWorks","https://clutch.co/profile/eagerworks","https://eagerworks.com/","hello@eagerworks.comNA"
"243","Cyber Security Philippines-Cert®","https://clutch.co/profile/cyber-security-philippines-cert%C2%AE","https://www.cspcert.ph/","contact_us@cspcert.ph"
"244","Kognifi Sdn Bhd","https://clutch.co/profile/kognifi-sdn-bhd","https://www.kognifi.my/","enquiry@kognifi.my"
"245","Heinsohn Business Technology","https://clutch.co/profile/heinsohn-business-technology","http://www.heinsohncorp.com","heinsohn@heinsohn.com.coNA"
"246","Giroux","https://clutch.co/profile/giroux","https://giroux.co.uk/","info@giroux.co.uk"
"247","Agave labs","https://clutch.co/profile/agave-labs","http://www.agavelab.com/","info@agavelab.com"
"248","Zerone Consulting","https://clutch.co/profile/zerone-consulting","http://www.zerone-consulting.com","jeyash@zerone-consulting.com"
"249","Mild Fuzz","https://clutch.co/profile/mild-fuzz","http://mildfuzz.com/","info@edgenetworks.usNA"
"250","Compliance Control","https://clutch.co/profile/compliance-control","https://compliance-control.ua/eng","vz@compliance-control.com.ua"
"251","Market Resonance","https://clutch.co/profile/market-resonance","http://www.marketresonance.co.in/","kmotwani@marketresonance.co.in"
"252","73Lines","https://clutch.co/profile/73lines","https://www.73lines.com/","enquiry@73lines.com"
"253","Choice Techlab","https://clutch.co/profile/choice-techlab","https://choicetechlab.com/professional-seo-services.html","contact@choicetechlab.com"
"254","Musato Technologies","https://clutch.co/profile/musato-technologies","https://musatotech.co.za/","info@musatotech.co.za"
"255","TunisDesign","https://clutch.co/profile/tunisdesign","http://www.tunisdesign.com/","info@tunisdesign.com"
"256","Altabos","https://clutch.co/profile/altabos","http://altabos.com","info@altabos.com"
"257","adrodev","https://clutch.co/profile/adrodev","http://www.adrodev.de/","info@adrodev.de"
"258","Cámara de Tecnologías de Información y Comunicación (CAMTIC)","https://clutch.co/profile/c%C3%A1mara-de-tecnolog%C3%ADas-de-informaci%C3%B3n-y-comunicaci%C3%B3n-camtic","https://www.camtic.org/","info@camtic.org"
"259","Business Technology Consulting","https://clutch.co/profile/business-technology-consulting","http://btc.pe.ca/","contact@btc.pe.ca"
"260","Fusion Infotech Ltd.","https://clutch.co/profile/fusion-infotech","https://www.fusioninfotechltd.com","info@fusioninfotechltd.com"
"261","IO Datasphere, Inc.","https://clutch.co/profile/io-datasphere","http://iodatasphere.com/","info@iodatasphere.comNA"
"262","Switchstance","https://clutch.co/profile/switchstance","http://switchstanceit.com","hello@switchstanceit.com"
"263","Net Bangla Limited","https://clutch.co/profile/net-bangla","http://netbanglaltd.com/","mamun@netbanglaltd.com.bd'"
"264","Cloud502","https://clutch.co/profile/cloud502","https://cloud502.com","server@cloud502.com"
"265","Ligne Infotech","https://clutch.co/profile/ligne-infotech","https://www.ligneinfotech.com/","info@ligneinfotech.comNA"
"266","Ingenuity Technologies Limited ","https://clutch.co/profile/ingenuity-technologies","http://www.ingenuitytech.co/","sales@ingenuitytech.co"
"267","Air Byte","https://clutch.co/profile/air-byte","https://airbyte.uk/","info@airbyte.uk"
"268","Liquid Sky Pty Ltd","https://clutch.co/profile/liquid-sky-pty","http://www.chiefdreamer.com/","info@liquidsky.netNA"
"269","TCIT","https://clutch.co/profile/tcit","http://www.tcit.cl/","contact@tcit.cl"
"270","Sunny Soft","https://clutch.co/profile/sunny-soft","http://www.sunnysw.com/","hostmaster@sunnysw.com"
"271","Swappsi Software","https://clutch.co/profile/swappsi-software","http://www.swappsi.com/","info@swappsi.comNA"
"272","FCB Global","https://clutch.co/profile/fcb-global","https://www.fcb.com/","info@edgenetworks.usNA"
"273","Frontline Source Group","https://clutch.co/profile/frontline-source-group","https://www.frontlinesourcegroup.com/","corporate@frtline.com"
"274","VRAI","https://clutch.co/profile/vrai","http://vrai.ie/","hello@vrai.ie"
"275","Ultrahaus","https://clutch.co/profile/ultrahaus","https://www.ultrahaus.ca/","info@ultrahaus.comNA"
"276","DM9DDB","https://clutch.co/profile/dm9ddb","http://www.dm9ddb.com.br/","imprensa@dm9ddb.com.brNA"
"277","Emco Software","https://clutch.co/profile/emco-software","https://emcosoftware.com/","sales@emcosoftware.com"
"278","Agroj Tech Ltd.","https://clutch.co/profile/agroj-tech","http://www.agrojtech.com/","info@agrojtech.com"
"279","App & Web","https://clutch.co/profile/app-web","https://www.appandweb.es/","contacto@appandweb.es"
"280","SFP","https://clutch.co/profile/sfp","https://sfp.net/","hello@sfp.net"
"281","Mechdyne Corporation","https://clutch.co/profile/mechdyne-corporation","https://www.mechdyne.com/","info@mechdyne.com"
"282","Webchain","https://clutch.co/profile/webchain","http://webchain.ro","office@webchain.roNA"
"283","NetCom Learning","https://clutch.co/profile/netcom-learning","http://www.netcomlearning.com/","info@netcomlearning.com"
"284","Grupo Benner","https://clutch.co/profile/grupo-benner","https://www.benner.com.br/","comercial@benner.com.br"
"285","UXLAB","https://clutch.co/profile/uxlab","http://uxlab.com.mx/","hola@uxlab.com.mx"
"286","Synergy Business Solutions","https://clutch.co/profile/synergy-business-solutions","http://synergybusiness.com","info@synergybusiness.com"
"287","Infinity SDC","https://clutch.co/profile/infinity-sdc","http://infinitysdc.net/","info@edgenetworks.usNA"
"288","BySide","https://clutch.co/profile/byside","http://www.byside.com/index.html","pt@byside.com"
"289","Webwise Consulting Group ","https://clutch.co/profile/webwise-consulting-group","http://www.webwise-consulting.com","info@webwise-consulting.com"
"290","Netwise Hosting","https://clutch.co/profile/netwise-hosting","https://www.netwisehosting.co.uk/","info@netwisehosting.co.uk"
"291","Gaia Technologies","https://clutch.co/profile/gaia-technologies","https://www.gaia-tech.com/","info@gaia-tech.com"
"292","Strata3","https://clutch.co/profile/strata3","https://www.strata3.com/","sales@strata3.com"
"293","SEO experts, llc.","https://clutch.co/profile/seo-experts-1","https://seo-experts.com","lunin@seo-experts.com"
"294","Inspired Thinking Group","https://clutch.co/profile/inspired-thinking-group","http://www.inspiredthinkinggroup.com/","sales@inspiredthinkinggroup.comNA"
"295","Amerisol","https://clutch.co/profile/amerisol","http://www.amerisol.com/","sales@amerisol.comNA"
"296","Pivot Networks","https://clutch.co/profile/pivot-networks","http://pivotnetworks.com/","marketing@pivotnetworks.comNA"
"297","deepAfrica Limited","https://clutch.co/profile/deepafrica","https://www.deepafrica.com/","support@deepafrica.com"
"298","Wipfli LLP | Brittenford Systems","https://clutch.co/profile/wipfli-llp-brittenford-systems","http://www.brittenford.com/","info@brittenford.comNA"
"299","RMM","https://clutch.co/profile/rmm","http://www.rmmlondon.com/","hello@rmmlondon.comNA"
"300","Data Bear","https://clutch.co/profile/data-bear","https://databear.com/","info@databear.com"
"301","Biago Media","https://clutch.co/profile/biago-media","https://www.biagomedia.com/","sales@biagomedia.comNA"
"302","Mind's Eye Presentations, Inc","https://clutch.co/profile/minds-eye-presentations","http://www.mindseyeweb.com/","info@edgenetworks.usNA"
"303","ACI Group","https://clutch.co/profile/aci-group","http://www.aci.com/","info@aci.com"
"304","Rakata Technology","https://clutch.co/profile/rakata-technology","http://www.rakata.co.uk/","info@rakata.co.ukNA"
"305","Buzz Design","https://clutch.co/profile/buzz-design","http://buzz.com.pt/","info@buzz.com.pt"
"306","Web Designs by LAO","https://clutch.co/profile/web-designs-lao","https://www.webdesignsbylao.com/","info@webdesignsbylao.comNA"
"307","Zizo","https://clutch.co/profile/zizo","http://www.zizo.co.uk/","sales@zizo.co.uk"
"308","Fintricity","https://clutch.co/profile/fintricity","http://www.fintricity.com/","getintouch@fintricity.com"
"309","Atchai Digital","https://clutch.co/profile/atchai-digital","https://atchai.com/","enquiries@atchai.com"
"310","Encardia Staffing Solutions","https://clutch.co/profile/encardia-staffing-solutions","https://www.encadria.com/","info@edgenetworks.usNA"
"311","Arete Software, Inc. - Indiana","https://clutch.co/profile/arete-software-indiana","http://www.aretesoftware.net/","hello@aretesw.comNA"
"312","DEVTAC","https://clutch.co/profile/devtac","https://www.devtac.asia/","info@devtac.asia"
"313","MSR Communications","https://clutch.co/profile/msr-communications","https://www.msrcommunications.com/","info@msrcommunications.com"
"314","Cursor","https://clutch.co/profile/cursor","http://www.cursor.cl/","contacto@cursor.cl"
"315","Allcorrect Group","https://clutch.co/profile/allcorrect-group","http://www.allcorrect.com","order@allcorrect.com"
"316","Dynamiq Management Limited","https://clutch.co/profile/dynamiq-management","http://www.dynamiqmanagement.co.uk/","hello@dynamiq.co"
"317","RISE - AGENCIA ECOMMERCE","https://clutch.co/profile/rise-agencia-ecommerce","https://www.rise.agency/","mfg@rise.agencyNA"
"318","Popcorn Email Marketing","https://clutch.co/profile/popcorn-email-marketing","https://www.popcorn.email","hello@popcornmail.co.ukNA"
"319","NCR Edinburgh","https://clutch.co/profile/ncr-edinburgh","https://ncredinburgh.com/","info@edgenetworks.usNA"
"320","Sponsel CPA Group, LLC","https://clutch.co/profile/sponsel-cpa-group","http://www.sponselcpagroup.com/","tsponsel@sponselcpagroup.com"
"321","Cinchapi","https://clutch.co/profile/cinchapi","https://cinchapi.com/","info@edgenetworks.usNA"
"322","Apps N Stuff","https://clutch.co/profile/apps-n-stuff","http://www.appsnstuff.com/","info@edgenetworks.usNA"
"323","Think Virtual Reality","https://clutch.co/profile/think-virtual-reality","http://www.thinkvirtualreality.com.au","benjamin@thinkvr.com.au"
"324","Metametrics","https://clutch.co/profile/metametrics","http://metametrics.co.uk","info@edgenetworks.usNA"
"325","Right People","https://clutch.co/profile/right-people","http://rightpeople.uk.net/","info@rightpeople.uk.net"
"326","Quality Soft Argentina S.A.","https://clutch.co/profile/quality-soft-argentina-sa","https://www.qualitysoftargentina.com/","info@qualitysoftargentina.com"
"327","Keepler","https://clutch.co/profile/keepler","https://keepler.io/","hello@keepler.ioNA"
"328","IDeepeners Private Limited","https://clutch.co/profile/ideepeners-private","http://www.ideepeners.com","sales@ideepeners.comNA"
"329","Metafused","https://clutch.co/profile/metafused","https://www.metafused.com/","mk@metafused.com"
"330","Sofex Software Expertise Ltda","https://clutch.co/profile/sofex-software-expertise-ltda","https://www.sofex.com.br/landing.xhtml#sobre","contato@sofex.com.br"
"331","Pragnakalp Techlabs","https://clutch.co/profile/pragnakalp-techlabs","https://www.pragnakalp.com","letstalk@pragnakalp.com"
"332","Richlode Solutions","https://clutch.co/profile/richlode-solutions","http://www.richlodesolutions.com","sales@richlodesolutions.comNA"
"333","Indigo Group","https://clutch.co/profile/indigo-group","http://www.technologyforbusiness.co.uk/","info@technologyforbusiness.co.uk"
"334","Strategic Employment Partners","https://clutch.co/profile/strategic-employment-partners","http://www.strategicemployment.com","jobs-la@strategicemployment.com"
"335","Videre Analytics Ltd","https://clutch.co/profile/videre-analytics","http://videreanalytics.ca/contact/","contact@videreanalytics.ca"
"336","STARSOFT Perú","https://clutch.co/profile/starsoft-per%C3%BA","http://www.starsoft.com.pe/","ventas@starsoft.com.peNA"
"337","Prairie Star Technology","https://clutch.co/profile/prairie-star-technology","https://prairiestartechnology.com/","jason@prairiestartechnology.com"
"338","Jimlatech ICT Solutions","https://clutch.co/profile/jimlatech-ict-solutions","http://jimlatechictsolutions.co.ke","info@jimlatechictsolutions.co.keNA"
"339","Professional Management Consulting Services (PMCS)","https://clutch.co/profile/professional-management-consulting-services-pmcs","https://pmcsllc.com/","contactus@pmcsllc.com"
"340","Rumba Solutions","https://clutch.co/profile/rumba-solutions","http://www.rumbasolutions.com/","sales@rumbasolutions.com"
"341","Kenya IT and Outsourcing Services - KITOS","https://clutch.co/profile/kenya-it-outsourcing-services-kitos","http://kitos.or.ke","info@kitos.or.keNA"
"342","Tafaseel Group","https://clutch.co/profile/tafaseel-group","http://www.tafaseel.ae/","info@tafaseel.aeNA"
"343","BizRadix","https://clutch.co/profile/bizradix","http://www.bizradix.com/","info@tritiyo.com"
"344","Ammunition","https://clutch.co/profile/ammunition-0","http://ammunition.agency/","letstalk@ammunition.agencyNA"
"345","LESANE","https://clutch.co/profile/lesane","https://www.lesane.co.ke","info@lesane.co.ke"
"346","the cubicle","https://clutch.co/profile/cubicle","http://thecubicle.com.bd/","info@thecubicle.com.bd"
"347","Iterio Data","https://clutch.co/profile/iterio-data","https://iteriodata.com","hello@iteriodata.comNA"
"348","BrandGrow","https://clutch.co/profile/brandgrow","https://brandgrow.solutions","katherine@brandgrow.solutions"
"349","Core Business","https://clutch.co/profile/core-business","http://corebconsulting.com","contact@corebconsulting.comNA"
"350","SOATI ","https://clutch.co/profile/soati","https://clutch.co/www.soati.mx/%E2%80%8E","'contacto@soati.mxNA"
"351","Saturno Design","https://clutch.co/profile/saturno-design","http://saturnodesign.com/index.aspx#!home","info@saturnodesign.com"
"352","Ideal Web Designer","https://clutch.co/profile/ideal-web-designer","https://www.idealwebdesigner.com","idealwebdesigner@gmail.com"
"353","Live IT Support","https://clutch.co/profile/live-it-support","http://www.liveitsupport.co.uk/","kevin@liveitsupport.co.uk"
"354","Ar2tec","https://clutch.co/profile/ar2tec","http://www.ar2tec.com/","hello@ar2tec.com"
"355","Bongo Live","https://clutch.co/profile/bongo-live","https://www.bongolive.co.tz/","contact@bongolive.co.tz"
"356","Custex","https://clutch.co/profile/custex","http://custex.net","connect@custex.net"
