"","name","url","website","clutch_email"
"1","Sloboda Studio","https://clutch.co/profile/sloboda-studio","http://sloboda-studio.com/?utm_source=clutch&utm_medium=referral&utm_campaign=it-services","alex@sloboda-studio.com"
"2","TechNoir Solutions","https://clutch.co/profile/technoir-solutions","http://www.technoirsolutions.com","sales@technoirsolutions.com"
"3","Framework Communications","https://clutch.co/profile/framework-communications","http://www.frameworkcommunications.com","sales@frameworkcommunications.com"
"4","QBurst","https://clutch.co/profile/qburst","http://www.qburst.com/","info@qburst.com"
"5","US Cloud","https://clutch.co/profile/us-cloud","https://www.uscloud.com/","sales@uscloud.com"
"6","IBEE Hosting","https://clutch.co/profile/ibee-hosting","https://www.ibeehosting.com","sales@ibeehosting.com"
"7","Vertiba","https://clutch.co/profile/vertiba","http://www.vertiba.com","info@vertiba.com"
"8","Traction Consulting Group - TractionCRM.com","https://clutch.co/profile/traction-consulting-group-tractioncrmcom","http://www.tractioncrm.com","joew@tractioncrm.com"
"9","Grata Software","https://clutch.co/profile/grata-software","http://www.gratasoftware.com","sales@gratasoftware.comNA"
"10","SmartCat","https://clutch.co/profile/smartcat","https://www.smartcat.io/","sales@smartcat.io"
"11","The Sailor Group","https://clutch.co/profile/sailor-group","http://www.TheSailorGroup.com","sales@thesailorgroup.com"
"12","Pegasus One","https://clutch.co/profile/pegasus-one","https://www.pegasusone.com","tushar.puri@pegasusone.comNA"
"13","C5 Insight","https://clutch.co/profile/c5-insight","http://www.c5insight.com/","support@c5insight.comNA"
"14","Andromeda Technology Solutions","https://clutch.co/profile/andromeda-technology-solutions","https://WeNetwork.com?trk=clutch","MarketForm@WeNetwork.com"
"15","Clairvoyant","https://clutch.co/profile/clairvoyant","http://www.clairvoyantsoft.com/","josh.vedam@clairvoyantsoft.com"
"16","Evgsoft","https://clutch.co/profile/evgsoft","https://evg-soft.com/","info@evg-soft.com"
"17","OpenConcept Consulting Inc.","https://clutch.co/profile/openconcept-consulting","https://openconcept.ca","sales@openconcept.ca"
"18","RGB Projects","https://clutch.co/profile/rgb-projects","http://www.rgbprojects.com","sales@rgbprojects.com"
"19","Starcode","https://clutch.co/profile/starcode","http://en.starcode.ru/","eremin@starcode.ru"
"20","Smart Design","https://clutch.co/profile/smart-design-1","http://www.smddev.com/","info@smddev.com"
"21","Varstadt","https://clutch.co/profile/varstadt","http://www.varstadt.com","contact@varstadt.comNA"
"22","Scio Consulting International","https://clutch.co/profile/scio-consulting-international","https://sciodev.com/?utm_source=clutch&utm_medium=referral","marketing@sciodev.comNA"
"23","Prospus","https://clutch.co/profile/prospus","http://www.prospus.com","solutions@prospus.com"
"24","Ziggle Tech","https://clutch.co/profile/ziggle-tech","http://www.ziggletech.com/?utm_source=clutch&utm_medium=referral","sales@ziggletech.com"
"25","Skipfour LLC","https://clutch.co/profile/skipfour","https://www.skipfour.com","hello@skipfour.comNA"
"26","Ergonized","https://clutch.co/profile/ergonized","https://www.ergonized.com","info@ergonized.comNA"
"27","EQ-ON","https://clutch.co/profile/eq","https://www.eq-on.com.au","sales@eq-on.com.auNA"
"28","Priocept","https://clutch.co/profile/priocept","http://priocept.com","info@priocept.com"
"29","InsightWhale","https://clutch.co/profile/insightwhale","https://insightwhale.com/","team@insightwhale.com"
"30","Pragmatic DLT","https://clutch.co/profile/pragmatic-dlt","https://pragmaticdlt.com/","hello@pragmaticdlt.comNA"
"31","TrillionBits Ltd.","https://clutch.co/profile/trillionbits","http://www.trillionbits.com","info@trillionbits.com"
"32","APPNWEB ","https://clutch.co/profile/appnweb","https://www.appnwebtechnologies.com/","q.rakesh@gmail.com"
"33","Liquid Technologies","https://clutch.co/profile/liquid-technologies","http://www.liqteq.com/","info@liqteq.com"
"34","ElkanIO Research Labs","https://clutch.co/profile/elkanio-research-labs","https://www.elkanio.com/","hello@elkanio.com"
"35","Formulytic","https://clutch.co/profile/formulytic","http://www.formulytic.com","info@formulytic.com"
"36","ICON Business Consulting, LLC","https://clutch.co/profile/icon-business-consulting","http://www.iconsa.net/en/index.html","tgarcia@iconbc.net"
"37","Universalabs","https://clutch.co/profile/universalabs","https://universalabs.com","hello@universalabs.com"
"38","Truewater","https://clutch.co/profile/truewater","http://www.truewater.com/","info@truewater.com"
"39","Spire Technologies","https://clutch.co/profile/spire-technologies","https://www.spiretech.com/","sales@spiretech.com"
"40","Mindtree","https://clutch.co/profile/mindtree","http://www.mindtree.com/","info@mindtree.comNA"
"41","Nordisk Systems, Inc.","https://clutch.co/profile/nordisk-systems","http://www.nordisksystems.com/","sales@nordisksystems.com"
"42","White Stratus","https://clutch.co/profile/white-stratus","http://www.whitestratus.com/","sales@whitestratus.com"
"43","ASG TECHNOLOGIES","https://clutch.co/profile/asg-technologies","http://asg.com","marketing@asg.com"
"44","Swayam Group","https://clutch.co/profile/swayam-group","http://www.swayamgroup.com/","sales@swayamgroup.comNA"
"45","Grupo Scanda","https://clutch.co/profile/grupo-scanda","https://www.scanda.com.mx/","contacto@scanda.com.mx"
"46","Aderant","https://clutch.co/profile/aderant","http://www.aderant.com/","info@aderant.comNA"
"47","Solugenix","https://clutch.co/profile/solugenix","http://www.solugenix.com/","info@solugenix.com"
"48","Dedalus","https://clutch.co/profile/dedalus","http://www.dedalus.com.br","dedalus@dedalusprime.com.br"
"49","InKnowTech","https://clutch.co/profile/inknowtech","https://inknowtech.com/","info@inknowtech.com"
"50","CynergisTek","https://clutch.co/profile/cynergistek","https://cynergistek.com/","info@cynergistek.com"
"51","Savis Vietnam Corporation","https://clutch.co/profile/savis-vietnam-corporation","https://savis.vn/","info@savis.com.vnNA"
"52","Thrive IT","https://clutch.co/profile/thrive-it","https://www.thrivenetworks.com/","info@thrivenetworks.com"
"53","Tetra Information Service","https://clutch.co/profile/tetra-information-service","http://www.tetrain.com","tetrainindia@gmail.com"
"54","Communication Square LLC","https://clutch.co/profile/communication-square","http://www.communicationsquare.com","sales@communicationsquare.com"
"55","Blue Horseshoe Solutions","https://clutch.co/profile/blue-horseshoe-solutions","http://www.bhsolutions.com/","information@bhsolutions.com"
"56","WW Works","https://clutch.co/profile/ww-works","https://wwworks.com/","info@wwworks.com"
"57","Salesforce Superheroes","https://clutch.co/profile/salesforce-superheroes","http://www.salesforcesuperheroes.com","contact@thenerdwhisperers.comNA"
"58","SQUADEX","https://clutch.co/profile/squadex","http://www.squadex.com","hello@squadex.com"
"59","Marimon IT Services","https://clutch.co/profile/marimon-it-services","http://www.marimoninc.com/","info@marimoninc.com"
"60","ACP Technologies, Inc.","https://clutch.co/profile/acp-technologies","https://acp.us.com/","alex@sloboda-studio.com"
"61","HTG","https://clutch.co/profile/htg","http://www.htguk.com/","info@htguk.comNA"
"62"," Innomobileapps","https://clutch.co/profile/innomobileapps","http://innomobileapps.com","contactus@innomobileapps.comNA"
"63","Logan Consulting","https://clutch.co/profile/logan-consulting","http://www.loganconsulting.com/","info@loganconsulting.comNA"
"64","PCS Technology","https://clutch.co/profile/pcs-technology","http://www.pcstech.com","aap@pcstech.com"
"65","Fujitsu Belgium","https://clutch.co/profile/fujitsu-belgium","http://www.fujitsu.com/be/","marketing.belux@ts.fujitsu.comNA"
"66","Telehouse Europe","https://clutch.co/profile/telehouse-europe","http://www.telehouse.net/","marketing@uk.telehouse.net"
"67","Ask4 Data Centres","https://clutch.co/profile/ask4-data-centres","https://www.ask4.com/","sales@ask4.com"
"68","Varay","https://clutch.co/profile/varay","https://www.varay.com/","info@varay.com"
"69","Computer Analysts and Recovery Experts","https://clutch.co/profile/computer-analysts-recovery-experts","https://www.care.net.sg/","dpo@care.net.sg"
"70","Cloud Technology Solutions Ltd","https://clutch.co/profile/cloud-technology-solutions","https://www.cloudsolutions.co.uk/","contact@cloudsolutions.co.uk"
"71","LightEdge Solutions","https://clutch.co/profile/lightedge-solutions","https://www.lightedge.com/","marketing@lightedge.comNA"
"72","Red Stack Tech","https://clutch.co/profile/red-stack-tech","http://www.redstk.com/","contactus@redstk.comNA"
"73","Orbis Technologies Inc","https://clutch.co/profile/orbis-technologies","https://www.orbistechnologies.com","info@orbistechnologies.comNA"
"74","Caretower","https://clutch.co/profile/caretower","https://caretower.com/","sales@caretower.com"
"75","Epic","https://clutch.co/profile/epic","http://www.epic.ca/","info@epic.caNA"
"76","Capital Support","https://clutch.co/profile/capital-support","https://www.capitalsupport.com/","info@capitalsupport.com"
"77","Soroc Technology","https://clutch.co/profile/soroc-technology","http://www.soroc.com/","info@soroc.com"
"78","KSM Consulting","https://clutch.co/profile/ksm-consulting","https://www.ksmconsulting.com/","info@ksmconsulting.comNA"
"79","bluesource","https://clutch.co/profile/bluesource","https://www.bluesource.co.uk/","hello@bluesource.co.ukNA"
"80","The Purple Guys","https://clutch.co/profile/purple-guys","https://www.purpleguys.com/","info@purpleguys.com"
"81","Lanware","https://clutch.co/profile/lanware","http://www.lanware.co.uk/","enquiries@lanware.co.uk"
"82","Intertec International","https://clutch.co/profile/intertec-international","https://intertecintl.com/","sales@internecintl.com"
"83","Griffin Solutions Group","https://clutch.co/profile/griffin-solutions-group","http://griffinsolutionsgroup.com/","info@griffinsolutionsgroup.com"
"84","ADN Telecom Limited","https://clutch.co/profile/adn-telecom","https://adntel.com.bd/","info@adnsl.netNA"
"85","iWV (ICONZ-Webvisions Pte Ltd)","https://clutch.co/profile/iwv-iconz-webvisions-pte","https://www.iwv.works/","marketing@iwv.works"
"86","CloudOps","https://clutch.co/profile/cloudops","https://www.cloudops.com/","info@cloudops.comNA"
"87","VIRTUS Data Centres","https://clutch.co/profile/virtus-data-centres","https://virtusdatacentres.com/","sales@virtusdcs.com"
"88","Accounting Micro Systems","https://clutch.co/profile/accounting-micro-systems","http://www.accountingmicro.com/","sales@accountingmicro.com"
"89","Sertechma","https://clutch.co/profile/sertechma","http://www.sertechma.com/","info@sertechma.comNA"
"90","SysArc Inc.","https://clutch.co/profile/sysarc","https://www.sysarc.com/","tbrennan@sysarc.com"
"91","Red Level","https://clutch.co/profile/red-level","https://redlevelgroup.com/","info@redlevelgroup.com"
"92","Assign-IT Ltd","https://clutch.co/profile/assign-it","https://www.assign-it.co.uk/","info@assign-IT.co.ukNA"
"93","Timico","https://clutch.co/profile/timico","http://www.timico.com/","alex@sloboda-studio.com"
"94","Recarta IT Limited","https://clutch.co/profile/recarta-it","http://www.recarta.co.uk/","sales@recarta.co.ukNA"
"95","NetEnrich, Inc.","https://clutch.co/profile/netenrich","https://www.netenrich.com/","marketing@netenrich.com"
"96","Pure Information Technology","https://clutch.co/profile/pure-information-technology","https://pureit.ca/","info@pureit.ca"
"97","Systems IT ","https://clutch.co/profile/systems-it","http://www.systemsit.net/","info@systemsit.net"
"98","Contraste Europe","https://clutch.co/profile/contraste-europe","https://www.contraste.com/","join-us@contraste.com"
"99","SourcetekIT","https://clutch.co/profile/sourcetekit","https://www.sourcetekit.com/","info@sourcetekit.com"
"100","202 Partners","https://clutch.co/profile/202-partners","http://202partnersllc.com","simon@202partnersllc.com"
"101","Admios","https://clutch.co/profile/admios","http://www.admios.com","nasser@admios-sa.comNA"
"102","RDE Technologies","https://clutch.co/profile/rde-technologies","https://rdetech.com","sales@rdetech.com"
"103","Active IT Solutions","https://clutch.co/profile/active-it-solutions","http://www.activeitsolutions.com","contact@activeitsolutions.com"
"104","Oxford Mac Solutions Ltd","https://clutch.co/profile/oxford-mac-solutions","https://www.omsuk.com/","connect@omsuk.comNA"
"105","Zerion360","https://clutch.co/profile/zerion360","http://zerion360.com/","info@zerion360.com"
"106","Itopia","https://clutch.co/profile/itopia","https://www.itopia.com.au/","'sales@itopia.com.auNA"
"107","Capital Networks Ltd","https://clutch.co/profile/capital-networks","http://www.capnet.co.uk/","info@capnet.co.uk"
"108","NRI ","https://clutch.co/profile/nri","https://www.nri.com/","nri-official@nri.co.jp"
"109","Civis Analytics","https://clutch.co/profile/civis-analytics","https://www.civisanalytics.com/","info@civisanalytics.com"
"110","Pralo","https://clutch.co/profile/pralo","http://www.pralo.lt/en/","info@pralo.euNA"
"111","Solver","https://clutch.co/profile/solver","http://www.solverusa.com/","info@solverusa.com"
"112","Platte River Networks","https://clutch.co/profile/platte-river-networks","http://platteriver.com/","info@platteriver.com"
"113","McCabe Software, Inc.","https://clutch.co/profile/mccabe-software","http://www.mccabe.com/","alex@sloboda-studio.com"
"114","Illumiti","https://clutch.co/profile/illumiti","http://illumiti.com/","info@illumiti.comNA"
"115","Esteem Systems Ltd","https://clutch.co/profile/esteem-systems","http://www.esteem.co.uk/","contact@esteem.co.ukNA"
"116","Red Mosquito","https://clutch.co/profile/red-mosquito","http://www.redmosquito.co.uk/","enquiries@redmosquito.co.uk"
"117","CDS Global Cloud","https://clutch.co/profile/cds-global-cloud","https://www.cdsglobalcloud.com","sales@CDSGlobalCloud.com"
"118","LOGIGROUP","https://clutch.co/profile/logigroup","https://www.logigroup.ma/fr/","info@logigroup.ma"
"119","Primary Solutions","https://clutch.co/profile/primary-solutions","http://www.primarysolutions.net","info@primarysolutions.netNA"
"120","The New England Computer Group, Inc","https://clutch.co/profile/new-england-computer-group","http://www.necgnet.com/","info@necgnet.com"
"121","Ducen","https://clutch.co/profile/ducen","https://www.ducenit.com/","info@ducenit.comNA"
"122","eGeneration","https://clutch.co/profile/egeneration","https://www.egeneration.com.bd/","info@egeneration.com.bdNA"
"123","Grupo Business IT","https://clutch.co/profile/grupo-business-it","http://www.grupobusiness.it/","info@grupobusiness.itNA"
"124","Lucidica","https://clutch.co/profile/lucidica","http://www.lucidica.com/","service@lucidica.com"
"125","M7 Managed Services","https://clutch.co/profile/m7-managed-services","http://www.m7ms.co.uk/","enquiries@m7ms.co.uk"
"126","Steadfast Networks","https://clutch.co/profile/steadfast-networks","https://www.steadfast.net/","sales@steadfast.net"
"127","COMERIT, INC.","https://clutch.co/profile/comerit","https://comerit.com/","info@comerit.comNA"
"128","S|ngular","https://clutch.co/profile/sngular","https://sngular.team/en/","alex@sloboda-studio.com"
"129","RITE Solutions Ltd.","https://clutch.co/profile/rite-solutions","http://www.rite.com.bd/","info@rite.com.bd"
"130","FoxNet Inc.","https://clutch.co/profile/foxnet","http://www.foxnetsolutions.com/","info@foxnetsolutions.com"
"131","Vermilion Tech","https://clutch.co/profile/vermilion-tech","http://vermilion.tech","mark@vermilion.tech"
"132","Cubic Logics","https://clutch.co/profile/cubic-logics","http://www.cubiclogics.com","info@cubiclogics.com"
"133","Gersis Software","https://clutch.co/profile/gersis-software","https://gersis-software.com/","info@gersis-software.com"
"134","Dunedin IT","https://clutch.co/profile/dunedin-it","http://www.dunedinit.co.uk/","info@dunedinit.co.uk"
"135","Swanseahost","https://clutch.co/profile/swanseahost","http://swanseahost.co.uk/index.html","sales@swanseahost.co.uk"
"136","StratoGrid Advisory","https://clutch.co/profile/stratogrid-advisory","https://www.stratogrid.com","info@stratogrid.com"
"137","Trustwave","https://clutch.co/profile/trustwave","https://www.trustwave.com/home/","info@trustwave.com"
"138","Webair","https://clutch.co/profile/webair","https://www.webair.com/","sales@webair.comNA"
"139","SCSK","https://clutch.co/profile/scsk","http://www.scsk.jp/","alex@sloboda-studio.com"
"140","Coretx","https://clutch.co/profile/coretx","http://coretx.com/","hello@coretx.comNA"
"141","ETech Solution Ltd","https://clutch.co/profile/etech-solution","http://www.etechbd.net/","info@etechbd.netNA"
"142","Emana","https://clutch.co/profile/emana","https://www.emanaonline.com/","contato@emanaonline.com"
"143","Fortscale - Acquired by RSA Security","https://clutch.co/profile/fortscale-acquired-rsa-security","https://www.rsa.com/en-us/products/threat-detection-response","bevr@fortscale.com"
"144","Agio","https://clutch.co/profile/agio","https://agio.com/","sales@agio.com"
"145","Fox Technologies","https://clutch.co/profile/fox-technologies","https://www.helpsystems.com/product-lines/foxtechnologies","emails@helpsystems.comNA"
"146","Visibility Software","https://clutch.co/profile/visibility-software","http://www.visibilitysoftware.com/","sales@visibilitysoftware.comNA"
"147","Community IT Innovators, Inc. ","https://clutch.co/profile/community-it-innovators","http://www.communityit.com/","netsupport@communityit.com"
"148","TechnoMile","https://clutch.co/profile/technomile","http://www.technomile.com","sales@technomile.comNA"
"149","WINNER","https://clutch.co/profile/winner","http://en.winnerinf.com/","zhangh@winnerinf.comNA"
"150","Back Office Geeks","https://clutch.co/profile/back-office-geeks","https://backofficegeeks.com","info@backofficegeeks.com"
"151","6th Street Consulting","https://clutch.co/profile/6th-street-consulting","http://6sc.com/","info@6sc.com"
"152","DTM Systems","https://clutch.co/profile/dtm-systems","https://www.dtm.ca","info@dtm.caNA"
"153","AFON Pte Ltd","https://clutch.co/profile/afon-pte","https://www.afon.com.sg/","sales-enquiry@afon.com.sg"
"154","Ray Business Technologies ","https://clutch.co/profile/ray-business-technologies","http://www.raybiztech.com","info@raybiztech.comNA"
"155","Prodware","https://clutch.co/profile/prodware","http://www.prodware-group.com/","info@prodware.fr"
"156","Tecnova","https://clutch.co/profile/tecnova","http://www.tecnova.cl/","contact@tecnovags.com"
"157","Bleuwire™","https://clutch.co/profile/bleuwire%E2%84%A2","http://bleuwire.com","info@bleuwire.comNA"
"158","Juern Technology","https://clutch.co/profile/juern-technology","http://www.juerntech.com","neal@juerntech.com"
"159","Avagio","https://clutch.co/profile/avagio","http://avagio.co.uk/","enquiries@avagio.co.uk"
"160","OntargIT","https://clutch.co/profile/ontargit","https://ontargit.com/en/","info@ontargit.com"
"161","Login Consulting","https://clutch.co/profile/login-consulting","http://www.loginconsult.com/","jobs@loginconsult.com"
"162","Phocas","https://clutch.co/profile/phocas","http://www.phocassoftware.com/","support_uk@phocassoftware.com"
"163","Exelanz","https://clutch.co/profile/exelanz","http://www.exelanz.com/","alex@sloboda-studio.com"
"164","Spectrum","https://clutch.co/profile/spectrum-0","http://www.spectrum-bd.com/","contact@spectrum-bd.com"
"165","WebRadar","https://clutch.co/profile/webradar","http://www.webradar.com/","info@webradar.comNA"
"166","Compass Consulting Group, Inc.","https://clutch.co/profile/compass-consulting-group","https://www.compasscgroup.com/","alex@sloboda-studio.com"
"167","OnTech Networks","https://clutch.co/profile/ontech-networks","https://ontechnetworks.com","sales@ontechnetworks.comNA"
"168","Taranet","https://clutch.co/profile/taranet","https://www.taranet.com/","info@taranet.com"
"169","Outcess Solutions","https://clutch.co/profile/outcess-solutions","http://outcess.com/","sales@outcess.comNA"
"170","Phoenix Software ","https://clutch.co/profile/phoenix-software-0","http://phoenixsoftbd.com/","info@phoenixsoftbd.comNA"
"171","ITM Management","https://clutch.co/profile/itm-management","https://www.itm-management.vn/","info@it-management.vnNA"
"172","Technology Services Ltda","https://clutch.co/profile/technology-services-ltda","http://www.ts.com.co/web/","ventas@ts.co"
"173","Seraro LLC","https://clutch.co/profile/seraro","http://www.seraro.com","info@seraro.comNA"
"174","DevOps Enabler & Co.","https://clutch.co/profile/devops-enabler-co","http://www.devopsenabler.com","sales@devopsenabler.com"
"175","Connections for Business","https://clutch.co/profile/connections-business","http://www.connections.com/","mod@connections.com"
"176","Platform","https://clutch.co/profile/platform-0","http://www.theitplatform.com","info@theitplatform.com"
"177","daenet GmbH","https://clutch.co/profile/daenet-gmbh","https://www.daenet.de/#/Home","info@daenet.de"
"178","Techolution","https://clutch.co/profile/techolution","http://www.techolution.com","ravi@techolution.com"
"179","LitmusBox, LLC ","https://clutch.co/profile/litmusbox","https://litmusbox.com/","info@litmusbox.com"
"180","SoftMax","https://clutch.co/profile/softmax","https://www.soft-max.com","info@soft-max.comNA"
"181","Unstoppable Software, Inc.","https://clutch.co/profile/unstoppable-software","http://unstoppablesoftware.com","info@unstoppablesoftware.com"
"182","NSW Asia Pte Ltd","https://clutch.co/profile/nsw-asia-pte","https://www.nswgroup.com.sg/","enquiry@nswgroup.com.sg"
"183","Newtyne ","https://clutch.co/profile/newtyne","http://www.newtyne.com/","info@newtyne.com"
"184","Argent Holdings Pte Ltd","https://clutch.co/profile/argent-holdings-pte","http://www.argent.sg/","alex@sloboda-studio.com"
"185","Songbird Telecom Limited","https://clutch.co/profile/songbird-telecom","http://www.songbirdtelecom.com/","info@hamidsourcing.com"
"186","Exebridge","https://clutch.co/profile/exebridge","http://www.exebridge.com/","sales@exebridge.com"
"187","DTech Networks","https://clutch.co/profile/dtech-networks","http://www.dtechnetworks.com","info@dtechnetworks.com"
"188","eigen","https://clutch.co/profile/eigen","https://www.eigentech.ai/en/","hr@aidigger.com"
"189","ENTERTECH - Dhaka,BD","https://clutch.co/profile/entertech-dhakabd","http://entertechbd.com/","info@entertechbd.comNA"
"190","INDALP CORPORATION","https://clutch.co/profile/indalp-corporation","http://www.indalp.com","infoindalp@gmail.com"
"191","Qwentic Consulting","https://clutch.co/profile/qwentic-consulting","https://www.qwentic.com/","contact@qwentic.com"
"192","Teqfocus Consulting LLC","https://clutch.co/profile/teqfocus-consulting","https://teqfocus.com/","avi@teqfocus.com"
"193","Clearly Agile, Inc","https://clutch.co/profile/clearly-agile","https://www.clearlyagileinc.com/","sales@clearlyagileinc.com"
"194","Areed IT Services","https://clutch.co/profile/areed-it-services","http://areedit.com","info@areedit.com"
"195","BearingPoint","https://clutch.co/profile/bearingpoint","https://www.bearingpoint.com/en/","ireland@bearingpoint.com"
"196","AlphaTech","https://clutch.co/profile/alphatech","http://www.abatig.com/","info@abatig.comNA"
"197","Hacken Hub","https://clutch.co/profile/hacken-hub","https://hub.hacken.io","support@hacken.io"
"198","WAYS Infotech","https://clutch.co/profile/ways-infotech","https://www.waysinfotech.com/","enquiries@waysinfotech.com"
"199","P3 Group ","https://clutch.co/profile/p3-group","http://www.p3-group.com","info@p3-group.com"
"200","Testhouse Ltd","https://clutch.co/profile/testhouse","http://www.testhouse.net","marketing@testhouse.net"
"201","NetRes - Networking Results","https://clutch.co/profile/netres-networking-results","http://www.networkingresults.com/","info@networkingresults.com"
"202","Sitka Technology Group","https://clutch.co/profile/sitka-technology-group","http://www.sitkatech.com/","info@sitkatech.com"
"203","Avanxo","https://clutch.co/profile/avanxo","http://avanxo.com","HFlorez@avanxo.com"
"204"," Delaware Managed Services and IT Consulting, Inc","https://clutch.co/profile/delaware-managed-services-it-consulting","https://www.delaware.pro/en-PH","info.ph@delaware.proNA"
"205","WeAre4C","https://clutch.co/profile/weare4c","http://www.weare4c.com","hello@weare4c.com"
"206","Staffing Solutions","https://clutch.co/profile/staffing-solutions","https://staffingsolutionsllc.com","frontdesk@staffingsolutionsllc.com"
"207","Avenue Code","https://clutch.co/profile/avenue-code","http://www.avenuecode.com","info@avenuecode.comNA"
"208","Orange and Bronze Software Labs, Inc.","https://clutch.co/profile/orange-bronze-software-labs","https://www.orangeandbronze.com/","info@orangeandbronze.com"
"209","Votacall","https://clutch.co/profile/votacall","https://www.votacall.com/","support@votacall.com"
"210","Atlantida","https://clutch.co/profile/atlantida","http://www.atlantida.es/","atlantida@atlantida.es"
"211","Prakash Software Solutions","https://clutch.co/profile/prakash-software-solutions","http://www.prakashinfotech.com","busechss@prakashinfotech.com"
"212","dp consulenze servizi informatici","https://clutch.co/profile/dp-consulenze-servizi-informatici","http://www.dpconsulenze.com/index.php","'info@dpconsulenze.com"
"213","Sumerge","https://clutch.co/profile/sumerge","http://www.sumerge.com","dhemimy@sumerge.com"
"214","Spaculus Software Pvt. Ltd.","https://clutch.co/profile/spaculus-software","https://www.spaculus.org/","info@spaculus.orgNA"
"215","Genxsystems","https://clutch.co/profile/genxsystems","http://www.genx.ae/","sales@genx.ae"
"216","Onwelo","https://clutch.co/profile/onwelo","http://www.onwelo.com","contact@onwelo.com"
"217","Axity","https://clutch.co/profile/axity","http://www.axity.com/","conectados@axity.comNA"
"218","Qymatix Solutions GmbH","https://clutch.co/profile/qymatix-solutions-gmbh","https://qymatix.de/en/","lucas.pedretti@qymatix.com"
"219","Digital Heads AS","https://clutch.co/profile/digital-heads","http://digitalheads.no/","post@digitalheads.noNA"
"220","Doonamis","https://clutch.co/profile/doonamis","http://www.doonamis.es/","info@doonamis.esNA"
"221","Kalibroida Technology Solutions","https://clutch.co/profile/kalibroida-technology-solutions","https://kalibroida.com/","info@kalibroida.com"
"222","Fata Informatica","https://clutch.co/profile/fata-informatica","http://www.fatainformatica.com/en/","alex@sloboda-studio.com"
"223","Relevent","https://clutch.co/profile/relevent","https://www.relevent.com","Info@relevent.com"
"224","Hyphenet ","https://clutch.co/profile/hyphenet","http://hyphenet.com","sales@hyphenet.com"
"225","Innowise Group","https://clutch.co/profile/innowise-group","http://innowise-group.com","contact@innowise-group.com"
"226","Logic Software Limited","https://clutch.co/profile/logic-software","http://logicsoftbd.com/","info@logicsoftbd.com"
"227","Agile Digital Engineering Pty Ltd","https://clutch.co/profile/agile-digital-engineering-pty","https://agiledigital.com.au/","enquiries@agiledigital.com.au"
"228","ARES Security Corporation","https://clutch.co/profile/ares-security-corporation","http://aressecuritycorp.com","contactus@aressecuritycorp.com"
"229","ARAME","https://clutch.co/profile/arame","https://www.arame.com.mx/","arame@scanda.com.mx"
"230","Bluetech Solutions","https://clutch.co/profile/bluetech-solutions","https://bluetechbd.com/","info@bluetechbd.comNA"
"231","Ulfix","https://clutch.co/profile/ulfix","http://www.ulfix.com/","info@ulfix.comNA"
"232","Software Testing Bureau","https://clutch.co/profile/software-testing-bureau","https://www.softwaretestingbureau.com/","contact@softwaretestingbureau.com"
"233","Prakmatic","https://clutch.co/profile/prakmatic","http://www.prakmatic.com/","info@prakmatic.com"
"234","IT Quality","https://clutch.co/profile/it-quality","http://itquality.com.ar/","contacto@it-quality.com.ar"
"235","Speedsoft","https://clutch.co/profile/speedsoft","https://www.speedsoft.com/","sales@speedsoft.com"
"236","Xperts Unlimited Inc.","https://clutch.co/profile/xperts-unlimited","http://www.xpertsunlimited.com/","info@xpertsunlimited.comNA"
"237","Andain","https://clutch.co/profile/andain","https://www.andain.cl/","contacto@andain.cl"
"238","ZionSupport","https://clutch.co/profile/zionsupport","https://www.zionsupport.com.uy","Info@zion.uy"
"239","Innobyte Tecnología S de RL de CV","https://clutch.co/profile/innobyte-tecnolog%C3%ADa-s-de-rl-de-cv","http://innobyte.mx/","contacto@innobyte.mx"
"240","Currey Adkins","https://clutch.co/profile/currey-adkins","http://curreyadkins.com/","alex@sloboda-studio.com"
"241","Applicature","https://clutch.co/profile/applicature","https://applicature.com/","info@applicature.com"
"242","Sabat","https://clutch.co/profile/sabat","http://www.sabatinformatica.com/","info@sabatinformatica.com"
"243","Alset ","https://clutch.co/profile/alset","https://alset.com.mx/","contact@alset.com.mx"
"244","Synic Systems Pvt Ltd","https://clutch.co/profile/synic-systems","http://www.synicsys.com","synicsys@gmail.com"
"245","SoftCarve Technologies","https://clutch.co/profile/softcarve-technologies","https://softcarve.com","sales@softcarve.comNA"
"246","Sizram Solutions","https://clutch.co/profile/sizram-solutions","http://sizramsolutions.com/","nfo@sizramsolutions.comNA"
"247","Time Recruitment Solutions Ltd","https://clutch.co/profile/time-recruitment-solutions","http://time-recruitment.com","info@time-recruitment.comNA"
"248","Techment Technology","https://clutch.co/profile/techment-technology","http://www.techment.com","info@techment.com"
"249","Inverted Software","https://clutch.co/profile/inverted-software","http://www.invertedsoftware.com/","contact@inverteftwftware.com"
"250","Gladius","https://clutch.co/profile/gladius","http://www.gladius.cl","contacto@gladius.cl"
"251","PREFIXA","https://clutch.co/profile/prefixa","http://www.prefixa.com","busdev@prefixa.com"
"252","Fast Fwd Multimedia Ltd.","https://clutch.co/profile/fast-fwd-multimedia-0","http://www.fast-fwd.co.uk/","website@fastfwd.com"
"253","CABEM Technologies","https://clutch.co/profile/cabem-technologies","https://www.cabem.com/","information@cabem.com"
"254","Gruppo IT","https://clutch.co/profile/gruppo-it","http://www.gruppoit.com/es/","info@gruppoit.com"
"255","Nadoweb","https://clutch.co/profile/nadoweb","http://nadoweb.com/","contact@nadoweb.com"
"256","Denkoit","https://clutch.co/profile/denkoit","http://www.denkoit.com","salma@denkoit.com"
"257","Slagkryssaren","https://clutch.co/profile/slagkryssaren","https://slagkryssaren.com/","info@slagkryssaren.com"
"258","Bells Design","https://clutch.co/profile/bells-design","http://www.bellsdesign.com/","hello@bellsdesign.comNA"
"259","IT World Bangladesh","https://clutch.co/profile/it-world-bangladesh","http://www.itworldbd.net/","info@itwo'rldbd.net"
"260","n2sys Technology","https://clutch.co/profile/n2sys-technology","http://www.n2sys.com","'info@n2sys.comNA"
"261","Bangladesh IT & Outsourcing Solutions :: BIOS","https://clutch.co/profile/bangladesh-it-outsourcing-solutions-bios","http://biosbd.com/","info@biosbd.com"
"262","TEC DIGITAL LTD","https://clutch.co/profile/tec-digital","http://tec.digital","opp@tec.digital"
"263","Perky Rabbit","https://clutch.co/profile/perky-rabbit","https://www.perkyrabbit.com/","support@perkyrabbit.com"
"264","Globus","https://clutch.co/profile/globus-0","http://case.globus-ltd.com/","contact@globus-ltd.comNA"
"265","eCaste","https://clutch.co/profile/ecaste","http://www.ecaste.com/","emmanuel@ecaste.comNA"
"266","APPSfactory.de","https://clutch.co/profile/appsfactoryde","http://appsfactory.de","alex@sloboda-studio.com"
"267","GlobalSoft","https://clutch.co/profile/globalsoft","https://es.globalsoftm.com/","info@globalsoftm'.comNA"
"268","E-Solution ","https://clutch.co/profile/e-solution","http://e-solution.ma/","contact@e-solution.maNA"
"269","Web Digital Chile","https://clutch.co/profile/web-digital-chile","https://webdigital.cl/","contacto@webdigital.cl"
"270","Scalia","https://clutch.co/profile/scalia","http://scalia.es","Contacto@scalia.es"
"271","VRISystems","https://clutch.co/profile/vrisystems","http://www.vrisystems.com","contacto@vrisystems.com"
"272","Made by Many","https://clutch.co/profile/made-many","https://madebymany.com/","contact@madebymany.com"
"273","Imaginamos","https://clutch.co/profile/imaginamos","https://imaginamos.com/","alex@sloboda-studio.com"
"274","Hatton Point, Inc","https://clutch.co/profile/hatton-point","https://hattonpoint.com/","info@hattonpoint.comNA"
"275","Garbott","https://clutch.co/profile/garbott","https://www.garbott.co.uk","hello@garbott.co.uk"
"276","AppJetty","https://clutch.co/profile/appjetty","https://www.appjetty.com/","sales@appjetty.com"
"277","COMPAREX Austria GmbH","https://clutch.co/profile/comparex-austria-gmbh","https://www.comparex-group.com/web/at/at/comparex.htm","marketing@comparex.de"
"278","Whatsupitec LTD.","https://clutch.co/profile/whatsupitec","http://whatsupitec.com/","'hello@whatsupitec.comNA"
"279","CodeSmith Tech Ltd.","https://clutch.co/profile/codesmith-tech","http://www.codesmithtech.com/","info@codesmithtech.com"
"280","NewVantage Partners","https://clutch.co/profile/newvantage-partners","http://newvantage.com/","bigdata@newvantage.com"
"281","Nexidia","https://clutch.co/profile/nexidia","http://www.nexidia.com/","socialmedia@nexidia.com"
"282","Swiftcodeit","https://clutch.co/profile/swiftcodeit","http://www.swiftcodeit.com/","admin@gmail.com'"
"283","artaxo GmbH","https://clutch.co/profile/artaxo-gmbh","https://www.artaxo.com/en/","info@artaxo.com"
"284","IQ Hosting","https://clutch.co/profile/iq-hosting","https://www.iq-hosting.com","'info@iq-hosting.comNA"
"285","Ninja Coder","https://clutch.co/profile/ninja-coder","http://www.ninjacoder.io","info@ninjacoder.io"
"286","Elegant MicroWeb","https://clutch.co/profile/elegant-microweb","http://www.elegantmicroweb.com","info@elegantmicroweb.comNA"
"287","Storagepipe","https://clutch.co/profile/storagepipe","https://storagepipe.com/","alex@sloboda-studio.com"
"288","Arkix S.A.","https://clutch.co/profile/arkix-sa","http://www.arkix.com/","trabajaenarkix@arkix.com"
"289","EverString","https://clutch.co/profile/everstring","https://www.everstring.com/","contact@everstring.com"
"290","Compute","https://clutch.co/profile/compute","https://www.doyoucompute.co.uk/","info@doyoucompute.co.uk"
"291","ITS IT Specialists","https://clutch.co/profile/its-it-specialists","http://www.itspecialists.uk.com/","itsales@itspecialists.uk.comNA"
"292","Allianz Global Assistance","https://clutch.co/profile/allianz-global-assistance","http://www.allianz-assistance.co.th/corporate/","travelinsurance-th@allianz.com"
"293","Matrix Consulting - South Carolina","https://clutch.co/profile/consulting-south-carolina","http://matrix-ibs.com/","kconnor@matrix-ibs.comNA"
"294","Infinitech","https://clutch.co/profile/infinitech","http://infinitechusa.net/","sales@infinitechusa.net"
"295","Digital Vision EA","https://clutch.co/profile/digital-vision-ea","https://digitalvisionea.com","consult@digitalvision.co.ke"
"296","SherlockTalent","https://clutch.co/profile/sherlocktalent","http://www.sherlocktalent.com/","alex@sloboda-studio.com"
"297","Rayvision","https://clutch.co/profile/rayvision","https://www.rayvision.com/En","gao@rayvision.comNA"
"298","CRM Innovation","https://clutch.co/profile/crm-innovation","http://www.crminnovation.com/","jerry@crmInnovation.com"
"299","Massive","https://clutch.co/profile/massive","https://www.massive.co.uk/","action@massive.co.uk"
"300","Climber","https://clutch.co/profile/climber","https://www.climber.eu/","support@climber.eu"
"301","Revenue Architects","https://clutch.co/profile/revenue-architects","https://www.revenuearchitects.com/","contact@revenuearchitects.com"
"302","Ebony+Ivory","https://clutch.co/profile/ebonyivory","https://www.ebonyivory.co.za/","info@ebonyivory.co.za"
"303","Rednodo AR","https://clutch.co/profile/rednodo-ar","http://www.rednodo.com/","ventas@rednodo.comNA"
"304","ASI Data Science","https://clutch.co/profile/asi-data-science","https://www.asidatascience.com/","info@asidatascience.com"
"305","DomainCom","https://clutch.co/profile/domaincom","https://domainjo.com/","info@domainjo.com"
"306","Black Line IT","https://clutch.co/profile/black-line-it","https://www.blacklineconsulting.com/","info@blacklineconsulting.com"
"307","Bright Sol Tech","https://clutch.co/profile/bright-sol-tech","http://bstelpaso.com","info@bstelpaso.com"
"308","Northern Contrast","https://clutch.co/profile/northern-contrast","http://www.northerncontrast.com/","info@northerncontrast.comNA"
"309","WHATASITE.COM","https://clutch.co/profile/whatasitecom","https://whatasite.com/","theweb@whatasite.com"
"310","Peak Performers","https://clutch.co/profile/peak-performers","http://www.peakperformers.org/","recruiter@peakperformersterg"
"311","Atlantic DataSystems Inc. ","https://clutch.co/profile/atlantic-datasystems","https://www.atlanticdatasystems.com/","support@atlanticdatasystems.comNA"
"312","artKenya.net Ltd.","https://clutch.co/profile/artkenyanet","https://artkenya.net/","info@artkenya.netNA"
"313","Interactions Marketing","https://clutch.co/profile/interactions-marketing","http://www.interactions.ro/","office@interactions.ro"
"314","Tiger Team Consulting","https://clutch.co/profile/tiger-team-consulting","http://www.tigerteamconsulting.com/","info@tigerteamconsulting.comNA"
"315","Zephyr","https://clutch.co/profile/zephyr","https://www.wearezephyr.com/","hello@wearezephyr.com"
"316","InfoTech Solutions Limited","https://clutch.co/profile/infotech-solutions","https://www.infotech.co.uk/","enquiries@infotech.co.uk"
"317","BluePatagon","https://clutch.co/profile/bluepatagon","http://www.bluepatagon.com/","info@bluepatagon.com.ar"
"318","DATATOM","https://clutch.co/profile/datatom","http://www.datatom.com/en/","support@datatom.com"
"319","Business Network Solutions","https://clutch.co/profile/business-network-solutions","http://www.bns.cc/","info@bns.cc"
"320","GEMA","https://clutch.co/profile/gema","https://gemadigital.com/","portugal@gemadigital.com"
"321","Morrison","https://clutch.co/profile/morrison","http://morrisonagency.com/","amanda@morrisonagency.comNA"
"322","Miro","https://clutch.co/profile/miro","http://www.miro.cl/en/","alex@sloboda-studio.com"
"323","Euroanswer","https://clutch.co/profile/euroanswer","http://www.euroanswer.co.uk/","office@euroanswer.co.uk"
"324","Blue Cod Technologies","https://clutch.co/profile/blue-cod-technologies","http://bluecod.com/","salesandmarketing@bluecod.com"
"325","Merfantz Technologies Pvt Ltd","https://clutch.co/profile/merfantz-technologies","http://www.merfantz.com","contact@merfantz.com"
"326","GlobalBit S.A.S","https://clutch.co/profile/globalbit-sas","http://globalbit.co/","corporate@globalbit.com.co"
"327","hubovsky.net","https://clutch.co/profile/hubovskynet","https://www.hubovsky.net/","office@hubovsky.netNA"
"328","Nform Interactive","https://clutch.co/profile/nform-interactive","http://www.n-form.com/","info@n-form.com"
"329","Ice & Fire Website Development","https://clutch.co/profile/ice-fire-website-development","https://iceandfirewebdevelopment.com/","info@iceandfirewebdevelopment.com"
"330","BST MEXICO","https://clutch.co/profile/bst-mexico","https://bstmexico.com/","contacto@bstmexico.comNA"
"331","Conflux Systems","https://clutch.co/profile/conflux-systems","https://www.confluxsystems.com/","contactus@confluxsystems.com"
"332","Huntleigh Technology Group","https://clutch.co/profile/huntleigh-technology-group","http://www.huntleigh.com","sales@huntleigh.comNA"
"333","Olafe","https://clutch.co/profile/olafe","https://www.olafe.com/","info@olafe.com"
"334","Clear Communication Group","https://clutch.co/profile/clear-communication-group","http://www.clearcom.pl/","alex@sloboda-studio.com"
"335","eConvenient IT","https://clutch.co/profile/econvenient-it","http://www.econvenient.it","info@econvenient.it"
"336","DDA Agencia Digital S.A.S.","https://clutch.co/profile/dda-agencia-digital-sas","https://twitter.com/DDAagencia","contacto@dda.com.co"
"337","Base2Industries","https://clutch.co/profile/base2industries","http://www.base2industries.com/","alex@sloboda-studio.com"
"338","Axsis Technology","https://clutch.co/profile/axsis-technology","http://www.axsistec.com/","info@axsistec.comNA"
"339","Resonate Marketing Agency","https://clutch.co/profile/resonate-marketing-agency","https://www.resonatehq.com/","hello@resonatehq.comNA"
"340","Valdon Group GmbH","https://clutch.co/profile/valdon-group-gmbh","http://www.valdon.ch","sales@valdon.ch"
"341","Bizople Solutions","https://clutch.co/profile/bizople-solutions","https://www.bizople.com/","info@bizople.com"
"342","Advanced Analytics and Research Lab","https://clutch.co/profile/advanced-analytics-research-lab","http://www.aaarl.ca","eric.huang@aaarl.caNA"
"343","Versatile Tech Limited","https://clutch.co/profile/versatile-tech","http://versatilekenya.com/","martin@versatilekenya.com"
"344","THE80PORT.COM","https://clutch.co/profile/the80portcom","https://www.the80port.com/","info@the80Port.comNA"
"345","Strata Consulting Ltd","https://clutch.co/profile/strata-consulting","http://strataconsultingltd.co.uk/","hello@strataconsultingltd.co.uk"
"346","Simple&Smart Technologies, Inc.","https://clutch.co/profile/simplesmart-technologies","http://www.idatafa.com/english/index.html","contact@idatafa.comNA"
"347","ADN Solutions","https://clutch.co/profile/adn-solutions","https://adnsg.com/","hello@adnsg.com"
"348","IT TIGERS LLC","https://clutch.co/profile/it-tigers","https://www.ittigers.com","niraj@ittigers.com"
"349","Intellitive Solutions Inc.","https://clutch.co/profile/intellitive-solutions","https://www.intellitivesolutions.com/","info@intellitivesolutions.com"
"350","Masternet","https://clutch.co/profile/masternet","https://www.masternetcr.com/","'info@masternetcr.comNA"
"351","LEROI Consulting","https://clutch.co/profile/leroi-consulting","https://www.leroi-consulting.com","contact@leroi-consulting.com"
"352","Linq Solutions","https://clutch.co/profile/linq-solutions","http://linqsolutions.com.pe","info@linqsolutions.com.pe"
"353","XPose","https://clutch.co/profile/xpose","https://xpose.online/","hello@xpose.online"
"354","Veer Solutions","https://clutch.co/profile/veer-solutions","http://veerss.com","info@veerss.comNA"
"355","Warp Development","https://clutch.co/profile/warp-development","http://www.warpdevelopment.com/","sales@warpdevelopment.com"
"356","Axia CPQ","https://clutch.co/profile/axia-cpq","https://axiacpq.com","info@axiacpq.comNA"
