"","name","url","website","clutch_email"
"1","SADA Systems ","https://clutch.co/profile/sada-systems","http://www.sadasystems.com","enterpriseconsulting@sadasystems.comNA"
"2","ELEKS","https://clutch.co/profile/eleks","https://eleks.com?utm_source=clutch.co&utm_medium=referral&utm_campaign=Clutch","hello@eleks.com"
"3","Netsmartz LLC","https://clutch.co/profile/netsmartz","http://www.netsmartz.com","sales@netsmartz.com"
"4","RapidValue Solutions","https://clutch.co/profile/rapidvalue-solutions","http://www.rapidvaluesolutions.com/","kavyanidhin@rapidvaluesolutions.com"
"5","Layertech","https://clutch.co/profile/layertech","http://layertech.co.uk","info@layertech.co.uk"
"6","Infinet Services","https://clutch.co/profile/infinet-services","https://www.infinetservices.com/","bk@infinetservices.com"
"7","Daxx ","https://clutch.co/profile/daxx","https://www.daxx.com/view/hire-software-developers-ukraine","contact@daxx.com"
"8","Polontech","https://clutch.co/profile/polontech","https://www.polontech.com","contact@polontech.biz"
"9","Kavi Global","https://clutch.co/profile/kavi-global","http://www.kaviglobal.com/","contact@kaviglobal.com"
"10","Synetec Ltd","https://clutch.co/profile/synetec","https://www.synetec.co.uk/","info@synetec.co.uk"
"11","IT Force","https://clutch.co/profile/it-force","https://www.itforce.ie/","kieran.fallon@itforce.ie"
"12","OrangeMantra","https://clutch.co/profile/orangemantra","https://www.orangemantra.com/","sales@orangemantra.comNA"
"13","CAM Business Solutions","https://clutch.co/profile/cam-business-solutions","http://CAMBusinessSolutions.com","info@cambusinesssolutions.com"
"14","NCoreSoft","https://clutch.co/profile/ncoresoft","http://www.ncoresoft.com","shalin@ncoresoft.com"
"15","Abto Software","https://clutch.co/profile/abto-software","http://www.abtosoftware.com/","office@abtosoftware.com"
"16","Cleverlance Enterprise Solutions a.s.","https://clutch.co/profile/cleverlance-enterprise-solutions","http://www.cleverlance.com","mobile@cleverlance.comNA"
"17","Cycloides","https://clutch.co/profile/cycloides","http://www.cycloides.com","sales@cycloides.com"
"18","Simply Smart Technology","https://clutch.co/profile/simply-smart-technology","https://www.simplysmarttech.com","info@simplysmarttech.comNA"
"19","Neurored","https://clutch.co/profile/neurored","http://www.scmcloudsolutions.com","psanroque@neurored.comNA"
"20","Hack Soft","https://clutch.co/profile/hack-soft","https://hacksoft.io/","consulting@hacksoft.io"
"21","Neologix Software Solutions","https://clutch.co/profile/neologix-software-solutions","http://www.neologix.ae","info@neologix.aeNA"
"22","Roars Technologies Pvt. Ltd. ","https://clutch.co/profile/roars-technologies","http://www.roarsinc.com","sales@roarsinc.comNA"
"23","Red Tech Hub","https://clutch.co/profile/red-tech-hub","http://redtechhub.com/","info@redtechhub.com"
"24","Accely INC.","https://clutch.co/profile/accely","http://www.accely.com","info@accely.comNA"
"25","Streamliner Consulting","https://clutch.co/profile/streamliner-consulting","https://www.streamlinerconsulting.expert/","john@streamlinerconsulting.expert"
"26","Melior Games","https://clutch.co/profile/melior-games","http://meliorgames.com/","connect@meliorgames.com"
"27","Lumina","https://clutch.co/profile/lumina","https://lumina.nyc/","info@lumina.nyc"
"28","SilesiaWorks","https://clutch.co/profile/silesiaworks","http://www.silesiaworks.com","pawel@silesiaworks.com"
"29","Inquisitives","https://clutch.co/profile/inquisitives","http://www.inquisitives.com","saad@inquisitives.com"
"30","KubTri","https://clutch.co/profile/kubtri","http://kub3.ru","info@kub3.ru"
"31","Codeheroes","https://clutch.co/profile/codeheroes","http://www.codeheroes.io","hello@codeheroes.io"
"32","i-neti ","https://clutch.co/profile/i-neti","http://www.i-neti.com","info@i-neti.com"
"33","Crowe Horwath","https://clutch.co/profile/crowe-horwath","https://www.crowehorwath.com/","contact@crowehorwath.com"
"34","WORKITNOW","https://clutch.co/profile/workitnow","http://www.workitnow.pl","HELLO@WORKITNOW.PL"
"35","Armedia","https://clutch.co/profile/armedia","http://www.armedia.com/index.php","info@armedia.com"
"36","MPA Networks","https://clutch.co/profile/mpa-networks","http://www.mpa.com/","support@mpa.comNA"
"37","Avanade","https://clutch.co/profile/avanade","http://www.avanade.com/","information@avanade.com"
"38","Kinetix Technology Services","https://clutch.co/profile/kinetix-technology-services","http://www.kinetix.com/","moreinfo@kinetix.com"
"39","TeamLogicIT","https://clutch.co/profile/teamlogicit","https://www.teamlogicit.com/sandycityut402/","khughes@TeamLogicIT.com"
"40","Trillium Software","https://clutch.co/profile/trillium-software","http://www.trilliumsoftware.com/","trilliumsoftware@trilliumsoftware.com"
"41","Blueberry Consultants","https://clutch.co/profile/blueberry-consultants","https://www.bbconsult.co.uk/","enquiries-contact@bbconsult.co.ukNA"
"42","Geeks On Tap","https://clutch.co/profile/geeks-tap","http://www.geeksontap.com.au","info@geeksontap.com.au"
"43","Vaco","https://clutch.co/profile/vaco","http://www.vaco.com/home.html","info@vaco.com"
"44","Leapfrog Services","https://clutch.co/profile/leapfrog-services","https://leapfrogservices.com/","sales@ribbit.net"
"45","Intelgain Technologies","https://clutch.co/profile/intelgain-technologies","http://www.intelgain.com","contactus@intelegain.com"
"46","Tachyon Technologies","https://clutch.co/profile/tachyon-technologies","http://www.tachyontech.com/","info@tachyontech.com"
"47","1SEO Technologies","https://clutch.co/profile/1seo-technologies","https://1seotech.com/","info@1seotech.com"
"48","Internet Overal B.V.","https://clutch.co/profile/internet-overal-bv","http://internetoveral.nl/","sales@internetoveral.nl"
"49","Nihilent Technologies","https://clutch.co/profile/nihilent-technologies","http://www.nihilent.com","globalbizdev@nihilent.com"
"50","The Hackett Group","https://clutch.co/profile/hackett-group","http://www.thehackettgroup.com/","info@thehackettgroup.com"
"51","iMatica","https://clutch.co/profile/imatica","https://imatica.com","info@imatica.comNA"
"52","El ORBE","https://clutch.co/profile/el-orbe","http://elorbe.la/home-public/","info@elorbe.la"
"53","Cal Net Technology Group","https://clutch.co/profile/cal-net-technology-group","https://www.calnettech.com/","info@calnettech.com"
"54","Niu Solutions","https://clutch.co/profile/niu-solutions","http://www.niu-solutions.com/","hello@niu-solutions.comNA"
"55","Architecting Innovation","https://clutch.co/profile/architecting-innovation","https://www.theaiteam.com/","nick@theaiteam.com"
"56","Genesis Networks","https://clutch.co/profile/genesis-networks","https://www.gen-net.com.sg/","infor@gen-net.com.sgNA"
"57","C3 Business Solutions Inc.","https://clutch.co/profile/c3-business-solutions","http://www.c3biz.com","info@c3biz.com"
"58","Orion Technology Services","https://clutch.co/profile/orion-technology-services","http://www.oriontech.com/","info@oriontech.com"
"59","GAVS Technologies","https://clutch.co/profile/gavs-technologies","https://www.gavstech.com/","anand.paramasamy@gavstech.com"
"60","Nerds Support","https://clutch.co/profile/nerds-support","https://nerdssupport.com/","srichman@nerdssupport.com"
"61","Stored Technology Solutions, Inc.","https://clutch.co/profile/stored-technology-solutions","https://www.storedtech.com/","info@storedtech.com"
"62","HexaFusion IT Solutions","https://clutch.co/profile/hexafusion-it-solutions","http://www.hexafusion.com","sales@hexafusion.com"
"63","Alvarez Technology Group","https://clutch.co/profile/alvarez-technology-group","https://www.alvareztg.com/","info@alvareztg.com"
"64","BDO IT Solutions","https://clutch.co/profile/bdo-it-solutions","https://itsolutions.bdo.ca/","info@bdo.ca"
"65","Rapid7","https://clutch.co/profile/rapid7","https://www.rapid7.com/","info@rapid7.comNA"
"66","Sufalam Technologies Pvt Ltd","https://clutch.co/profile/sufalam-technologies","http://www.sufalamtech.com","info@sufalamtech.comNA"
"67","Cloud Direct","https://clutch.co/profile/cloud-direct","https://www.clouddirect.net/","enquiries@clouddirect.net"
"68","Digital Suite","https://clutch.co/profile/digital-suite","https://www.digitalsuite.cloud/","info@digitalsuite.cloudNA"
"69","Global Data Solutions Limited","https://clutch.co/profile/global-data-solutions","http://en.gds-services.com/","marketing@gds-services.com"
"70","Commercial Group","https://clutch.co/profile/commercial-group","https://www.commercial.co.uk/group/","hello@commercial.co.uk"
"71","Stimulus Web Design","https://clutch.co/profile/stimulus-web-design","http://www.stimuluswebdesign.com","imran@stimuluswebdesign.comNA"
"72","Adept4","https://clutch.co/profile/adept4","https://www.adept4.co.uk/","info@adept4.co.uk"
"73","Mirus IT Solutions","https://clutch.co/profile/mirus-it-solutions","https://www.mirus-it.co.uk/","enquiries@mirus-it.com"
"74","Custom Computer Specialists Inc","https://clutch.co/profile/custom-computer-specialists","http://www.customtech.com/","info@customtech.com"
"75","YJT Solutions","https://clutch.co/profile/yjt-solutions","https://www.yjtsolutions.com/","info@yjtsolutions.com"
"76","Network Data Systems","https://clutch.co/profile/network-data-systems","http://www.network-data.com/","info@network-data.comNA"
"77","Unity Connected Solutions","https://clutch.co/profile/unity-connected-solutions","https://www.unityconnected.com/","sales@unityconnected.com"
"78","Allen Brasil","https://clutch.co/profile/allen-brasil","http://allen.com.br/","contato@allen.com.brNA"
"79","Capito","https://clutch.co/profile/capito","https://www.capito.co.uk/","enquiries@capito.co.uk"
"80","Kelser Corporation","https://clutch.co/profile/kelser-corporation","https://www.kelsercorp.com/","info@kelsercorp.com"
"81","GNC Consulting","https://clutch.co/profile/gnc-consulting","http://www.gnc-consulting.com/","info@gnc-consulting.com"
"82","Zivoke","https://clutch.co/profile/zivoke","https://www.zivoke.com/","ceo@zivoke.com"
"83","IT Security C&T","https://clutch.co/profile/it-security-ct","https://www.itsecurityct.com/english.php","info@itsecurityct.com"
"84","Leverage IT Consulting","https://clutch.co/profile/leverage-it-consulting","http://www.leverageitc.com/","info@LeverageITC.com"
"85","Divine IT Limited","https://clutch.co/profile/divine-it","https://www.divineit.net/","sales@divineit.net"
"86","Giacom Cloud Market","https://clutch.co/profile/giacom-cloud-market","https://cloudmarket.com/","sales@giacom.com"
"87","QuoStar Solutions Limited","https://clutch.co/profile/quostar-solutions","https://www.quostar.com/","info@quostar.com"
"88","ParamInfo","https://clutch.co/profile/paraminfo","http://www.paraminfo.com","info@paraminfo.comNA"
"89","B2E TECHNOLOGY PVT LTD","https://clutch.co/profile/b2e-technology","http://www.b2e.in","enterpriseconsulting@sadasystems.comNA"
"90","ixtel","https://clutch.co/profile/ixtel","https://ixtel.com/","info@ixtel.comNA"
"91","Kyligence Inc.","https://clutch.co/profile/kyligence","http://kyligence.io","info@kyligence.io"
"92","HJS Technology","https://clutch.co/profile/hjs-technology","http://www.hjssolutions.co.uk/","technology@hjssolutions.co.uk"
"93","Kamatera","https://clutch.co/profile/kamatera","https://www.kamatera.com/","sales@kamatera.com"
"94","3chillies","https://clutch.co/profile/3chillies","https://www.3chillies.co.uk/","hello@3chillies.co.ukNA"
"95","PS QuickIT PVT LTD","https://clutch.co/profile/ps-quickit","http://www.psquickit.com/","info@psquickit.com"
"96","ITatOnce","https://clutch.co/profile/itatonce","http://www.itatonce.com/","info@itatonce.comNA"
"97","Roswell IT","https://clutch.co/profile/roswell-it","http://roswellit.com/","info@roswellit.comNA"
"98","Blacklight Solutions","https://clutch.co/profile/blacklight-solutions","http://www.blacklightsolutions.com","sales@blacklightsolutions.com"
"99","Nevtec","https://clutch.co/profile/nevtec","http://www.nevtec.com/","sales@nevtec.com"
"100","Virtuoso IT","https://clutch.co/profile/virtuoso-it","https://www.virtuoso-uk.com/","hello@virtuoso-uk.com"
"101","C/D/H","https://clutch.co/profile/cdh","http://www.cdh.com/","shannoni@cdh.com"
"102","Capture Sage, LLC","https://clutch.co/profile/capture-sage","http://www.capturesage.com","info@capturesage.com"
"103","Equal-Plus Consulting","https://clutch.co/profile/equal-plus-consulting","http://www.equal-plus.com/","marketing@equal-plus.comNA"
"104","Marathon Professional Services","https://clutch.co/profile/marathon-professional-services","http://www.marathon-ps.com/","sales@marathon-ps.com"
"105","Speakserve","https://clutch.co/profile/speakserve","https://www.speakserve.com/","hello@speakserve.com"
"106","iRexx Technologies","https://clutch.co/profile/irexx-technologies","http://www.irexxinc.com","info@irexxinc.com"
"107","Computing Dynamics","https://clutch.co/profile/computing-dynamics","http://www.computingdynamics.co.uk/","theteam@computingdynamics.co.uk"
"108","Orange Business Services","https://clutch.co/profile/orange-business-services","https://www.orange-business.com/en","infos.groupe@orange.com"
"109","Dock 365","https://clutch.co/profile/dock-365","http://www.mydock365.com","info@mydock365.com"
"110","]init[","https://clutch.co/profile/init","https://www.init.de/de/","init@init.de"
"111","Aldridge","https://clutch.co/profile/aldridge","http://aldridge.com/","sales@aldridge.comNA"
"112","Viscomp","https://clutch.co/profile/viscomp","https://www.viscomp.com/#home","info@viscomp.bg"
"113","Polaris Technology","https://clutch.co/profile/polaris-technology","http://www.polaris-tek.com/","info@polaris-tek.comNA"
"114","Ironside","https://clutch.co/profile/ironside","https://www.ironsidegroup.com/","getinsights@ironsidegroup.com"
"115","Productive Edge","https://clutch.co/profile/productive-edge-0","https://www.productiveedge.com/","services@productiveedge.com"
"116","Cirrhus9","https://clutch.co/profile/cirrhus9","http://www.cirrhus9.com","info@cirrhus9.com"
"117","Optimum Solutions","https://clutch.co/profile/optimum-solutions","http://www.theoptimum.net","enterpriseconsulting@sadasystems.comNA"
"118","GoPomelo","https://clutch.co/profile/gopomelo","https://www.gopomelo.com/","info@gopomelo.com"
"119","Red Sky Consulting","https://clutch.co/profile/red-sky-consulting","http://redsky-consulting.com","enterpriseconsulting@sadasystems.comNA"
"120","BISP Solutions Inc.","https://clutch.co/profile/bisp-solutions","http://www.bispsolutions.com/","hitendra.lonare@bisptrainings.comNA"
"121","GEMADEC","https://clutch.co/profile/gemadec","http://www.gemadec.com/","gemadec@gemadec.comNA"
"122","Liontech Solutions","https://clutch.co/profile/liontech-solutions","http://liontech.ca","connect@liontech.caNA"
"123","Genweb2","https://clutch.co/profile/genweb2","https://genweb2.com/","info@genweb2.com'"
"124","Robocom","https://clutch.co/profile/robocom","http://www.robocom.com/","info@robocom.com"
"125","FCM360","https://clutch.co/profile/fcm360","http://www.fcm360.com/","jubin@fcm360.comNA"
"126","Bora Solutions","https://clutch.co/profile/bora-solutions","http://www.bora-bg.com","bora@bora-bg.com"
"127","Directions Technology","https://clutch.co/profile/directions-technology","https://www.directionstech.com.au/","Lachlan@directionstech.com.au"
"128","SpeedyCloud","https://clutch.co/profile/speedycloud","https://www.speedycloud.cc/","social@speedycloud.cn"
"129","InterDyn Artis","https://clutch.co/profile/interdyn-artis","http://www.interdynartis.com/","sales@interdynartis.com"
"130","Kavaa Global Services","https://clutch.co/profile/kavaa-global-services","http://www.kavaa.net/","infos@kavaa.net"
"131","JPC Technologies","https://clutch.co/profile/jpc-technologies","http://www.jpctechnologies.net/","it.jpctechnologies@gmail.comNA"
"132","Big M Resources Limited","https://clutch.co/profile/big-m-resources","http://www.bigm-bd.com/","info@bigm-bd.com"
"133","ACUTEC","https://clutch.co/profile/acutec","https://www.acutec.co.uk/","hello@acutec.co.ukNA"
"134","CompsDoc LLC","https://clutch.co/profile/compsdoc","http://www.compsdoc.com/","Info@Compsdoc.com"
"135","Dovetail Technologies","https://clutch.co/profile/dovetail-technologies","https://www.dovetail.ie/","info@dovetail.ieNA"
"136","Synetek Solutions","https://clutch.co/profile/synetek-solutions","http://www.syneteksolutions.com/","contact@synesolutions.com"
"137","OnApp","https://clutch.co/profile/onapp","https://onapp.com/","marketing@onapp.com"
"138","JDA Software Group","https://clutch.co/profile/jda-software-group","https://jda.com/","info@jda.com"
"139","Technigent","https://clutch.co/profile/technigent","http://www.technigents.com/","salessupport@technigents.comNA"
"140","Sonda","https://clutch.co/profile/sonda","https://www.sonda.com","info.uy@sonda.com"
"141","Lingual Global","https://clutch.co/profile/lingual-global","http://www.lingualglobal.tech","chandan@linuxmail.org"
"142","Sweilem Software And Web Development","https://clutch.co/profile/sweilem-software-web-development","https://sweilem.net/","info@sweilem.net"
"143","Object Sharp","https://clutch.co/profile/object-sharp","http://www.objectsharp.com/","services@objectsharp.comNA"
"144","Dapasoft","https://clutch.co/profile/dapasoft","http://dapasoft.com/","info@dapasoft.com"
"145","Yonghong Tech","https://clutch.co/profile/yonghong-tech","http://en.yonghongtech.com/","public@yonghongtech.comNA"
"146","TMA Solutions","https://clutch.co/profile/tma-solutions","http://www.tmasolutions.com/","bdu@tma.com.vnNA"
"147","Arrow Networks","https://clutch.co/profile/arrow-networks","https://www.arnet.com.au","enterpriseconsulting@sadasystems.comNA"
"148","Greystone Technology Group","https://clutch.co/profile/greystone-technology-group","https://www.greystonetech.com","info@greystonetech.com"
"149","InfoChief","https://clutch.co/profile/infochief","https://infochief.com.vn/En/","info@infochief.com.vn"
"150","The Berkeley Partnership","https://clutch.co/profile/berkeley-partnership","https://www.berkeleypartnership.com/","enquiries@berkeleypartnership.com"
"151","Waypoint Consulting","https://clutch.co/profile/waypoint-consulting","https://www.waypointco.com","info@waypointco.com"
"152","Coasin","https://clutch.co/profile/coasin","http://www.coasin.cl/","enterpriseconsulting@sadasystems.comNA"
"153","Softbox TI","https://clutch.co/profile/softbox-ti","https://softbox.com.br/","softbox@softbox.com.brNA"
"154","Keeran Networks","https://clutch.co/profile/keeran-networks","https://www.keeran.ca/","questions@keeran.caNA"
"155","The GDR Group, Inc.","https://clutch.co/profile/gdr-group","https://www.gdrgroup.com/","sales@gdrgroup.com"
"156","eSource Capital","https://clutch.co/profile/esource-capital","http://esourcecapital.com","sales@esourcecapital.com"
"157","Genex Infosys Limited","https://clutch.co/profile/genex-infosys","http://www.genexinfosys.com/","info@genexinfosys.com"
"158","SpotLink","https://clutch.co/profile/spotlink","http://www.spotlink.com","info@spotlink.com"
"159","Oram Corporate Advisors","https://clutch.co/profile/oram-corporate-advisors","http://www.oramboston.com/","info@oramca.comNA"
"160","Standpunkt Digital","https://clutch.co/profile/standpunkt-digital","https://www.standpunkt.com","info@standpunkt.comNA"
"161","MSS Business Transformation Advisory","https://clutch.co/profile/mss-business-transformation-advisory","https://www.mssbta.com/","info@mssbta.com"
"162","i3solutions","https://clutch.co/profile/i3solutions","http://www.i3solutions.com/","aski3@i3solutions.com"
"163","CTS Companies","https://clutch.co/profile/cts-companies","http://www.cts-companies.com/","info@cts-companies.com"
"164","Cefalo Bangladesh Ltd.","https://clutch.co/profile/cefalo-bangladesh","https://cefalo.com/","mail@cefalo.comNA"
"165","Córdoba Software","https://clutch.co/profile/c%C3%B3rdoba-software","http://www.cordobasoftware.com.ar/","ventas@cordobasoftware.com.ar"
"166","Sand Tech Computer Consulting","https://clutch.co/profile/sand-tech-computer-consulting","http://www.sand-tech.com","support@sand-tech.com"
"167","Mobile App Developers India","https://clutch.co/profile/mobile-app-developers-india","http://mobileappdevelopersindia.com","sales@mobileappdevelopersindia.comNA"
"168","MITI Chile","https://clutch.co/profile/miti-chile","https://www.miti.cl","MEJOR-INDUSTRIA-TI@GOOGLEGROUPS.COM"
"169","Systems Integration","https://clutch.co/profile/systems-integration","https://www.sys-int.com/","support@sys-int.com"
"170","SquareBlue Consulting","https://clutch.co/profile/squareblue-consulting","http://www.squareblueconsulting.com","info@squareblueconsulting.comNA"
"171","Lo IT-Service","https://clutch.co/profile/lo-it-service","https://lo-it24.de/","info@lo-it24.de"
"172","Digitech Bahamas","https://clutch.co/profile/digitech-bahamas","http://www.digitechbahamas.com/store/","enterpriseconsulting@sadasystems.comNA"
"173","Avantika TI","https://clutch.co/profile/avantika-ti","https://www.avantika.mx/","enterpriseconsulting@sadasystems.comNA"
"174","Cactoz Pte Ltd","https://clutch.co/profile/cactoz-pte","http://www.cactoz.com/","sales@cactoz.comNA"
"175","Oyez","https://clutch.co/profile/oyez","http://www.oyez.fr/","contact@oyez.fr"
"176","Emagineers","https://clutch.co/profile/emagineers","http://emagineers.co.uk/","hello@emagineers.co.ukNA"
"177","Data Masons Software","https://clutch.co/profile/data-masons-software","http://www.datamasons.com/","dmsales@datamasons.comNA"
"178","Aperion Information Technologies, Inc.","https://clutch.co/profile/aperion-information-technologies","https://www.aperion.com/","helpdesk@aperion.comNA"
"179","SElevenIT Limited","https://clutch.co/profile/selevenit","https://www.selevenit.com/","support@selevenit.com"
"180","SimplyPHP","https://clutch.co/profile/simplyphp","https://www.simplyphp.com/","info@simplyphp.com"
"181","IntermixIT","https://clutch.co/profile/intermixit","https://www.intermixit.com/","info@intermixit.com"
"182","Digital Village","https://clutch.co/profile/digital-village","https://digitalvillage.network/","letsmeet@digitalvillage.com.au"
"183","Cloud Solution Ltd.","https://clutch.co/profile/cloud-solution","https://cloudsolutionltd.com/","info@cloudsolutionltd.comNA"
"184","DATAHEDRON","https://clutch.co/profile/datahedron","http://datahedron.io","alex.koteles@datahedron.io"
"185","Integration Alpha GmbH","https://clutch.co/profile/integration-alpha-gmbh","http://www.integrationalpha.com","info@integrationalpha.com"
"186","Texas Systems Group","https://clutch.co/profile/texas-systems-group","http://www.txsg.com/","sales@txsg.comNA"
"187","7S Corporation","https://clutch.co/profile/7s-corporation","http://7scorporation.com","rohitgahlyan@gmail.comNA"
"188","Aray Consulting","https://clutch.co/profile/aray-consulting","http://www.arayconsulting.in","support@araycon.com"
"189","ScalHive LLC","https://clutch.co/profile/scalhive","https://scalhive.com/","team@scalhive.comNA"
"190","Logical Triangle Ltd","https://clutch.co/profile/logical-triangle","http://logicaltriangle.co/","'info@logicaltriangle.co"
"191","KYOTO Technologies","https://clutch.co/profile/kyoto-technologies","http://kyoto-tech.com","info@kyoto-tech.com"
"192","Right Click","https://clutch.co/profile/right-click-0","https://www.rclick.com/","enterpriseconsulting@sadasystems.comNA"
"193","IT Girnos","https://clutch.co/profile/it-girnos","http://itgirnos.lt/en/","itgirnos@itgirnos.ltNA"
"194","ITMdevlabs","https://clutch.co/profile/itmdevlabs","http://itmdevlabs.com","hello@itmdevlabs.comNA"
"195","Evolus","https://clutch.co/profile/evolus","https://evolus.vn/","contact@evolus.vnNA"
"196","Spark Systems Limited","https://clutch.co/profile/spark-systems-0","http://www.spark.com.bd/","info@spark.com.bdNA"
"197","SingularLogic.","https://clutch.co/profile/singularlogic","https://portal.singularlogic.eu/","company@singularlogic.euNA"
"198","ArchiTech Solutions","https://clutch.co/profile/architech-solutions","http://www.atscr.com/","info@atscr.netNA"
"199","Mark-One","https://clutch.co/profile/mark-one","http://www.markone.com.bd/","info@markone.com.bd"
"200","Virtual Forge","https://clutch.co/profile/virtual-forge","https://www.virtualforge.com/en/home.html","contact@virtualforge.com"
"201","Marionete","https://clutch.co/profile/marionete","https://marionete.co.uk/","sam.thomsett@marionete.co.ue.c"
"202","Sword & Shield Enterprise Security, Inc.","https://clutch.co/profile/sword-shield-enterprise-security","https://www.swordshield.com/","secureme@swordshield.com"
"203","Digital Performance GmbH","https://clutch.co/profile/digital-performance-gmbh","http://www.digitalperformance.de/","info@digitalperformance.de"
"204","Intelegencia","https://clutch.co/profile/intelegencia","https://www.intelegencia.com/","info@intelegencia.com"
"205","GreyCastle Security","https://clutch.co/profile/greycastle-security","https://www.greycastlesecurity.com/","intel@greycastlesecurity.com"
"206","ECG Management Consultants","https://clutch.co/profile/ecg-management-consultants","http://www.ecgmc.com/","ecg@ecgmc.com"
"207","Webonise","https://clutch.co/profile/webonise","http://webonise.com","hello@webonise.com"
"208","Equancy","https://clutch.co/profile/equancy","http://www.equancy.fr/","levrard@equancy.com"
"209","Interwerk","https://clutch.co/profile/interwerk","http://www.interwerk.com/","enterpriseconsulting@sadasystems.comNA"
"210","IXOLIT","https://clutch.co/profile/ixolit","http://www.ixolit.com","info@ixolit.comNA"
"211","Acora","https://clutch.co/profile/acora","https://www.acora.com/","sales@acora.comNA"
"212","TechnoVista Limited","https://clutch.co/profile/technovista","http://www.technovista.com.bd/","info@technovista.com.bd"
"213","AimBrain","https://clutch.co/profile/aimbrain","https://www.lexicom.io/","sales@aimbrain.com'"
"214","Rev.io","https://clutch.co/profile/revio","https://rev.io/","info@rev.io"
"215","Paper Kite","https://clutch.co/profile/paper-kite","https://www.paperkite.co.nz/","hello@paperkite.co.nzNA"
"216","tCognition, Inc.","https://clutch.co/profile/tcognition","http://www.tcognition.com","info@tcognition.com"
"217","Adagal Sistemas","https://clutch.co/profile/adagal-sistemas","http://www.adagal.net/","info@adagal.es"
"218","enGenius Consulting Group","https://clutch.co/profile/engenius-consulting-group","http://engeniusinc.com","patrick.walton@engeniusinc.com"
"219","TwinCore","https://clutch.co/profile/twincore","http://twincore.net/","cto@twincore.netNA"
"220","Praxis","https://clutch.co/profile/praxis","http://www.praxisglobe.com/","sugerencias@praxis.com.mxNA"
"221","Vintage IT","https://clutch.co/profile/vintage-it","http://www.vintageitltd.com/WS/Page/","info@vintageitltd.'com"
"222","Advanced Networks IT Services Los Angeles","https://clutch.co/profile/advanced-networks-it-services-los-angeles","http://adv-networks.com/","nkeshmiri@adv-networks.com"
"223","Cubica","https://clutch.co/profile/cubica","https://www.cubica.co/","info@cubica.co"
"224","CloudForce","https://clutch.co/profile/cloudforce","http://www.cloudforce.cn/en/","support@cloudforce.cn"
"225","Divensi Inc","https://clutch.co/profile/divensi","http://www.divensi.com","pksamal@divensi.com"
"226","Genuity Systems Limited","https://clutch.co/profile/genuity-systems","http://genuitysystems.com/","info@genuitysystems.com"
"227","Evenly GmbH","https://clutch.co/profile/evenly-gmbh","https://evenly.io/","hello@evenly.io"
"228","IT SEC","https://clutch.co/profile/it-sec","https://itsec.ae/","info@itsec.ae"
"229","Bludel Technologies Nigeria Limited","https://clutch.co/profile/bludel-technologies-nigeria","https://www.bludel.com.ng/","info@bludel.com.ngNA"
"230","PDL - Pelikhovsky Development Lab","https://clutch.co/profile/pdl-pelikhovsky-development-lab","http://pdl.rocks","hello@pdl.rocks"
"231","Helmes AS","https://clutch.co/profile/helmes","https://www.helmes.com/","info@helmes.comNA"
"232","Solvex Dominicana","https://clutch.co/profile/solvex-dominicana","http://www.solvex.com.do/","contacto@solvex.com.doNA"
"233","CarbonTeq","https://clutch.co/profile/carbonteq","https://carbonteq.com/?utm_source=clutch&utm_medium=web&utm_campaign=clutch_traffic","sales@carbonteq.comNA"
"234","Systemscorp","https://clutch.co/profile/systemscorp","http://www.systemscorp.com.ar/","enterpriseconsulting@sadasystems.comNA"
"235","ITechnology Group","https://clutch.co/profile/itechnology-group","http://www.itechnology-group.com/#Accueil","contact@itechnology-group.com"
"236","WIZCNS","https://clutch.co/profile/wizcns","http://www.wizcns.com/","enterpriseconsulting@sadasystems.comNA"
"237","Itools","https://clutch.co/profile/itools","http://www.itools.com.uy","contacto@itools.com.uy"
"238","Fortify Enterprise Inc.","https://clutch.co/profile/fortify-enterprise","https://fortify.pro","management@fortify.pro"
"239","ahyoxsoft","https://clutch.co/profile/ahyoxsoft","http://ahyoxsoft.com/","enquire@ahyoxsoft.comNA"
"240","DiscoverTec","https://clutch.co/profile/discovertec","http://www.discovertec.com/","sales@discovertec.com"
"241","Miracle Technologies ","https://clutch.co/profile/miracle-technologies","https://www.miracletechs.com/","myteam@miracletechs.com"
"242","Arcanus Group","https://clutch.co/profile/arcanus-group","http://www.arcanus-group.com","Info@arcanus.com.uy"
"243","KIO Cyber","https://clutch.co/profile/kio-cyber","https://kiocyber.com/","info.kcs@kionetworks.com"
"244","Fusion Software","https://clutch.co/profile/fusion-software","https://www.fusionsoftware.co.za/","info@fusionsoftware.co.zaNA"
"245","OASIS Net Link Ltd","https://clutch.co/profile/oasis-net-link","https://oasisnetlink.com/","info@oasisnetlink.comNA"
"246","Atlas Digital Partners","https://clutch.co/profile/atlas-digital-partners","http://atlasdigitalpartners.com/","mic@atlasdigitalpartners.comNA"
"247","Fizzmood","https://clutch.co/profile/fizzmood","http://new.fizzmod.com/","info@fizzmood.com"
"248","EventBank ","https://clutch.co/profile/eventbank","https://eventbank.com/","sales@eventbank.com"
"249","Difference Corporation","https://clutch.co/profile/difference-corporation","http://www.differencecorp.com/","support@differencecorp.com"
"250","Think Tribe Technologies LLC","https://clutch.co/profile/think-tribe-technologies","https://www.think-tribe.com","info@think-tribe.comNA"
"251","Applicable Limited","https://clutch.co/profile/applicable","http://applicable.co.nz/","info@applicable.co.nz"
"252","Mediashaker","https://clutch.co/profile/mediashaker","http://www.mediashaker.com","info@mediashaker.com"
"253","Pitch Consultants","https://clutch.co/profile/pitch-consultants","https://www.pitchconsultants.co.uk","info@pitchconsultants.co.ukNA"
"254","Caura & Co.","https://clutch.co/profile/caura-co","https://www.caura.co","team@caura.co"
"255","Adept Systems","https://clutch.co/profile/adept-systems","http://adeptsystems.co.ke/","info@adeptsystems.co.ke"
"256","BBB Creations","https://clutch.co/profile/bbb-creations","http://www.bbbcreations.com","info@bbbcreations.comNA"
"257","Dream Door Soft Ltd.","https://clutch.co/profile/dream-door-soft","http://dreamdoorsoft.com/","info@dreamdoorsoft.com"
"258","Semantive","https://clutch.co/profile/semantive","https://semantive.com/","contact@semantive.com"
"259","Skillbill srl","https://clutch.co/profile/skillbill-srl","http://www.skillbill.it/index.shtml","info@skillbill.itNA"
"260","fleapo","https://clutch.co/profile/fleapo","http://fleapo.com","info@fleapo.com"
"261","Calaps","https://clutch.co/profile/calaps","http://calaps.com/","info@calaps.comNA"
"262","Sobix","https://clutch.co/profile/sobix","https://sobix.net","corp@sobix.net"
"263","InfancyIT","https://clutch.co/profile/infancyit","https://infancyit.com/","info@infancyit.com"
"264","Caravan Interactive","https://clutch.co/profile/caravan-interactive","https://www.crvn.net/","contact@crvn.net"
"265","IES, Inc.","https://clutch.co/profile/ies","http://www.iesAdvisors.com/","contactus@iesadvisors.com"
"266","Digital Transformations","https://clutch.co/profile/digital-transformations","http://digitaltransformations.us","info@digitaltransformations.us"
"267","Infoistic","https://clutch.co/profile/infoistic","http://www.infoistic.com/","contact@infoistic.com"
"268","Rubenstein-Justman Management Consultants","https://clutch.co/profile/rubenstein-justman-management-consultants","http://www.rjmc.net/","rjmc@rjmc.netNA"
"269","Sprint Works","https://clutch.co/profile/sprint-works","https://sprintworks.se/","chrille@sprintworks.seNA"
"270","Idesoftbcn","https://clutch.co/profile/idesoftbcn","http://idesoftbcn.com/","info@idesoftbcn.com"
"271","Frostbyte Interactive","https://clutch.co/profile/frostbyte-interactive","http://www.frostbyteinteractive.com/","team@frostbyteinteractive.com"
"272","Hosting UK","https://clutch.co/profile/hosting-uk","https://hostinguk.net/","sales@hostinguk.net"
"273","Luxoft","https://clutch.co/profile/luxoft","https://www.luxoft.com","romania@luxoft.com"
"274","D.E.S. Computer","https://clutch.co/profile/des-computer","http://www.descomputer.com/","enterpriseconsulting@sadasystems.comNA"
"275","TalhaSoft","https://clutch.co/profile/talhasoft","http://talha.com.bd/","contact@talha.com.bd"
"276","webguerillas","https://clutch.co/profile/webguerillas","https://www.territory-webguerillas.de/","office_ber@webguerillas.com"
"277","Stefanini","https://clutch.co/profile/stefanini-0","http://www.stefanini.com/","marketinginterno@stefanini.comNA"
"278","Goo Apps","https://clutch.co/profile/goo-apps-0","https://gooapps.es/","info@gooapps.net"
"279","Asif Digital","https://clutch.co/profile/asif-digital","http://asifdigital.com","asifha1976@gmail.com"
"280","Workbridge Associates","https://clutch.co/profile/workbridge-associates","https://www.workbridgeassociates.com/","enterpriseconsulting@sadasystems.comNA"
"281","Sofenx","https://clutch.co/profile/sofenx","https://www.sofenx.com/","contact@sofenx.com"
"282","Fewlink Technologies","https://clutch.co/profile/fewlink-technologies","https://www.fewlink.com/","info@fewlink.comNA"
"283","Audacious Inquiry","https://clutch.co/profile/audacious-inquiry","https://ainq.com/","info@ainq.comNA"
"284","FUSIO","https://clutch.co/profile/fusio","https://www.fusio.net/","info@fusio.netNA"
"285","BITCO LLC","https://clutch.co/profile/bitco","http://businessitco.com/","support@businessitco.com"
"286","Plasma Computing Group","https://clutch.co/profile/plasma-computing-group","http://www.plasmacomp.com/","sales@plasmacomp.com"
"287","Brio Solutions","https://clutch.co/profile/brio-solutions","http://www.briosolutions.com/","info@briosolutions.com"
"288","Darkhorse Analytics","https://clutch.co/profile/darkhorse-analytics","https://www.darkhorseanalytics.com/","info@darkhorseanalytics.com"
"289","ACSIUS Technologies Pvt. Ltd.","https://clutch.co/profile/acsius-technologies","http://www.acsius.com/","info@acsius.comNA"
"290","IIH Nordic","https://clutch.co/profile/iih-nordic","https://iihnordic.com/","iih@iihnordic.comNA"
"291","Blue Wren","https://clutch.co/profile/blue-wren","http://www.bluewren.co.uk/","hello@bluewren.co.ukNA"
"292","Wunderman Budapest","https://clutch.co/profile/wunderman-budapest","http://wundermanbudapest.hu/rolunk","enterpriseconsulting@sadasystems.comNA"
"293","Sea-Wing Designs","https://clutch.co/profile/sea-wing-designs","https://seawingdesigns.com/","jason@seawingdesigns.com"
"294","Smartis Interactive","https://clutch.co/profile/smartis-interactive","http://www.smartis.com.tr/","internet@smartis.com.t'rNA"
"295","DataSoft Systems Bangladesh Limited","https://clutch.co/profile/datasoft-systems-bangladesh","http://datasoft-bd.com/","info@datasoft-bd.com"
"296","Kluster Intelligence","https://clutch.co/profile/kluster-intelligence","https://kluster.com/","info@kluster.com"
"297","BBmedia","https://clutch.co/profile/bbmedia","http://www.bbmedia.co.jp/en/","enterpriseconsulting@sadasystems.comNA"
"298","Briskon Technologies","https://clutch.co/profile/briskon-technologies","http://www.briskon.com","info@briskon.comNA"
"299","RGB Interactive LLC","https://clutch.co/profile/rgb-interactive","http://www.rgbinteractive.com","enterpriseconsulting@sadasystems.comNA"
"300","Tie National","https://clutch.co/profile/tie-national","http://www.tienational.com/","info@tienational.comNA"
"301","BCS","https://clutch.co/profile/bcs","http://bcsconsultants.com/","Sales@BCSConsultants.comNA"
"302","Mambo Microsystems Limited","https://clutch.co/profile/mambo-microsystems","https://www.mambo.co.ke/","info@mambo.co.ke"
"303","Vital Solutions","https://clutch.co/profile/vital-solutions-0","https://vitalsols.com","info@vitalsols.comNA"
"304","Moran Dán Productions","https://clutch.co/profile/moran-d%C3%A1n-productions","https://morandan.com/","inquiry@morandan.com"
"305","GLOBAL SCOPE","https://clutch.co/profile/global-scope","http://www.globalscope.qa/index.php?route=common/home","info@globalscope.qa"
"306","Six Ticks Ltd","https://clutch.co/profile/six-ticks","http://www.sixticks.com","sales@sixticks.com"
"307","Movey ","https://clutch.co/profile/movey","https://www.movey.co.uk/","info@movey.co.uk"
"308","ip-Xchange","https://clutch.co/profile/ip-xchange","http://www.ip-xchange.com/","info@ip-Xchange.com"
"309","Global Surface Intelligence","https://clutch.co/profile/global-surface-intelligence","https://www.surfaceintelligence.com","info@surfaceintelligence.courf"
"310","Jones Networking","https://clutch.co/profile/jones-networking","http://jonesnet.com/","jobs@jonesnet.comNA"
"311","Visionstate Inc","https://clutch.co/profile/visionstate","https://www.visionstate.com/","info@visionstate.com"
"312","Dextra Technologies","https://clutch.co/profile/dextra-technologies","http://www.dextratech.com/","info@dextratech.com"
"313","Fuseology Creative","https://clutch.co/profile/fuseology-creative","https://fuseologycreative.com/","michael@fuseologycreative.com"
"314","365 Technologies","https://clutch.co/profile/365-technologies","https://www.365tech.ca/","support@365tech.caNA"
"315","CMW Architects & Engineers","https://clutch.co/profile/cmw-architects-engineers","http://www.cmwaec.com/","dwatkins@cmwaec.com"
"316","Intelligent Graphic and Code","https://clutch.co/profile/intelligent-graphic-code","http://www.igcenterprises.com/#home","hello@igc.pm"
"317","High Country Search Group","https://clutch.co/profile/high-country-search-group","https://highcountrysearch.com/","enterpriseconsulting@sadasystems.comNA"
"318","Cheerfy","https://clutch.co/profile/cheerfy","https://www.es.cheerfy.com/","info@cheerfy.com"
"319","Graviton Consulting Services","https://clutch.co/profile/graviton-consulting-services","http://www.gravitonconsulting.com/","info@gravitonconsulting.com"
"320","Agencia de Marketing Digital AMD","https://clutch.co/profile/agencia-de-marketing-digital-amd-0","https://paginas-web.com.co/","info@agenciamarketingdigital.com.coNA"
"321","Ayata","https://clutch.co/profile/ayata","https://www.ayata.com/","info@ayata.com"
"322","Green Orchid Software Solutions","https://clutch.co/profile/green-orchid-software-solutions","http://www.greenorchidsolutions.com","info@greenorchidsolutions.com"
"323","Pepakura Digital","https://clutch.co/profile/pepakura-digital","http://www.pepakuradigital.com/","contact@pepakuradigital.com"
"324","Deci Digital","https://clutch.co/profile/deci-digital","https://decidigital.com/","info@decidigital.com"
"325","Imaginatio Agencia de Marketing Digital","https://clutch.co/profile/imaginatio-agencia-de-marketing-digital","https://www.imaginatio.com.co/","info@imaginatio.com.co"
"326","OnnoRokomSoftware Ltd.","https://clutch.co/profile/onnorokomsoftware","https://www.onnorokomsoftware.com/","info@onnorokomsoftware.com"
"327","Satisfaction","https://clutch.co/profile/satisfaction","http://www.the-satisfaction.com/","info@the-satisfaction.com"
"328","Resolve studio","https://clutch.co/profile/resolve-studio","http://resolvestudio.co/","info@resolvestudio.co"
"329","Info Alchemy Corporation","https://clutch.co/profile/info-alchemy-corporation","https://www.info-alchemy.com/","marketing@info-alchemy.com"
"330","Fonbell Solution","https://clutch.co/profile/fonbell-solution","https://fonbellsolutions.com","enquiry@fonbellsolutions.com"
"331","Hertzian","https://clutch.co/profile/hertzian","http://www.hertzian.co.uk/","hello@hertzian.co.uk"
"332","5NINES Global LLP","https://clutch.co/profile/5nines-global-llp","https://www.99999.co.uk/","info@99999.co.uk"
"333","Twilight IT Solutions","https://clutch.co/profile/twilight-it-solutions","https://twilightitsolutions.com/","sales@twilightsoftwares.comNA"
"334","Sanctus IT","https://clutch.co/profile/sanctus-it","http://www.sanctusit.com","sales@sanctusit.com"
"335","Active 8 ","https://clutch.co/profile/active-8","https://www.a8.sg/","enterpriseconsulting@sadasystems.comNA"
"336","eLynx IT Solutions ","https://clutch.co/profile/elynx-it-solutions","http://www.elynx.com.ph/","info@elynx.com.ph"
"337","DemandBlue","https://clutch.co/profile/demandblue","https://www.demandblue.com","info@demandblue.com"
"338","DOT Vision","https://clutch.co/profile/dot-vision","http://www.dotvisionit.com","info@dotvisionit.com"
"339","HebronSoft","https://clutch.co/profile/hebronsoft","https://hebronsoft.com/","enterpriseconsulting@sadasystems.comNA"
"340","Micro Systems Support Corp","https://clutch.co/profile/micro-systems-support-corp","http://www.msscweb.com/","sales@msscweb.comNA"
"341","Digismart","https://clutch.co/profile/digismart","http://digismart.pt/contactos/","info@digismart.pt"
"342","Brand PDQ","https://clutch.co/profile/brand-pdq","https://www.brandpdq.com","brandpdq@ipwatch.com"
"343","ammanseo ","https://clutch.co/profile/ammanseo","http://www.ammanseo.com/","info@ammanseo.comNA"
"344","Husar Labs","https://clutch.co/profile/husar-labs","http://www.husarlabs.com","hello@husarlabs.com"
"345","Guardian IT Limited","https://clutch.co/profile/guardian-it","http://www.guardianit-bd.com/","info@guardianit-bd.com'"
"346","SysEne Consulting Inc.","https://clutch.co/profile/sysene-consulting","http://sysene.com","craiglouie@sysene.com"
"347","Social POP","https://clutch.co/profile/social-pop","http://www.socialpop.com/","info@socialpop.com"
"348","FiniteSum","https://clutch.co/profile/finitesum","https://finitesum.com","hello@finitesum.com"
"349","FreshDataLabs","https://clutch.co/profile/freshdatalabs","http://freshdatalabs.com/","aravind@freshdatalabs.comNA"
"350","Iron Horse Management Consultants","https://clutch.co/profile/iron-horse-management-consultants","http://ironhorseconsultants.com/","Steve.Krisik@IronHorseConsultants.com"
"351","Delta Unit","https://clutch.co/profile/delta-unit","http://www.deltaunit.com","hello@deltaunit.com"
"352","10 Degrees","https://clutch.co/profile/10-degrees","https://www.10degrees.uk/","hello@10degrees.uk"
"353","WS Technology Consulting","https://clutch.co/profile/ws-technology-consulting","http://www.wstechconsulting.com/","info@wstechconsulting.com"
"354","EnCata Soft","https://clutch.co/profile/encata-soft","http://encata-soft.net","contacts@encata-soft.net"
"355","Digital Zen Works","https://clutch.co/profile/digital-zen-works","http://www.digitalzenworks.com","jamesmc@digitalzenworks.com"
"356","CCR Technologies","https://clutch.co/profile/ccr-technologies","https://www.ccr-tech.com/","info@ccr-tech.com"
