"","name","url","website","clutch_email"
"1","SWC Technology Partners","https://clutch.co/profile/swc-technology-partners","http://www.swc.com","info@swc.comNA"
"2","Kellton Tech Solutions","https://clutch.co/profile/kellton-tech-solutions","http://www.kelltontech.com/","ask@kelltontech.com"
"3","NGenious Solutions Inc.","https://clutch.co/profile/ngenious-solutions","http://ngenioussolutions.com/","sales@ngenioussolutions.com"
"4","SADOS","https://clutch.co/profile/sados","https://sados.com/","info@sados.com"
"5","Core-Effect","https://clutch.co/profile/core-effect","http://www.core-effect.com","info@core-effect.com"
"6","greetgo! LLC","https://clutch.co/profile/greetgo","http://greet-go.com","info@greet-go.com"
"7","MetaDesign Solutions","https://clutch.co/profile/metadesign-solutions","https://metadesignsolutions.com/","sales@metdesignsolutions.com"
"8","Berg Software","https://clutch.co/profile/berg-software","http://berg-software.com/","contact@berg-software.comNA"
"9","Algoworks","https://clutch.co/profile/algoworks","https://goo.gl/tMJjd6","sales@algoworks.comNA"
"10","Cygnis Media","https://clutch.co/profile/cygnis-media","https://www.cygnismedia.com","sales@cygnismedia.comNA"
"11","Crystalloids","https://clutch.co/profile/crystalloids","http://www.crystalloids.com","info@crystalloids.com"
"12","XTIVIA (formerly Strategic Sales Systems)","https://clutch.co/profile/xtivia-formerly-strategic-sales-systems","https://www.xtivia.com/","mikea@sssworld.comNA"
"13","TestArmy","https://clutch.co/profile/testarmy","http://www.testarmy.com","contact@testarmy.comNA"
"14","Pixafy","https://clutch.co/profile/pixafy","http://pixafy.com","digitaltherapy@pixafy.comNA"
"15","Facilité Informatique Canada inc.","https://clutch.co/profile/facilit%C3%A9-informatique-canada","http://www.facilite.com","montreal@facilite.com"
"16","Webini.co","https://clutch.co/profile/webinico","http://www.webini.co","hello@webini.co"
"17","Optimum","https://clutch.co/profile/optimum","http://www.optimumcs.com","info@optimumcs.com"
"18","AALOGICS","https://clutch.co/profile/aalogics","http://www.aalogics.com/","ceo@aalogics.com"
"19","Forte Group","https://clutch.co/profile/forte-group","http://fortegrp.com","marketing@fortegrp.com"
"20","GroupBWT","https://clutch.co/profile/groupbwt","https://www.groupbwt.com","management@groupbwt.com"
"21","Global Infonet","https://clutch.co/profile/global-infonet","http://global-infonet.com/","info@global-infonet.com"
"22","Noxtton","https://clutch.co/profile/noxtton","http://noxtton.com","sales@noxtton.comNA"
"23","KNS Technologies","https://clutch.co/profile/kns-technologies","http://knstek.com/","contact@knstek.com"
"24","Twistellar Ltd.","https://clutch.co/profile/twistellar","http://twistellar.com","hello@twistellar.com"
"25","Diaspark","https://clutch.co/profile/diaspark-0","http://www.diaspark.com/","mobility@diaspark.comNA"
"26","Chapter247 Infotech","https://clutch.co/profile/chapter247-infotech","http://chapter247.com/","askus@chapter247.com"
"27","Variance Infotech Pvt LTD","https://clutch.co/profile/variance-infotech","http://www.varianceinfotech.com/","info@varianceinfotech.com"
"28","Cron d.o.o.","https://clutch.co/profile/cron-doo","https://crondev.com","hello@crondev.com"
"29","Havooz ICT Services","https://clutch.co/profile/havooz-ict-services","http://www.havooz.com","info@havooz.com"
"30","InfoGrow","https://clutch.co/profile/infogrow","http://www.infogrowcorp.com","Info@infogrowcorp.comNA"
"31","Pixelcabin","https://clutch.co/profile/pixelcabin","https://pixelcabin.io","hello@pixelcabin.io"
"32","Napoleon IT","https://clutch.co/profile/napoleon-it","http://vision.napoleonit.com","hello@napoleonit.comNA"
"33","WorkXpress - Custom Software Solutions","https://clutch.co/profile/workxpress-custom-software-solutions","http://www.workxpress.com","sales@workxpress.com"
"34","GrinTeq","https://clutch.co/profile/grinteq","https://grinteq.com/","info@grinteq.com"
"35","Endsight","https://clutch.co/profile/endsight","http://www.endsight.net/","sales@endsight.net"
"36","SECL Group","https://clutch.co/profile/secl-group","https://seclgroup.com/","info@swc.comNA"
"37","immixGroup","https://clutch.co/profile/immixgroup","http://www.immixgroup.com/","info@immixgroup.com"
"38","Onix ","https://clutch.co/profile/onix","http://www.onixnet.com/","marketing@onixnet.comNA"
"39","ForceBrain - Out of Business","https://clutch.co/profile/forcebrain-out-business","http://forcebrain.com","jfabre@forcebrain.comNA"
"40","Covalense","https://clutch.co/profile/covalense","http://www.covalense.com","sales@covalense.com"
"41","CapTech","https://clutch.co/profile/captech","http://www.captechconsulting.com/","info@swc.comNA"
"42","BlueApple Technologies Pvt Ltd","https://clutch.co/profile/blueapple-technologies","http://www.blueappleonline.com/mobile-application-development.php","info@blueappleonline.com"
"43","Gurucul","https://clutch.co/profile/gurucul","http://gurucul.com/","'info@gurucul.com"
"44","Progressive Infotech Pvt. Ltd","https://clutch.co/profile/progressive-infotech","https://progressive.in/","solutions@progressive.in"
"45","VoiceGate Technologies","https://clutch.co/profile/voicegate-technologies","http://www.voicegateindia.com","smadderi@gmail.comNA"
"46","Munisys","https://clutch.co/profile/munisys","http://www.munisys.net.ma/","munisys@munisys.net.ma"
"47","Paradiso","https://clutch.co/profile/paradiso","http://www.paradisosoftware.com","marketing@paradisosoftware.com"
"48","Fusion Factor Corporation ","https://clutch.co/profile/fusion-factor-corporation","https://www.fusionfactor.com/","info@fusionfactor.com"
"49","Triella Corp.","https://clutch.co/profile/triella-corp","http://www.triella.com","cbennett@triella.com"
"50","Core Security","https://clutch.co/profile/core-security","https://www.coresecurity.com/","info@coresecurity.com"
"51","Lookout","https://clutch.co/profile/lookout","https://www.lookout.com/","security@lookout.com"
"52","Uniecommerce","https://clutch.co/profile/uniecommerce","http://www.uniecommerce.com/","contact@uniecommerce.com"
"53","ChinaNetCloud","https://clutch.co/profile/chinanetcloud","https://www.chinanetcloud.com/en/","sales@chinanetcloud.com"
"54","3GC Group","https://clutch.co/profile/3gc-group","https://www.3gcgroup.com/","info@3gcgr'oup.comNA"
"55","Silversands","https://clutch.co/profile/silversands","https://www.silversands.co.uk/","info@silversands.co.ukNA"
"56","ISCG","https://clutch.co/profile/iscg","http://www.iscg.pl","sales@iscg.pl"
"57","IT Accuracy","https://clutch.co/profile/it-accuracy","https://www.itaccuracy.com/","contactus@itaccuracy.comNA"
"58","Custom Soft","https://clutch.co/profile/custom-soft","http://www.custom-soft.com/","customsoftsolutions@gmail.comNA"
"59","Intelligent Technical Solutions ","https://clutch.co/profile/intelligent-technical-solutions","http://itsasap.com","salesteam@itsasap.com"
"60","IT Concept","https://clutch.co/profile/it-concept","https://it-concept.kr/","info@it-concept.kr"
"61","Liberty Technology","https://clutch.co/profile/liberty-technology","http://libertytech.net/","info@libertytech.net"
"62","Think Communications Inc","https://clutch.co/profile/think-communications-0","http://thinkcommunications.ca/","sales@thinkcommunications.caNA"
"63","Briteskies","https://clutch.co/profile/briteskies","http://www.briteskies.com/","info@briteskies.comNA"
"64","RM Education","https://clutch.co/profile/rm-education","http://www.rm.com/","pr@rm.com"
"65","Digital Guardian","https://clutch.co/profile/digital-guardian","https://digitalguardian.com/","info@digitalguardian.com"
"66","Calsoft Systems","https://clutch.co/profile/calsoft-systems","http://www.calsoft.com/","info@calsoft.com"
"67","TSG Technology Group","https://clutch.co/profile/tsg-technology-group","http://www.tsg.com/","info@tsg.com"
"68","Apps Associates","https://clutch.co/profile/apps-associates","http://www.appsassociates.com/","contactus@appsassociates.com"
"69","Info Lab Pte Ltd.","https://clutch.co/profile/info-lab-pte","http://www.info-lab.com/","support@info-lab.comNA"
"70","ClearPeople","https://clutch.co/profile/clearpeople","http://www.clearpeople.com/","info@clearpeople.comNA"
"71","Perfect Leap Technology Inc","https://clutch.co/profile/perfect-leap-technology","https://www.perfectleap.com/","sales@perfectleap.com"
"72","Next Dimension","https://clutch.co/profile/next-dimension","http://www.nextdimensioninc.com/","info@nextdimensioninc.comNA"
"73","Chaitin Tech","https://clutch.co/profile/chaitin-tech","https://www.chaitin.cn/en/","info@chaitin.cn"
"74","Fordway","https://clutch.co/profile/fordway","http://www.fordway.com/","sales@fordway.com"
"75","DAEM SA","https://clutch.co/profile/daem-sa","http://www.daem.gr/en/","daem@daem.gr"
"76","Lincoln Computer Services","https://clutch.co/profile/lincoln-computer-services","https://lincolnit.com/","info@lincolnit.comNA"
"77","Agile IT","https://clutch.co/profile/agile-it","http://www.AgileIT.com","sales@agileit.com"
"78","UnifyCloud LLC","https://clutch.co/profile/unifycloud","https://www.unifycloud.com","info@unifycloud.comNA"
"79","Cce Limited","https://clutch.co/profile/cce","https://www.cce.co.uk/","alex.buzzard@cce.co.ukNA"
"80","IT Mindshare","https://clutch.co/profile/it-mindshare","http://www.itmindshare.com/","help@itmindshare.com"
"81","Frontera Consulting","https://clutch.co/profile/frontera-consulting","http://www.fronteraconsulting.net/","info@fronteraconsulting.netNA"
"82","PhilWaltonConsultancy","https://clutch.co/profile/philwaltonconsultancy","http://www.philwaltonconsultancy.co.uk","phil@philwaltonconsultancy.co.uk"
"83","N+ONE Datacenters","https://clutch.co/profile/none-datacenters","https://www.nplusone.ma/contact-4/","info@nplusone.maNA"
"84","GXA Network Solutions","https://clutch.co/profile/gxa-network-solutions","https://gxait.com/","sales@gxait.com"
"85","Synesis IT","https://clutch.co/profile/synesis-it","http://www.synesisitltd.com/","info@synesisit.com.bd'"
"86","D1 Technologies","https://clutch.co/profile/d1-technologies","http://www.d1tech.net/","info@swc.comNA"
"87","Backbone Connect Limited","https://clutch.co/profile/backbone-connect","https://www.backboneconnect.co.uk","hello@backboneconnect.co.uk"
"88","KINETIKON","https://clutch.co/profile/kinetikon","https://www.kinetikon.com/","info@kinetikon.comNA"
"89","Spark PR","https://clutch.co/profile/spark-pr","https://sparkpr.com/","jordan.marcus@sparkpr.com"
"90","ANS Group plc","https://clutch.co/profile/ans-group-plc","https://www.ans.co.uk/","enquiries@ansgroup.co.uk'"
"91","Amri Consulting","https://clutch.co/profile/amri-consulting","http://www.amriconsulting.com","tal-el@amriconsulting.com"
"92","Twin Systems","https://clutch.co/profile/twin-systems","https://www.twinsystems.com/","LetsTalk@twinsystems.com"
"93","IT Convergence","https://clutch.co/profile/it-convergence","http://www.itconvergence.com/","info@itconvergence.com"
"94","Vertex Solutions Corporation","https://clutch.co/profile/vertex-solutions-corporation","https://www.vertexcorp.ca/","tsanders@vertexcorp.ca"
"95","CentriLogic","https://clutch.co/profile/centrilogic","https://www.centrilogic.com","sales@centrilogic.comNA"
"96","ClearFuze Networks, Inc.","https://clutch.co/profile/clearfuze-networks","https://www.clearfuze.com/","team@clearfuze.com"
"97","Certum","https://clutch.co/profile/certum","https://www.certum.co.uk/","info@certum.co.uk"
"98","First Contact","https://clutch.co/profile/first-contact","http://www.fc4.co.uk","nopaper@fc4.co.ukNA"
"99","InnerCircle Technology Advisors","https://clutch.co/profile/innercircle-technology-advisors","http://www.innercircleit.com/","info@innercircleit.com"
"100","Jabtech","https://clutch.co/profile/jabtech","https://www.jabtech.net/","info@jabtech.netNA"
"101","Think Connected, LLC","https://clutch.co/profile/think-connected","http://www.thinkconnected.com","sales@thinkconnected.com"
"102","Asseco Lithuania","https://clutch.co/profile/asseco-lithuania","https://lt.asseco.com/en/","info@asseco.lt"
"103","SpiderGroup","https://clutch.co/profile/spidergroup","https://www.spidergroup.com/","info@spidergroup.co.ukNA"
"104","Smarthost Design Technologies","https://clutch.co/profile/smarthost-design-technologies","http://smarthostdesign.com","info@smarthostdesign.comNA"
"105","Blue Profile Ltd","https://clutch.co/profile/blue-profile","https://www.blueprofile.co.uk/","info@bluepro'file.co.uk"
"106","KTS","https://clutch.co/profile/kts","http://ktsjordan.com/","info@ktsjordan.com"
"107","NetQuest","https://clutch.co/profile/netquest","https://www.nquest.com/","info@swc.comNA"
"108","General Dynamics Information Technology","https://clutch.co/profile/general-dynamics-information-technology","https://gdit.com/","info@gdit.com"
"109","Spot Migration Co","https://clutch.co/profile/spot-migration-co","http://spotmigration.com","sales@spotmigration.comNA"
"110","FastWeb","https://clutch.co/profile/fastweb","http://www.fastweb.com.cn/a/english/en_AboutUs.html","fwsales@fastweb.com.cnNA"
"111","Infogain","https://clutch.co/profile/infogain","https://www.infogain.com/","salesteam@infogain.com"
"112","CloudWave, Healthcare IT Solutions","https://clutch.co/profile/cloudwave-healthcare-it-solutions","http://gocloudwave.com/","customersfirst@gocloudwave.comNA"
"113","Teeming Network Limited","https://clutch.co/profile/teeming-network","http://www.teemingnetwork.com/","info@teemingnetwork.comNA"
"114","Talan","https://clutch.co/profile/talan","https://www.talan.com","info@swc.comNA"
"115","Digitro Tecnologia","https://clutch.co/profile/digitro-tecnologia","http://www.digitro.com/pt/index.php","contato@digitro.com.br"
"116","System Technologies","https://clutch.co/profile/system-technologies","http://www.st.by/en/","info@st.by"
"117","Alpha7","https://clutch.co/profile/alpha7","http://www.alpha7.co/","marketing@alpha7.co"
"118","Correct Solutions","https://clutch.co/profile/correct-solutions","https://correct.com.au/","info@correct.com.au"
"119","Paradise Computing Ltd","https://clutch.co/profile/paradise-computing","http://www.paradisecomputing.co.uk/","sales@paradisecomputing.co.uk"
"120","iDealTech Solutions Pte Ltd","https://clutch.co/profile/idealtech-solutions-pte","http://www.idealtech-solutions.com.sg/","sales@idealtech-solutions.com.sg"
"121","COREBI SA","https://clutch.co/profile/corebi-sa","http://corebi.com.ar/","info@corebi.com.ar"
"122","Mark III Systems","https://clutch.co/profile/mark-iii-systems","http://www.markiiisys.com/","info@markiiisys.com"
"123","Silent Infotech","https://clutch.co/profile/silent-infotech","https://silentinfotech.com/","contact@silentinfotech.com"
"124","Tech Gap Italia","https://clutch.co/profile/tech-gap-italia","https://www.techgap.it/","info@techgap.it"
"125","Nouveau Solutions Ltd","https://clutch.co/profile/nouveau-solutions","http://www.nouveau.co.uk/","sales@nouveau.co.uk"
"126","Cornerstone Consulting","https://clutch.co/profile/cornerstone-consulting-0","http://cornerstone1.com","info@ccisap.com"
"127","M&N Communications","https://clutch.co/profile/mn-communications","https://www.telecomexpensereduction.com/","melvinwilliams@telecomexpensereduction.com"
"128","TXNetworks","https://clutch.co/profile/txnetworks","http://www.txnetworks.cn/index.html","cnsupport@txnetworks.cn"
"129","Edgematics Technologies","https://clutch.co/profile/edgematics-technologies","http://edgematics.com/","sales@edgematics.com"
"130","WebImprints","https://clutch.co/profile/webimprints","http://www.webimprints.com/","info@webimprints.com"
"131","Quality Business Solutions","https://clutch.co/profile/quality-business-solutions","http://www.qbs.jo","info@qbs.jo"
"132","Oncase","https://clutch.co/profile/oncase","https://oncase.com.br/","contato@oncase.com.br"
"133","Net Works Consulting Resources","https://clutch.co/profile/net-works-consulting-resources","http://www.networkscr.com","sales@networkscr.com"
"134","VRS Technology","https://clutch.co/profile/vrs-technology","https://www.vrstech.com/","support@vrstech.com"
"135","Preezma","https://clutch.co/profile/preezma","https://preezma.com/","hello@preezma.com"
"136","SYSTEM ADMINS PRO","https://clutch.co/profile/system-admins-pro","https://systemadminspro.com/","office@systemadminspro.comNA"
"137","DataArt","https://clutch.co/profile/dataart","http://www.dataart.com/","sales@dataart.com"
"138","Internap Network Services","https://clutch.co/profile/internap-network-services","http://www.inap.com/","contactsales@INAP.comNA"
"139","CompuOne Corporation","https://clutch.co/profile/compuone-corporation","https://www.compuone.com/","info@CompuOne.com"
"140","SoftwareONE Argentina","https://clutch.co/profile/softwareone-argentina","https://www.softwareone.com/es-ar","info.ar@softwareone.com"
"141","Saturn Systemwares Private Limited","https://clutch.co/profile/saturn-systemwares-private","http://www.saturn.in","sales@saturn.in"
"142","Arena Web Security","https://clutch.co/profile/arena-web-security","https://ehacking.arenawebsecurity.net/","contact@arenawebsecurity.net"
"143","Emerio","https://clutch.co/profile/emerio","https://www.emeriocorp.com/","marketing@emeriocorp.comNA"
"144","Blue Chip","https://clutch.co/profile/blue-chip","https://www.bluechip.co.uk/","info@bluechip.co.uk"
"145","ICSC Corporation","https://clutch.co/profile/icsc-corporation","http://icsc.vn/en/","info@icsc.vn"
"146","inhouseIT","https://clutch.co/profile/inhouseit","http://inhouseit.com/","hello@inhouseit.com"
"147","Xoomworks Ltd","https://clutch.co/profile/xoomworks","https://www.xoomworks.com/bi/","info@xoomworks.com"
"148","WIT Inc.","https://clutch.co/profile/wit","https://www.witinc.com/","info@witinc.comNA"
"149","Osiris Solutions","https://clutch.co/profile/osiris-solutions","http://www.itsupportmalaysia.com/","enquiry@itsupportmalaysia.comNA"
"150","ProSync Technology Group","https://clutch.co/profile/prosync-technology-group","https://www.prosync.com/#/home","info@prosync.com"
"151","Carceron","https://clutch.co/profile/carceron","https://carceron.net/","info@swc.comNA"
"152","wizlynx group","https://clutch.co/profile/wizlynx-group","https://www.wizlynxgroup.com/my/","info@wizlynxgroup.com"
"153","Galvin Technologies","https://clutch.co/profile/galvin-technologies","https://galvintech.com/","support@galvintech.com"
"154","Axom Technologies","https://clutch.co/profile/axom-technologies","https://www.axomtech.com/","info@axomtech.com"
"155","eSecurity Solutions","https://clutch.co/profile/esecurity-solutions","http://www.esecuritysolutions.com/","Sales@eSecuritySolutions.comNA"
"156","Transwarp","https://clutch.co/profile/transwarp","http://www.transwarp.cn/?lang=en","sales@transwarp.io"
"157","Yunshan Networks","https://clutch.co/profile/yunshan-networks","https://www.yunshan.net/en/index.html","info@yunshan.net.cn"
"158","Prosyn","https://clutch.co/profile/prosyn","http://www.prosyn.co.uk/","info@prosyn.netNA"
"159","iSECURE LLC","https://clutch.co/profile/isecure","https://isecurenet.net/","info@isecurenet.netNA"
"160","eMundo GmbH","https://clutch.co/profile/emundo-gmbh","https://www.e-mundo.de","info@e-mundo.de"
"161","HEKR","https://clutch.co/profile/hekr","https://www.hekr.me/en/","hekr@hekr.meNA"
"162","Technologyville, Inc.","https://clutch.co/profile/technologyville","http://www.technologyville.com","info@technologyville.com"
"163","emagine Consulting","https://clutch.co/profile/emagine-consulting","https://www.emagine.co.uk/","info@emagine.co.uk"
"164","flugel.it","https://clutch.co/profile/flugelit","https://flugel.it","infradevs@flugel.itNA"
"165","Corexpert","https://clutch.co/profile/corexpert","http://www.corexpert.net/","info@swc.comNA"
"166","House of IT","https://clutch.co/profile/house-it","https://houseofit.ph/","info@houseofit.com.ph"
"167","TechModi Inc","https://clutch.co/profile/techmodi","http://www.techmodi.com","subodhp@techmodi.inNA"
"168","Ideati","https://clutch.co/profile/ideati","http://www.ideati.net/","info@ideati.net"
"169","HIC Global Solutions","https://clutch.co/profile/hic-global-solutions","https://hicglobalsolutions.com/","piyush@hicglobalsolutions.com"
"170","Custos Monitoring","https://clutch.co/profile/custos-monitoring","https://custos.uy/","info@custos.uy"
"171","ITOS Information Technology Consultants","https://clutch.co/profile/itos-information-technology-consultants","http://www.itosuae.com","anser.sheriff@itosuae.com"
"172","EXCELSIS","https://clutch.co/profile/excelsis","http://excelsis.com.py/","info@excelsis.com.py"
"173","Massive Engineering Services, LLC","https://clutch.co/profile/massive-engineering-services","http://www.massiveengineering.net","sales@massiveengineering.net"
"174","Alluxi","https://clutch.co/profile/alluxi","http://alluxi.mx","gustavo@alluxi.mx"
"175","Data Venture Solutions Ltd.","https://clutch.co/profile/data-venture-solutions","http://www.dataventure.co.uk","info@dataventure.co.uk"
"176","Bricks Technologies","https://clutch.co/profile/bricks-technologies","http://brickstechnologies.com/","sales@brickstechnologies.com"
"177","RJT Solution Beacon","https://clutch.co/profile/rjt-solution-beacon","http://www.rjtsolutionbeacon.com/","info@swc.comNA"
"178","OnnoRokom Software Ltd.","https://clutch.co/profile/onnorokom-software","https://www.osl.one/","info@onnorokomsoftware.com"
"179","Mindnotix Software Solutions ","https://clutch.co/profile/mindnotix-software-solutions","http://www.mindnotix.com","support@mindnotix.com"
"180","BIT Tech","https://clutch.co/profile/bit-tech","http://www.bittech.mx/","info@bittech.mx"
"181","Krome Technologies","https://clutch.co/profile/krome-technologies","http://www.krome.co.uk/","sales@krome.co.ukNA"
"182","HamayaGroup LLC","https://clutch.co/profile/hamayagroup","http://www.hamayagroup.com","hamayagroup7864@gmail.com"
"183","Think Software Services","https://clutch.co/profile/think-software-services","http://thinkss.com/","sales@thinkss.comNA"
"184","Orbit Techno","https://clutch.co/profile/orbit-techno","https://www.orbit-techno.com/","orbittechno.bd@gmail.com"
"185","Face of Art Technologies Ltd","https://clutch.co/profile/face-art-technologies","http://www.fnabd.biz/","info@fnabd.com"
"186","OpenFeel Singapore","https://clutch.co/profile/openfeel-singapore","http://www.openfeel.com/","info@swc.comNA"
"187","AntSpark","https://clutch.co/profile/antspark","http://antspark.me/","info@gogettersme.com"
"188","Webforward","https://clutch.co/profile/webforward","https://www.webfwd.co.uk/","info@swc.comNA"
"189","Analytix IT Solutions","https://clutch.co/profile/analytix-it-solutions","https://www.analytixit.com","saibal@analytix.com"
"190","Aplusify","https://clutch.co/profile/aplusify","http://www.aplusify.com/?utm_source=clutch&utm_medium=referral","wecare@aplusify.comNA"
"191","Jacksonville Technology Services","https://clutch.co/profile/jacksonville-technology-services","https://jax-tech.com/","support@jax-tech.comNA"
"192","Onside Technology Solutions, Inc.","https://clutch.co/profile/onside-technology-solutions","https://onsidetechnology.com/","info@onsidetechnology.com"
"193","Network Bridge","https://clutch.co/profile/network-bridge","http://www.networkbridge.co.uk","web@www.networkbridge.co.ukNA"
"194","Tanta Innovative Limited","https://clutch.co/profile/tanta-innovative","https://tanta.com.ng","sales@tanta.com.ng"
"195","ZiB Consulting Group","https://clutch.co/profile/zib-consulting-group","https://squareup.com","support@zibcg.com"
"196","Oziom Technologies Canada Inc.","https://clutch.co/profile/oziom-technologies-canada","http://www.oziom.ca/","info@oziom.ca"
"197","Panorama Consulting Solutions","https://clutch.co/profile/panorama-consulting-solutions","https://www.panorama-consulting.com/","info@panorama-consulting.comNA"
"198","Black Bits","https://clutch.co/profile/black-bits","http://blackbits.io","michael.drevenstedt@blackbits.io"
"199","Gridsum","https://clutch.co/profile/gridsum","http://www.gridsum.com/en/","globalsales@gridsum.comNA"
"200","TouK","https://clutch.co/profile/touk","http://touk.pl","info.clutch@touk.pl"
"201","Enlightened Technology Group","https://clutch.co/profile/enlightened-technology-group","https://www.etgroup.net/","Sales@etgroup.net"
"202","Infoway","https://clutch.co/profile/infoway","http://www.infoway.us/","sales@infoway.us"
"203","Nextre Engineering","https://clutch.co/profile/nextre-engineering","https://www.nextre.it/","contattaci@nextre.itNA"
"204","Skuid","https://clutch.co/profile/skuid","https://www.skuid.com/","info@skuid.com"
"205","Software Major","https://clutch.co/profile/software-major","https://www.softwaremajor.com/","info@softwaremajor.com"
"206","Borqs","https://clutch.co/profile/borqs","http://www.borqs.com/","services@borqs.comNA"
"207","Agilitas IT Solutions","https://clutch.co/profile/agilitas-it-solutions","http://www.agilitas.co.uk/","info@agilitas.co.ukNA"
"208","Gofore","https://clutch.co/profile/gofore","https://gofore.com","juha.virtanen@gofore.com"
"209","Databarracks","https://clutch.co/profile/databarracks","https://www.databarracks.com/","support@databarracks.comNA"
"210","Fruitful Media Ltd","https://clutch.co/profile/fruitful-media","http://www.fruitfulmedia.com/","hello@fruitfulmedia.com"
"211","Solutions on Demand Ltd","https://clutch.co/profile/solutions-demand","https://sod-it.co.uk/","support@sod-it.co.uk"
"212","Advanced Systems Development Co., Ltd. (ASDC)","https://clutch.co/profile/advanced-systems-development-co-asdc","http://www.asdc.com.cn/en.htm","sales@asdc.com.cnNA"
"213","eWay Corp","https://clutch.co/profile/eway-corp","https://www.ewaycorp.com/","sales@ewaycorp.comNA"
"214","Barbaricum LLC","https://clutch.co/profile/barbaricum","https://barbaricum.com/","inquiries@barbaricum.comNA"
"215","CenterMine","https://clutch.co/profile/centermine","http://www.centermine.com/","office@centermine.com"
"216","Talk Shop","https://clutch.co/profile/talk-shop","https://www.talkshopmedia.com/","info@talkshopmedia.comNA"
"217","Edge Testing Solutions Ltd","https://clutch.co/profile/edge-testing-solutions","http://www.edgetesting.co.uk/","contact@edgetesting.co.uk"
"218","Apar Technologies","https://clutch.co/profile/apar-technologies","http://www.apartechnologies.com/","info@swc.comNA"
"219","Cyntexa Labs Private Limited","https://clutch.co/profile/cyntexa-labs-private","https://www.cyntexa.com/","hello@cyntexa.com"
"220","Zigosoft SRL","https://clutch.co/profile/zigosoft-srl","http://www.zigosoft.ro/en/","stefan.adam@zigosoft.ro"
"221","M.IT.S Co.","https://clutch.co/profile/mits-co","http://www.mits-co.com","info@mits-co.com"
"222","Do IT Wise","https://clutch.co/profile/do-it-wise","https://doitwise.com/","info@swc.comNA"
"223","PSICOTEC","https://clutch.co/profile/psicotec","http://www.psicotec.com/pt/","lisboa@psicotec.pt"
"224","Dynamics HR Management","https://clutch.co/profile/dynamics-hr-management","http://www.dynamics-hr-management.com/en/index.htm","info@swc.comNA"
"225","Mhe.net, Inc","https://clutch.co/profile/mhenet","http://www.mhe.net/","info@mhe.netNA"
"226","SBS Consulting","https://clutch.co/profile/sbs-consulting","https://www.sbs-consulting.ru/en/contacts/","info@sbs-consulting.ruNA"
"227","Emaar Technologies","https://clutch.co/profile/emaar-technologies","http://www.emaartechnologies.com/","info@emaartechnologies.comNA"
"228","Exodus Integrity Services","https://clutch.co/profile/exodus-integrity-services","https://www.gotoeisinc.com/","info@swc.comNA"
"229","Pitang","https://clutch.co/profile/pitang","https://www.pitang.com/home","contato@pitang.com"
"230","K2XO","https://clutch.co/profile/k2xo","http://www.k2xo.com","contact@k2xo.com"
"231","Accountable IT Solutions ","https://clutch.co/profile/accountable-it-solutions","http://aitsolution.ca/","info@aitsolution.caNA"
"232","Arggo Consulting","https://clutch.co/profile/arggo-consulting","http://www.arggo.consulting/","office@arggo.consulting"
"233","Shinn Technology Services Corporation - Fishers, Indiana","https://clutch.co/profile/shinn-technology-services-corporation-fishers-indiana","http://www.shinntechnology.com/","david@ShinnTechnology.comNA"
"234","Silicon Orchard Ltd.","https://clutch.co/profile/silicon-orchard","http://www.siliconorchard.com","support@siliconorchard.com"
"235","Star Web Maker Services Pvt Ltd","https://clutch.co/profile/star-web-maker-services","https://www.starwebmaker.com","info@starwebmaker.comNA"
"236","Syscal","https://clutch.co/profile/syscal","https://syscal.com","info@syscal.com"
"237","INNOVATION HUB CONSULTING","https://clutch.co/profile/innovation-hub-consulting","https://www.ihc.pe/","info@ihc.pe"
"238","Orbital Technologies Inc.","https://clutch.co/profile/orbital-technologies","https://www.orbitaltech.com/","media@box5690.temp.domains"
"239","The Scalers","https://clutch.co/profile/scalers","https://thescalers.com/","sales@thescalers.com"
"240","Blue Frontier","https://clutch.co/profile/blue-frontier","https://www.bluefrontier.co.uk/","info@bluefrontier.co.uk"
"241","Lannet","https://clutch.co/profile/lannet","http://www.lannet.net/","lannet'_mm@lannet.net"
"242","Krav Maga Hacking","https://clutch.co/profile/krav-maga-hacking","http://kmh.uy","info@kmh.uy"
"243","JAS Consultants","https://clutch.co/profile/jas-consultants","http://www.jasconsultants.biz/","enquiry@jasconsultants.biz"
"244","Recursive ","https://clutch.co/profile/recursive","https://www.recursive.ee/","info@recursive.eeNA"
"245","Arwizon","https://clutch.co/profile/arwizon","http://www.arwizon.com/","sales@arwizon.com"
"246","Dial Technologies","https://clutch.co/profile/dial-technologies","https://www.dialtechnologies.net/en/home/","contact@dialy.net"
"247","Coregen Solutions LLC","https://clutch.co/profile/coregen-solutions","https://www.coregensolutions.com/","info@coregensolutions.com"
"248","Social Noise","https://clutch.co/profile/social-noise","http://socialnoise.com/","info@socialnoise.com"
"249","Kamee","https://clutch.co/profile/kamee","https://kamee-software.com/","contact@kamee-software.com"
"250","Cyber Security Services","https://clutch.co/profile/cyber-security-services","https://www.cybersecurityservices.com","sales@cybersecurityservices.comNA"
"251","Fast Floor Multimedia","https://clutch.co/profile/fast-floor-multimedia","http://www.fastfloor.net","info@fastfloor.net"
"252","Head Blocks","https://clutch.co/profile/head-blocks","http://www.head-blocks.com/","info@head-blocks.comNA"
"253","Syntech Solution Ltd","https://clutch.co/profile/syntech-solution","http://www.syntechbd.com","info@syntechbd.com"
"254","EXO IT Solutions GmbH","https://clutch.co/profile/exo-it-solutions-gmbh","https://www.exo-it.com/","info@exo-it.comNA"
"255","Terrace Consulting, Inc","https://clutch.co/profile/terrace-consulting","http://www.terrace.com","info@swc.comNA"
"256","The Mobile Bakery","https://clutch.co/profile/mobile-bakery","http://themobilebakery.com/","info@themobilebakery.com"
"257","Contessa Solutions & Consultants Ltd.","https://clutch.co/profile/contessa-solutions-consultants","http://contessabd.com/","info@contessabd.com"
"258","ANN Technologies","https://clutch.co/profile/ann-technologies","http://www.anntechnologies.in","ajitsingh0110@gmail.com"
"259","Omnius","https://clutch.co/profile/omnius","http://omnius.com.mx/","contacto@omnius.com.mx"
"260","Oliveasia.com","https://clutch.co/profile/oliveasiacom","https://oliveasia.com/","oliveasia@gmail.com"
"261","Karibu","https://clutch.co/profile/karibu","http://karibu.cl/","info@karibu.clNA"
"262","Appcore Labs","https://clutch.co/profile/appcore-labs","http://www.appcorelabs.com","info@appcorelabs.comNA"
"263","Gentle Softs","https://clutch.co/profile/gentle-softs","https://www.gentlesofts.com/","info@gentlesofts.comNA"
"264","Valens DataLabs","https://clutch.co/profile/valens-datalabs","http://valensdatalabs.com/","info@valensdatalabs.comNA"
"265","Scorchsoft Ltd","https://clutch.co/profile/scorchsoft","https://www.scorchsoft.com/","info@scorchsoft.com"
"266","FUNCIONA","https://clutch.co/profile/funciona","http://funcionasi.es/","sheredero@funcionasi.es"
"267","Brand Kidz","https://clutch.co/profile/brand-kidz","http://www.brandkidzbd.com/","info@brandkidz'bd.com"
"268","Noltac","https://clutch.co/profile/noltac","http://noltac.com/","info@noltac.com"
"269","Magnet","https://clutch.co/profile/magnet","https://www.magnet.cl/","contacto@magnet.cl"
"270","Delovnia","https://clutch.co/profile/delovnia","http://www.delovnia.com/es/","info@delovnia.com"
"271","BITS","https://clutch.co/profile/bits","https://helpmebits.com/","info@helpmebits.comNA"
"272","Continuum Managed Services","https://clutch.co/profile/continuum-managed-services","https://www.continuum.net/","facebook@continuum.net"
"273","Besant Technologies","https://clutch.co/profile/besant-technologies","https://www.besanttechnologies.com/","ravi@besanttech.com"
"274","Arden Verity Creative","https://clutch.co/profile/arden-verity-creative","http://www.ardenverity.co.uk","Sales@ArdenVerity.co.ukNA"
"275","Fōcus IT","https://clutch.co/profile/f%C5%8Dcus-it","http://www.focusitstaffing.com/","info@swc.comNA"
"276","4GoodHosting.com","https://clutch.co/profile/4goodhostingcom","http://4goodhosting.com/","sales@4goodhosting.com"
"277","Geosoft","https://clutch.co/profile/geosoft","https://www.geosoft.com/","info@geosoft.com"
"278","BPOSYL Limited","https://clutch.co/profile/bposyl","http://www.bposyl.com/","contact@bposyl.com"
"279","Flow Digital","https://clutch.co/profile/flow-digital","https://www.flowdig.com","info@flowdig.comNA"
"280","GreenWeb","https://clutch.co/profile/greenweb","https://www.greenweb.ir/","info@swc.comNA"
"281","SITO: Software & IT Outsourcing","https://clutch.co/profile/sito-software-it-outsourcing","https://software-it-outsourcing.com","andriy@software-it-outsourcing.com"
"282","STM Software Limited","https://clutch.co/profile/stm-software","http://www.stmsoftwareltd.com/","mabasherstm@gmail.com"
"283","InteliSecure","https://clutch.co/profile/intelisecure","https://www.intelisecure.com/","sales@intelisecure.com"
"284","GoSmartMedia.com","https://clutch.co/profile/gosmartmediacom","https://gosmartmedia.com/","support@gosmartmedia.com"
"285","Argo Ventures Digital Ltd | Sitefinity Partner","https://clutch.co/profile/argo-ventures-digital-sitefinity-partner","https://www.argoventuresdigital.com/","hello@argoventuresdigital.com"
"286","Web-OP","https://clutch.co/profile/web-op","http://web-op.com/","info@swc.comNA"
"287","Smartbridge ","https://clutch.co/profile/smartbridge","https://smartbridge.com/","info@smartbridge.comNA"
"288","Octelio Conseil","https://clutch.co/profile/octelio-conseil","http://www.octelio.com/","contact@octelio.com"
"289","Wizcorp","https://clutch.co/profile/wizcorp","https://www.wizcorp.jp","info@wizcorp.jp"
"290","BizWonk Inc.","https://clutch.co/profile/bizwonk","http://bizwonk.com/","info@bizwonk.com"
"291","Outshine","https://clutch.co/profile/outshine","https://outshine.com/","hello@outshine.comNA"
"292","Arria NLG plc","https://clutch.co/profile/arria-nlg-plc","https://www.arria.com","social@arria.com"
"293","Agiline LLC","https://clutch.co/profile/agiline","http://www.agiline.com/","biz@agiline.com"
"294","Practicology","https://clutch.co/profile/practicology","https://www.practicology.com/","hello@practicology.com"
"295","SII Belgium","https://clutch.co/profile/sii-belgium","https://www.sii.be/","info@sii.beNA"
"296","LIDA","https://clutch.co/profile/lida-0","http://london.lida.com/","info@lida.com"
"297","Fullscreen Websystems ","https://clutch.co/profile/fullscreen-websystems","https://www.fullscreen.pt/en/","geral@fulls'creen.ptNA"
"298","Tecso","https://clutch.co/profile/tecso","http://www.tecso.coop/","comercial@tecso.com.ar"
"299","Phoenix Web Solutions","https://clutch.co/profile/phoenix-web-solutions","https://phoenixws.co.uk/","info@phoenixws.co.ukNA"
"300","Laris Media","https://clutch.co/profile/laris-media","https://www.larismedia.com/","sales@larismedia.com"
"301","Cymetrix Software","https://clutch.co/profile/cymetrix-software","http://www.cymetrixsoft.com","info@cymetrixsoft.com"
"302","Bluefire Consulting","https://clutch.co/profile/bluefire-consulting","http://www.bluefireconsulting.co.uk/","enquiries@bluefireconsulting.co.ukNA"
"303","RadarServices","https://clutch.co/profile/radarservices","https://www.radarservices.com/","office@radarservices.com"
"304","ClearObject","https://clutch.co/profile/clearobject","https://www.clearobject.com/","sales@clearobject.com"
"305","SalesUp!","https://clutch.co/profile/salesup-0","https://www.salesup.com/","info@salesup.com"
"306","BaraltDesign","https://clutch.co/profile/baraltdesign","https://www.websitedesignerinseattle.com/","anamaria@websitedesignerinseattle.com"
"307","JS Techno Solutions Pvt Ltd","https://clutch.co/profile/js-techno-solutions","https://jstechno.com/","sales@jstechno.com"
"308","Table19","https://clutch.co/profile/table19","https://www.table19.co.uk/","hello@table19.co.ukNA"
"309","Raeburn Recruitment","https://clutch.co/profile/raeburn-recruitment","https://www.raeburn.com/","info@raeburn.comNA"
"310","Job Store Staffing","https://clutch.co/profile/job-store-staffing","https://www.jobstorestaffing.com/","info@swc.comNA"
"311","Cat Techologies Argentina","https://clutch.co/profile/cat-techologies-argentina","https://cat-technologies.com/","info@cat-technologies.com"
"312","NFT (Net Fusion Technology)","https://clutch.co/profile/nft-net-fusion-technology","http://netfusiontechnology.com","info@netfusiontechnology.com"
"313","AnswerRocket","https://clutch.co/profile/answerrocket","https://www.answerrocket.com/","info@swc.comNA"
"314","CODES Consultoría","https://clutch.co/profile/codes-consultor%C3%ADa","https://www.codes.com.mx/","ventas@codes.com.mxNA"
"315","Gower Business Systems Ltd","https://clutch.co/profile/gower-business-systems","https://www.gowerbiz.co.uk/","info@gowerbiz.co.uk"
"316","Cynersis Chile","https://clutch.co/profile/cynersis-chile","https://www.cynersis.cl/","info@cynersi's.cl"
"317","Alfaone Infotech","https://clutch.co/profile/alfaone-infotech","http://www.alfaoneinfotech.net/","info@alfaoneinfotech.net"
"318"," Blue Cow Marketing Inc.","https://clutch.co/profile/blue-cow-marketing","https://www.bluecowmarketing.ca/","hello@bluecowmarketing.ca"
"319","Advoco Inc","https://clutch.co/profile/advoco","https://www.advocoinc.com/","info@advocoinc.com"
"320","A.I.M.S. Technology","https://clutch.co/profile/aims-technology","https://aimstechnology.com","admin@aimstechnology.comNA"
"321","Global Consulting International","https://clutch.co/profile/global-consulting-international","https://gci-usa.com/","info@swc.comNA"
"322","Artemis Consulting, Inc.","https://clutch.co/profile/artemis-consulting","http://artemisconsultinginc.com/","info@artemisconsultinginc.comNA"
"323","SpecScale","https://clutch.co/profile/specscale","http://www.specscale.com","info@specscale.com"
"324","Complete Network Support","https://clutch.co/profile/complete-network-support","https://cnsit.com/","contact@cnsit.com"
"325","Saffron Key","https://clutch.co/profile/saffron-key","http://www.saffronkey.com/","info@saffronkey.com"
"326","Collar Search","https://clutch.co/profile/collar-search","https://www.collarsearch.com/","info@collarsearch.com"
"327","The Marketing Consultancy","https://clutch.co/profile/marketing-consultancy","https://www.the-marketing-consultancy.com/","elena@the-marketing-consultancy.com"
"328","Design in the Shires","https://clutch.co/profile/design-shires","http://www.designintheshires.co.uk/","info@designintheshires.co.uk"
"329","Cybicom Software","https://clutch.co/profile/cybicom-software","http://www.cybicom.co.za/","info@swc.comNA"
"330","Empower Success Corps","https://clutch.co/profile/empower-success-corps","https://www.empowersuccesscorps.org/about-esc/","info@empowersuccesscorps.org'"
"331","Bricco Web Services","https://clutch.co/profile/bricco-web-services","http://www.briccowebservices.com/","admin@briccowebservices.comNA"
"332","Hudson River Technologies","https://clutch.co/profile/hudson-river-technologies","http://hrt.bz/","info@hrt.bzNA"
"333","OWL Computing Inc.","https://clutch.co/profile/owl-computing","http://www.owlcomputing.com/","info@owlcomputing.com"
"334","Zaifworks LLC","https://clutch.co/profile/zaifworks","https://www.zaifworks.com","marketing@zaifworks.comNA"
"335","Logique Digital Indonesia","https://clutch.co/profile/logique-digital-indonesia","https://www.logique.co.id/en/index.php","recruit@logique.co.id"
"336","Qmea","https://clutch.co/profile/qmea","http://qmea.fi/","sales@qmea.fiNA"
"337","Tomato Fish Marketing","https://clutch.co/profile/tomato-fish-marketing","http://tomatofishmktg.com/","team@tomatofishmktg.comNA"
"338","CMAS - Systems Consultants","https://clutch.co/profile/cmas-systems-consultants","https://www.cmas-systems.pt/","mail@cmas-systems.comNA"
"339","Archipelago Strategies Group","https://clutch.co/profile/archipelago-strategies-group","http://www.discoverasg.com/","info@discoverasg.com"
"340","Palisades Technology","https://clutch.co/profile/palisades-technology","https://www.palitech.com/","info@palitech.com"
"341","NivaSoft","https://clutch.co/profile/nivasoft","http://www.nivasoftware.com/","steven.nivasoft@gmail.com"
"342","Creative Freedom Marketing & Promotions","https://clutch.co/profile/creative-freedom-marketing-promotions","https://creativefreedom.ca/","contact@creativefreedom.ca"
"343","Repzo","https://clutch.co/profile/repzo","https://repzoapp.com/","info@repzoapp.com"
"344","CuboRubo","https://clutch.co/profile/cuborubo","http://cuborubo.com","hello@cuborubo.com"
"345","Emple Innovations ","https://clutch.co/profile/emple-innovations","https://empleinnovations.com/","bhadrik.ranpariya@empleinnovations.com"
"346","NORDMOUNT","https://clutch.co/profile/nordmount","https://nordmount.com","info@nordmount.com"
"347","Diversity Training & Consulting Inc.","https://clutch.co/profile/diversity-training-consulting","http://www.diversitytraininginc.com/","catherine@diversitytraininginc.comNA"
"348","SuiteRep","https://clutch.co/profile/suiterep","http://suiterep.com","info@suiterep.com"
"349","lu web design","https://clutch.co/profile/lu-web-design","http://www.luwebdesign.com/","info@luwebdesign.com"
"350","Espinoza & Company CPA and IT Consulting","https://clutch.co/profile/espinoza-company-cpa-it-consulting","http://cpavirginiabeach.com/","info@espinozacpa.com"
"351","Alternative Solutions","https://clutch.co/profile/alternative-solutions","http://www.alt-solut.com","info@alt-solut.comNA"
"352","Freya Systems","https://clutch.co/profile/freya-systems","http://freyasystems.net/","info@swc.comNA"
"353","Comptec","https://clutch.co/profile/comptec","http://www.comptectz.com/","info@comptectz.com"
"354","Jones IT","https://clutch.co/profile/jones-it","https://www.itjones.com","info@itjones.comNA"
"355","Hubnet","https://clutch.co/profile/hubnet","https://hubnet.co.tz/","info@hubnet.co.tz"
"356","i2e Consulting LLC","https://clutch.co/profile/i2e-consulting","https://www.i2econsulting.com/","sales@i2econsulting.comNA"
