"";"name";"url";"website"
"1";"BairesDev";"https://clutch.co/profile/bairesdev";"https://bairesdev.com/?utm_source=clutch&utm_medium=referral&utm_campaign=it-svcs"
"2";"NewCloud Networks";"https://clutch.co/profile/newcloud-networks";"http://NewCloudNetworks.com"
"3";"General Networks ";"https://clutch.co/profile/general-networks";"http://www.gennet.com"
"4";"Nuvem Consulting";"https://clutch.co/profile/nuvem-consulting";"http://nuvemconsulting.com"
"5";"ComputerSupport";"https://clutch.co/profile/computersupport";"https://www.computersupport.com/"
"6";"Geeks Ltd";"https://clutch.co/profile/geeks";"https://www.geeks.ltd.uk/"
"7";"Baker Security & Networks";"https://clutch.co/profile/baker-security-networks";"http://www.bsn.ie"
"8";"SETA International";"https://clutch.co/profile/seta-international";"http://www.seta-international.com"
"9";"Computer Maintenance Service";"https://clutch.co/profile/computer-maintenance-service";"http://www.cmsnetworking.com"
"10";"TechMagic";"https://clutch.co/profile/techmagic";"https://www.techmagic.co"
"11";"AppShark Software, Inc.";"https://clutch.co/profile/appshark-software";"https://www.appshark.com/"
"12";"Pegasus One";"https://clutch.co/profile/pegasus-one";"https://www.pegasusone.com"
"13";"Techmango Technology Services Private Limited";"https://clutch.co/profile/techmango-technology-services-private";"https://www.techmango.net/"
"14";"SD Squared";"https://clutch.co/profile/sd-squared";"http://www.sd2labs.com"
"15";"Data Reply";"https://clutch.co/profile/data-reply";"https://www.datareply.co.uk/"
"16";"Fluid Attacks";"https://clutch.co/profile/fluid-attacks";"https://fluidattacks.com/web/en/?utm_source=clutch&utm_medium=referral"
"17";"TechnoCube";"https://clutch.co/profile/technocube";"http://www.technocube.co"
"18";"IQVIS";"https://clutch.co/profile/iqvis";"https://www.iqvis.com/"
"19";"ANiMODUS";"https://clutch.co/profile/animodus";"http://ANiMODUS.com/"
"20";"Napal Innovation ";"https://clutch.co/profile/napal-innovation";"https://www.napal-innovation.xyz/"
"21";"VironIT";"https://clutch.co/profile/vironit";"http://vironit.com"
"22";"Icreativez Technologies";"https://clutch.co/profile/icreativez-technologies";"http://www.icreativez.com"
"23";"Prospus";"https://clutch.co/profile/prospus";"http://www.prospus.com"
"24";"Intuz Cloud | Blockchain Development";"https://clutch.co/profile/intuz-cloud-blockchain-development";"https://www.intuz.com/blockchain"
"25";"Codete";"https://clutch.co/profile/codete";"http://www.codete.com"
"26";"TowerHouseStudio";"https://clutch.co/profile/towerhousestudio";"https://towerhousestudio.com"
"27";"Lemlock";"https://clutch.co/profile/lemlock";"http://lemlock.com"
"28";"Unique Software Development LLC";"https://clutch.co/profile/unique-software-development";"http://www.uniquesoftwaredev.com"
"29";"InsightWhale";"https://clutch.co/profile/insightwhale";"https://insightwhale.com/"
"30";"Pragmatic DLT";"https://clutch.co/profile/pragmatic-dlt";"https://pragmaticdlt.com/"
"31";"TrillionBits Ltd.";"https://clutch.co/profile/trillionbits";"http://www.trillionbits.com"
"32";"APPNWEB ";"https://clutch.co/profile/appnweb";"https://www.appnwebtechnologies.com/"
"33";"Demand Solutions Group";"https://clutch.co/profile/demand-solutions-group";"http://www.demandsolutionsgroup.com"
"34";"Syntech Software";"https://clutch.co/profile/syntech-software";"http://syntech.software/"
"35";"SM Technology Group, LLC";"https://clutch.co/profile/sm-technology-group";"https://www.smtechnologygroup.com/"
"36";"Securonix";"https://clutch.co/profile/securonix";"https://www.securonix.com/"
"37";"Avanade";"https://clutch.co/profile/avanade";"http://www.avanade.com/"
"38";"Kinetix Technology Services";"https://clutch.co/profile/kinetix-technology-services";"http://www.kinetix.com/"
"39";"TeamLogicIT";"https://clutch.co/profile/teamlogicit";"https://www.teamlogicit.com/sandycityut402/"
"40";"Open Systems Technologies, Inc. ";"https://clutch.co/profile/open-systems-technologies";"http://www.ostusa.com/solutions/enterprise/application-development"
"41";"Modus Create";"https://clutch.co/profile/modus-create";"http://moduscreate.com"
"42";"Calabria Technology (Out Of Business)";"https://clutch.co/profile/calabria-technology-out-business";"http://www.calabriatechnology.com"
"43";"Hi-Tech ITO";"https://clutch.co/profile/hi-tech-ito";"http://www.hitechito.com"
"44";"Intercity Technology Ltd";"https://clutch.co/profile/intercity-technology";"https://intercity.technology/"
"45";"ERP International";"https://clutch.co/profile/erp-international";"http://erpinternational.com"
"46";"JK Technology";"https://clutch.co/profile/jk-technology";"http://jktech.com.sg/"
"47";"SailPoint";"https://clutch.co/profile/sailpoint";"https://www.sailpoint.com"
"48";"Revevol";"https://clutch.co/profile/revevol-0";"http://revevol.eu/"
"49";"BlazeDream";"https://clutch.co/profile/blazedream";"https://www.blazedream.com"
"50";"Surety IT";"https://clutch.co/profile/surety-it";"https://www.suretyit.com.au/"
"51";"Bytecafe Consulting";"https://clutch.co/profile/bytecafe-consulting";"http://www.bytecafe.net/"
"52";"Varsity Technologies";"https://clutch.co/profile/varsity-technologies";"http://www.varsitytechnologies.com/"
"53";"Sentinel Technologies";"https://clutch.co/profile/sentinel-technologies";"https://www.sentinel.com/"
"54";"Anblicks";"https://clutch.co/profile/anblicks";"http://www.anblicks.com/"
"55";"Architecting Innovation";"https://clutch.co/profile/architecting-innovation";"https://www.theaiteam.com/"
"56";"Boxfusion Consulting";"https://clutch.co/profile/boxfusion-consulting";"http://www.boxfusionconsulting.com/"
"57";"C3 Business Solutions Inc.";"https://clutch.co/profile/c3-business-solutions";"http://www.c3biz.com"
"58";"4it Inc.";"https://clutch.co/profile/4it";"https://www.4it-inc.com/"
"59";"Intelligent Technical Solutions ";"https://clutch.co/profile/intelligent-technical-solutions";"http://itsasap.com"
"60";"ACP Technologies, Inc.";"https://clutch.co/profile/acp-technologies";"https://acp.us.com/"
"61";"HTG";"https://clutch.co/profile/htg";"http://www.htguk.com/"
"62";"HexaFusion IT Solutions";"https://clutch.co/profile/hexafusion-it-solutions";"http://www.hexafusion.com"
"63";"Alvarez Technology Group";"https://clutch.co/profile/alvarez-technology-group";"https://www.alvareztg.com/"
"64";"Cybereason";"https://clutch.co/profile/cybereason";"https://www.cybereason.com/"
"65";"Virgin Media Business";"https://clutch.co/profile/virgin-media-business";"https://www.virginmediabusiness.co.uk/"
"66";"Herjavec Group";"https://clutch.co/profile/herjavec-group";"https://www.herjavecgroup.com/"
"67";"Planet E-com Solutions Pvt. Ltd.";"https://clutch.co/profile/planet-e-com-solutions";"http://www.planetecomsolutions.com"
"68";"Digital Suite";"https://clutch.co/profile/digital-suite";"https://www.digitalsuite.cloud/"
"69";"Global Data Solutions Limited";"https://clutch.co/profile/global-data-solutions";"http://en.gds-services.com/"
"70";"BAASS";"https://clutch.co/profile/baass";"http://www.baass.com/"
"71";"Stimulus Web Design";"https://clutch.co/profile/stimulus-web-design";"http://www.stimuluswebdesign.com"
"72";"Nuspire Networks";"https://clutch.co/profile/nuspire-networks";"https://www.nuspire.com/"
"73";"PCMS Datafit";"https://clutch.co/profile/pcms-datafit";"http://www.pcmsdatafit.com/"
"74";"Atlantix Global Systems";"https://clutch.co/profile/atlantix-global-systems";"http://www.atlantixglobal.com/"
"75";"Coretelligent";"https://clutch.co/profile/coretelligent";"https://coretelligent.com/"
"76";"InfoSight, Inc.";"https://clutch.co/profile/infosight";"http://www.infosightinc.com/"
"77";"MBA IT";"https://clutch.co/profile/mba-it";"http://mba-it.com/"
"78";"Kingdee";"https://clutch.co/profile/kingdee";"http://www.kingdee.com.hk/en/"
"79";"Telecom Computer";"https://clutch.co/profile/telecom-computer";"http://www.telecomcomputer.com/en/"
"80";"Access Systems, Inc.";"https://clutch.co/profile/access-systems";"https://www.accesssystems.com/"
"81";"Lanware";"https://clutch.co/profile/lanware";"http://www.lanware.co.uk/"
"82";"FPA Technology Services Inc. ";"https://clutch.co/profile/fpa-technology-services";"https://www.fpainc.com"
"83";"IT Security C&T";"https://clutch.co/profile/it-security-ct";"https://www.itsecurityct.com/english.php"
"84";"Ash Creek Enterprises";"https://clutch.co/profile/ash-creek-enterprises";"https://www.ashcreek.com/"
"85";"Divine IT Limited";"https://clutch.co/profile/divine-it";"https://www.divineit.net/"
"86";"Jade Global";"https://clutch.co/profile/jade-global";"http://www.jadeglobal.com/"
"87";"VIRTUS Data Centres";"https://clutch.co/profile/virtus-data-centres";"https://virtusdatacentres.com/"
"88";"ParamInfo";"https://clutch.co/profile/paraminfo";"http://www.paraminfo.com"
"89";"B2E TECHNOLOGY PVT LTD";"https://clutch.co/profile/b2e-technology";"http://www.b2e.in"
"90";"ixtel";"https://clutch.co/profile/ixtel";"https://ixtel.com/"
"91";"Amri Consulting";"https://clutch.co/profile/amri-consulting";"http://www.amriconsulting.com"
"92";"Ardenta Limited";"https://clutch.co/profile/ardenta";"https://www.ardenta.com/"
"93";"Kamatera";"https://clutch.co/profile/kamatera";"https://www.kamatera.com/"
"94";"Blue Cube";"https://clutch.co/profile/blue-cube";"https://www.bluecubesecurity.com/"
"95";"PS QuickIT PVT LTD";"https://clutch.co/profile/ps-quickit";"http://www.psquickit.com/"
"96";"ITatOnce";"https://clutch.co/profile/itatonce";"http://www.itatonce.com/"
"97";"The LLB Group";"https://clutch.co/profile/llb-group";"https://www.llbgrouptechsolutions.com/"
"98";"Blacklight Solutions";"https://clutch.co/profile/blacklight-solutions";"http://www.blacklightsolutions.com"
"99";"Intuitive Networks, Inc.";"https://clutch.co/profile/intuitive-networks";"http://inicorp.net/"
"100";"Jabtech";"https://clutch.co/profile/jabtech";"https://www.jabtech.net/"
"101";"iauro Systems Pvt Ltd ";"https://clutch.co/profile/iauro-systems";"http://www.iauro.com"
"102";"America One Technologies";"https://clutch.co/profile/america-one-technologies";"http://www.americatech.com/"
"103";"FOTHION";"https://clutch.co/profile/fothion";"http://www.Fothion.com"
"104";"JustRight Technology";"https://clutch.co/profile/justright-technology";"http://www.justright.com/"
"105";"Cadan Technologies";"https://clutch.co/profile/cadan-technologies";"https://cadan.com/"
"106";"First Stop IT";"https://clutch.co/profile/first-stop-it";"https://www.firststopit.co.uk/"
"107";"Secure IT Consult";"https://clutch.co/profile/secure-it-consult";"http://www.secureitconsult.com/"
"108";"AhnLab";"https://clutch.co/profile/ahnlab";"http://global.ahnlab.com/site/main.do"
"109";"Tier 3 Technology Solutions";"https://clutch.co/profile/tier-3-technology-solutions";"https://GoTier3.com"
"110";"Oktacode.com";"https://clutch.co/profile/oktacode";"http://www.oktacode.com"
"111";"stepin solutions";"https://clutch.co/profile/stepin-solutions-0";"http://www.stepin-solutions.com"
"112";"Razorthorn";"https://clutch.co/profile/razorthorn";"http://www.razorthorn.co.uk/"
"113";"Luminis UK Limited";"https://clutch.co/profile/luminis-uk";"https://www.luminis.eu/"
"114";"Northdoor";"https://clutch.co/profile/northdoor";"https://www.northdoor.co.uk/"
"115";"Virteva";"https://clutch.co/profile/virteva";"https://www.virteva.com/"
"116";"Radius Intelligence";"https://clutch.co/profile/radius-intelligence";"https://radiusintel.com/"
"117";"ICONSULTING";"https://clutch.co/profile/iconsulting";"https://www.iconsulting.biz/"
"118";"Convergence Consulting Group";"https://clutch.co/profile/convergence-consulting-group";"http://convergenceconsultinggroup.com/"
"119";"Pictonio Lda.";"https://clutch.co/profile/pictonio-lda";"http://www.pictonio.com"
"120";"Advancedata Network";"https://clutch.co/profile/advancedata-network";"http://advancedatan.com"
"121";"NP - Managed Technology Services & Solutions";"https://clutch.co/profile/np-managed-technology-services-solutions";"http://www.np-projects.co.uk/"
"122";"Liontech Solutions";"https://clutch.co/profile/liontech-solutions";"http://liontech.ca"
"123";"Intrasoft Middle East";"https://clutch.co/profile/intrasoft-middle-east";"http://www.intracom.jo/"
"124";"Robocom";"https://clutch.co/profile/robocom";"http://www.robocom.com/"
"125";"TARC Technology Solutions ";"https://clutch.co/profile/tarc-technology-solutions";"http://www.tarctechnology.com/"
"126";"GiaSpace Inc";"https://clutch.co/profile/giaspace";"https://www.giaspace.com"
"127";"Directions Technology";"https://clutch.co/profile/directions-technology";"https://www.directionstech.com.au/"
"128";"Qiniu Cloud";"https://clutch.co/profile/qiniu-cloud";"https://www.qiniu.com/en"
"129";"InterDyn Artis";"https://clutch.co/profile/interdyn-artis";"http://www.interdynartis.com/"
"130";"FoxNet Inc.";"https://clutch.co/profile/foxnet";"http://www.foxnetsolutions.com/"
"131";"MVP Consulting Plus, Inc.";"https://clutch.co/profile/mvp-consulting-plus";"https://www.mvpconsultingplus.com/"
"132";"ITQ";"https://clutch.co/profile/itq";"https://itq-qatar.com/"
"133";"Zenzero";"https://clutch.co/profile/zenzero";"https://www.zenzero.co.uk/"
"134";"CompsDoc LLC";"https://clutch.co/profile/compsdoc";"http://www.compsdoc.com/"
"135";"Dovetail Technologies";"https://clutch.co/profile/dovetail-technologies";"https://www.dovetail.ie/"
"136";"Synetek Solutions";"https://clutch.co/profile/synetek-solutions";"http://www.syneteksolutions.com/"
"137";"CrowdStrike";"https://clutch.co/profile/crowdstrike";"https://www.crowdstrike.com/"
"138";"Sapient Razorfish";"https://clutch.co/profile/sapient-razorfish";"https://www.sapientrazorfish.com/"
"139";"Technigent";"https://clutch.co/profile/technigent";"http://www.technigents.com/"
"140";"Netbooster";"https://clutch.co/profile/netbooster";"http://www.netbooster.com/"
"141";"Lib13 Inc";"https://clutch.co/profile/lib13";"http://www.lib13.com"
"142";"Digital Software Labs";"https://clutch.co/profile/digital-software-labs";"http://www.digitalsoftlabs.com/"
"143";"Node4";"https://clutch.co/profile/node4";"https://www.node4.co.uk/"
"144";"Heartland Business Systems ";"https://clutch.co/profile/heartland-business-systems";"http://www.hbs.net/"
"145";"Agio";"https://clutch.co/profile/agio";"https://agio.com/"
"146";"ho1a";"https://clutch.co/profile/ho1a";"http://www.ho1a.com/"
"147";"Tirzok Private Limited";"https://clutch.co/profile/tirzok-private";"http://www.tirzok.com/"
"148";"VirtualArmour";"https://clutch.co/profile/virtualarmour";"https://www.virtualarmour.com/"
"149";"LDeX Group Ltd";"https://clutch.co/profile/ldex-group";"https://www.ldexgroup.co.uk/"
"150";"Pyxis";"https://clutch.co/profile/pyxis";"http://www.pyxisportal.com/"
"151";"Nordcloud";"https://clutch.co/profile/nordcloud";"https://www.nordcloud.com/"
"152";"Freedom Consulting Group, Inc.";"https://clutch.co/profile/freedom-consulting-group";"https://freedomconsultinggroup.com/"
"153";"Comglobal IT";"https://clutch.co/profile/comglobal-it";"https://www.comglobalit.com/"
"154";"Keeran Networks";"https://clutch.co/profile/keeran-networks";"https://www.keeran.ca/"
"155";"Aryvart";"https://clutch.co/profile/aryvart";"http://www.aryvart.com/"
"156";"The GDR Group, Inc.";"https://clutch.co/profile/gdr-group";"https://www.gdrgroup.com/"
"157";"Yunshan Networks";"https://clutch.co/profile/yunshan-networks";"https://www.yunshan.net/en/index.html"
"158";"TIKAJ";"https://clutch.co/profile/tikaj";"https://www.tikaj.com"
"159";"SecureStrux LLC";"https://clutch.co/profile/securestrux";"http://securestrux.com/"
"160";"Cordeos Group";"https://clutch.co/profile/cordeos-group";"https://www.cordeos.com/"
"161";"Network Data Security Experts Inc. (NDSE)";"https://clutch.co/profile/network-data-security-experts-ndse";"https://www.ndse.net/"
"162";"MyTGroup";"https://clutch.co/profile/mytgroup";"https://www.mytgroup.net"
"163";"iQuasar LLC";"https://clutch.co/profile/iquasar";"https://www.iquasar.com/"
"164";"A-IT Software Services Pte Ltd";"https://clutch.co/profile/it-software-services-pte";"http://www.aitsoftware.com/"
"165";"Prime Software";"https://clutch.co/profile/prime-software";"https://www.primesoft.ph/"
"166";"Tecnikal";"https://clutch.co/profile/tecnikal";"https://www.tecnikal.net/"
"167";"Intelli-NET";"https://clutch.co/profile/intelli-net";"https://www.intellinet-sc.com/"
"168";"Rackstar";"https://clutch.co/profile/rackstar";"http://www.rackstar.co.uk/"
"169";"Datashapa";"https://clutch.co/profile/datashapa";"https://www.datashapa.com/"
"170";"TRIMIT";"https://clutch.co/profile/trimit";"http://www.trimit.com/"
"171";"Techera";"https://clutch.co/profile/techera";"http://www.techeraperu.com/"
"172";"MarcSoft";"https://clutch.co/profile/marcsoft";"http://www.marc-soft.com"
"173";"Ensitech";"https://clutch.co/profile/ensitech";"https://www.ensitech.com/"
"174";"Bangladesh Consulting Ltd";"https://clutch.co/profile/bangladesh-consulting";"http://www.bdconsultingltd.com/"
"175";"Mannya Techno Solutions Inc";"https://clutch.co/profile/mannya-techno-solutions";"https://www.mannyats.com/"
"176";"RedBean Technologies INC";"https://clutch.co/profile/redbean-technologies";"http://www.redbeantechnologies.com"
"177";"Capital Network Solutions";"https://clutch.co/profile/capital-network-solutions";"https://www.cns-service.com/"
"178";"Custom Computer Services";"https://clutch.co/profile/custom-computer-services";"https://ccsw.co.uk/"
"179";"VOICE2insight";"https://clutch.co/profile/voice2insight";"http://www.voice2insight.com/"
"180";"VIQU Recruitment";"https://clutch.co/profile/viqu-recruitment";"https://www.viqu.co.uk/"
"181";"Alleviate Technologies ";"https://clutch.co/profile/alleviate-technologies";"http://www.alleviatetech.com"
"182";"Cynosure Solutions";"https://clutch.co/profile/cynosure-solutions";"http://www.cynosure-solutions.com/"
"183";"IntelliNet";"https://clutch.co/profile/intellinet";"http://www.intellinet-canada.com/"
"184";"kreuzwerker GmbH";"https://clutch.co/profile/kreuzwerker-gmbh";"https://kreuzwerker.de/en"
"185";"M BIZTech Consulting Pvt. Ltd.";"https://clutch.co/profile/m-biztech-consulting";"https://www.mbiztech.net/"
"186";"Cognitive";"https://clutch.co/profile/cognitive";"https://cognitive-cs.com"
"187";"Scriptics Decisions";"https://clutch.co/profile/scriptics-decisions";"https://scriptics.ro"
"188";"Excel Company Limited";"https://clutch.co/profile/excel-company";"https://www.excelcobd.com/"
"189";"Guava Software";"https://clutch.co/profile/guava-software";"https://guavasoftware.com/"
"190";"Thinking Hut IT Solutions Pvt. ltd.";"https://clutch.co/profile/thinking-hut-it-solutions";"http://www.thinkinghut.com"
"191";"Bits on Disk, LLC";"https://clutch.co/profile/bits-disk";"https://www.bitsondisk.com"
"192";"TainoSystems Inc.";"https://clutch.co/profile/tainosystems";"https://tainosystems.com/en/"
"193";"Cooltimedia";"https://clutch.co/profile/cooltimedia";"http://cooltimedia.com/"
"194";"SOFTANIS";"https://clutch.co/profile/softanis";"http://softanis.com/"
"195";"Arxan Technologies";"https://clutch.co/profile/arxan-technologies";"https://www.arxan.com/"
"196";"IT Total Care Inc.";"https://clutch.co/profile/it-total-care";"http://www.ittotalcare.com"
"197";"Marathon Consulting";"https://clutch.co/profile/marathon-consulting";"https://www.marathonus.com/"
"198";"Aplus IT Solutions Ltd";"https://clutch.co/profile/aplus-it-solutions";"http://aplusit.ca/home.html"
"199";"Scott Logic";"https://clutch.co/profile/scott-logic";"http://www.scottlogic.com"
"200";"ERPisT";"https://clutch.co/profile/erpist";"http://www.erpist.com/"
"201";"ZS Associates";"https://clutch.co/profile/zs-associates";"https://www.zs.com/"
"202";"Medma Infomatix";"https://clutch.co/profile/medma-infomatix";"http://www.medma.net/"
"203";"Support Wala";"https://clutch.co/profile/support-wala";"https://supportwala.net"
"204";"Oxford Global Resources";"https://clutch.co/profile/oxford-global-resources";"https://www.oxfordcorp.com"
"205";"Integra América";"https://clutch.co/profile/integra-am%C3%A9rica";"http://www.integraamerica.com/"
"206";"TeskaLabs";"https://clutch.co/profile/teskalabs";"https://www.teskalabs.com/"
"207";"Zuma Technology";"https://clutch.co/profile/zuma-technology";"http://zumatech.com"
"208";"Nascenia";"https://clutch.co/profile/nascenia";"https://www.nascenia.com/"
"209";"Carlson Management Consulting";"https://clutch.co/profile/carlson-management-consulting";"https://www.carlsonmc.com/"
"210";"Unisecure ";"https://clutch.co/profile/unisecure";"https://www.unisecure.com"
"211";"S&T Croatia ";"https://clutch.co/profile/st-croatia";"http://www.snt.hr/"
"212";"BThrust";"https://clutch.co/profile/bthrust";"https://www.bthrust.com/"
"213";"Etellect Ltd";"https://clutch.co/profile/etellect";"http://www.etellect.com/"
"214";"Pace Harmon";"https://clutch.co/profile/pace-harmon";"http://www.paceharmon.com/"
"215";"Systalk";"https://clutch.co/profile/systalk";"http://www.systalk.com.au/"
"216";"LCG Technologies Corp.";"https://clutch.co/profile/lcg-technologies-corp";"http://lcgtech.com/services/"
"217";"SRA Information Technology";"https://clutch.co/profile/sra-information-technology";"https://www.sra.com.au/"
"218";"Computer Application Services Ltd";"https://clutch.co/profile/computer-application-services";"https://www.casltd.com/"
"219";"Albertson Consulting";"https://clutch.co/profile/albertson-consulting";"https://www.ebigpicture.com"
"220";"Axede";"https://clutch.co/profile/axede";"https://www.axede.com.co/"
"221";"Pyramid IT";"https://clutch.co/profile/pyramid-it";"https://pyramid-it.co.uk/"
"222";"Sooft";"https://clutch.co/profile/sooft";"http://sooft.es/"
"223";"Bluemetrix";"https://clutch.co/profile/bluemetrix";"http://www.bluemetrix.com"
"224";"Coztel";"https://clutch.co/profile/coztel";"https://coztel.com/"
"225";"Bitech Company";"https://clutch.co/profile/bitech-company";"http://www.bitech.ro/en/"
"226";"Vontikakis";"https://clutch.co/profile/vontikakis";"https://vontikakis.com"
"227";"Skylark Soft Limited";"https://clutch.co/profile/skylark-soft";"http://www.skylarksoft.com/"
"228";"Bangladesh Internet Press LTD (BIPL)";"https://clutch.co/profile/bangladesh-internet-press-bipl";"http://www.biplit.com/"
"229";"Diyital World by Corporate Business";"https://clutch.co/profile/diyital-world-corporate-business";"https://www.diyitalworld.com/"
"230";"AIRAM TECNOLOGÍA, PROCESOS E INFORMACIÓN";"https://clutch.co/profile/airam-tecnolog%C3%ADa-procesos-e-informaci%C3%B3n";"https://www.airam.com.mx/"
"231";"Uniterrene Websoft Pvt Ltd";"https://clutch.co/profile/uniterrene-websoft";"http://www.uniterrene.com"
"232";"DL Systems";"https://clutch.co/profile/dl-systems";"https://dlsystemsgt.com/"
"233";"NOVELDO GmbH";"https://clutch.co/profile/noveldo-gmbh";"https://www.noveldo.com/"
"234";"Maker Communication";"https://clutch.co/profile/maker-communication";"http://www.makercommunication.com/"
"235";"Cyberlobe Technologies Ltd.";"https://clutch.co/profile/cyberlobe-technologies";"http://www.cyberlobe.com"
"236";"Visible Technology Solutions";"https://clutch.co/profile/visible-technology-solutions";"http://visiblets.com/"
"237";"Intelivix";"https://clutch.co/profile/intelivix";"http://intelivix.com/"
"238";"Stellar Information Technology Pvt. Ltd.";"https://clutch.co/profile/stellar-information-technology";"https://www.stellar.com.bd/"
"239";"Global Technology Services GTS";"https://clutch.co/profile/global-technology-services-gts";"http://www.gtssa.co"
"240";"Beach Web Design & IT";"https://clutch.co/profile/beach-web-design-it";"https://beachwebdesigner.com/"
"241";"Arkadel21";"https://clutch.co/profile/arkadel21";"http://www.arkadel21.com/"
"242";"ESolutions S.A.";"https://clutch.co/profile/esolutions-sa";"http://www.esolutions.com.ar/web/"
"243";"Epoch Network";"https://clutch.co/profile/epoch-network";"http://www.epochnetwork.com/"
"244";"ARC Managed Services";"https://clutch.co/profile/arc-managed-services";"http://arcmanagedservices.com"
"245";"Ebiz-fooge";"https://clutch.co/profile/ebiz-fooge";"http://www.ebiz-fooge.com/english.html"
"246";"Teplar Solutions";"https://clutch.co/profile/teplar-solutions";"https://www.teplar.com"
"247";"Putti";"https://clutch.co/profile/putti";"https://www.puttiapps.com/"
"248";"Beyond Key Systems";"https://clutch.co/profile/beyond-key-systems";"http://www.beyondkey.com/"
"249";"Kinexo";"https://clutch.co/profile/kinexo";"http://www.kinexo.com/"
"250";"ICTPACK Solution";"https://clutch.co/profile/ictpack-solution";"https://www.ictpack.com/"
"251";"AMAZNET";"https://clutch.co/profile/amaznet";"http://www.amaznet.com/"
"252";"Intelligent Demand";"https://clutch.co/profile/intelligent-demand";"http://intelligentdemand.com"
"253";"ThingLogix Inc";"https://clutch.co/profile/thinglogix";"http://www.thinglogix.com"
"254";"OnGoingMedia GmbH";"https://clutch.co/profile/ongoingmedia-gmbh";"https://www.ongoingmedia.de/en/"
"255";"AbleIT Inc.";"https://clutch.co/profile/ableit";"http://ableit.ca/"
"256";"Betterweather";"https://clutch.co/profile/betterweather";"http://betterweatherllc.com/"
"257";"Carbon by Bold";"https://clutch.co/profile/carbon-bold";"https://www.carbonbybold.com/"
"258";"Inverselogic, Inc";"https://clutch.co/profile/inverselogic";"http://www.inverselogic.com/"
"259";"Web Technology";"https://clutch.co/profile/web-technology";"http://www.web-teh.net/"
"260";"FiPa Software";"https://clutch.co/profile/fipa-software";"https://fipasoft.com/"
"261";"Setronica";"https://clutch.co/profile/setronica";"http://setronica.com"
"262";"Neginet";"https://clutch.co/profile/neginet";"http://www.neginet.com"
"263";"LaQuest Inc";"https://clutch.co/profile/laquest";"https://www.laquest.net"
"264";"A34 Internet Agency";"https://clutch.co/profile/a34-internet-agency";"https://www.a34.net/en/home/"
"265";"DOT Infotech";"https://clutch.co/profile/dot-infotech";"http://dotinfo.tech"
"266";"Builtvisible";"https://clutch.co/profile/builtvisible";"http://builtvisible.com/"
"267";"Unbreakable Code";"https://clutch.co/profile/unbreakable-code";"http://www.unbreakablecode.com"
"268";"MicroMac Techno Valley Ltd.";"https://clutch.co/profile/micromac-techno-valley";"https://www.mmtvbd.com/"
"269";"KR Digital Concept";"https://clutch.co/profile/kr-digital-concept";"http://36its.com/"
"270";"Technology Projects ";"https://clutch.co/profile/technology-projects";"http://tech-projects.com/"
"271";"Square Root Solutions";"https://clutch.co/profile/square-root-solutions";"https://squareroot.ie/"
"272";"Cendyn";"https://clutch.co/profile/cendyn";"https://www.cendyn.com/"
"273";"1&1 Internet Mexico";"https://clutch.co/profile/11-internet-mexico";"https://www.1and1.mx/"
"274";"Mind The Gap Public Relations LLC";"https://clutch.co/profile/mind-gap-public-relations";"https://mindthegappr.com/"
"275";"Tiger Park Limited";"https://clutch.co/profile/tiger-park";"http://www.tiger-park.com/"
"276";"Rosebells";"https://clutch.co/profile/rosebells";"http://www.rosebells.com"
"277";"Mitsue-Links";"https://clutch.co/profile/mitsue-links";"https://www.mitsue.co.jp/english/"
"278";"Intezie";"https://clutch.co/profile/intezie";"http://www.intezie.com/"
"279";"ZirconTech";"https://clutch.co/profile/zircontech";"http://www.zircon.tech/"
"280";"eLuminous Technologies Pvt Ltd";"https://clutch.co/profile/eluminous-technologies";"https://eluminoustechnologies.com/"
"281";"Jobspring Partners";"https://clutch.co/profile/jobspring-partners";"https://www.jobspringpartners.com/"
"282";"Mindviser";"https://clutch.co/profile/mindviser";"https://mindviser.com/"
"283";"Code Berry Solutions";"https://clutch.co/profile/code-berry-solutions";"http://www.codeberrysolutions.com"
"284";"VeriServe";"https://clutch.co/profile/veriserve";"http://www.veriserve.co.jp/"
"285";"Bitix";"https://clutch.co/profile/bitix";"http://www.bitix.com.br/"
"286";"Ripple Communications";"https://clutch.co/profile/ripple-communications";"https://ripplemorenow.com/"
"287";"Symcor";"https://clutch.co/profile/symcor";"https://www.symcor.com"
"288";"Scotia Systems";"https://clutch.co/profile/scotia-systems";"http://www.scotiasystems.com/"
"289";"Red Ninja Studios";"https://clutch.co/profile/red-ninja-studios";"http://www.redninja.co.uk/"
"290";"Atsukè";"https://clutch.co/profile/atsuk%C3%A8";"http://www.atsuke.com/"
"291";"Ariad Partners";"https://clutch.co/profile/ariad-partners";"https://ariadpartners.com/"
"292";"A2Z Creatorz";"https://clutch.co/profile/a2z-creatorz";"http://a2zcreatorz.com"
"293";"From Scratch Co.";"https://clutch.co/profile/scratch-co";"https://f-scratch.co.jp"
"294";"NetWatcher";"https://clutch.co/profile/netwatcher";"https://netwatcher.com"
"295";"ProofID";"https://clutch.co/profile/proofid";"https://www.proofid.co.uk/"
"296";"TQ Design";"https://clutch.co/profile/tq-design";"https://www.tqdesign.vn/home.html"
"297";"Qatar Electronic Publishing & Trading";"https://clutch.co/profile/qatar-electronic-publishing-trading";"http://www.qept-qatar.com/"
"298";"DFC Consultants";"https://clutch.co/profile/dfc-consultants-0";"http://www.DFCconsultants.com"
"299";"Extra Software";"https://clutch.co/profile/extra-software";"http://www.extrasoft.es/"
"300";"Evolytics";"https://clutch.co/profile/evolytics";"https://www.evolytics.com/"
"301";"J & J Systems";"https://clutch.co/profile/j-j-systems";"http://www.jjsystems.co.uk/"
"302";"Data to Value";"https://clutch.co/profile/data-value";"http://datatovalue.co.uk/"
"303";" REBORN";"https://clutch.co/profile/reborn";"https://reborn.co/"
"304";"The Rope";"https://clutch.co/profile/rope";"https://therope.it/"
"305";"Systech Digital Limited";"https://clutch.co/profile/systech-digital";"http://systechdigital.com/"
"306";"Olympic Web Design, Inc.";"https://clutch.co/profile/olympic-web-design";"http://www.olympicwebdesign.com/"
"307";"Klika";"https://clutch.co/profile/klika";"http://klika.ba/"
"308";"Hello World";"https://clutch.co/profile/hello-world";"http://helloworld.by"
"309";"Just Imagine, Inc";"https://clutch.co/profile/just-imagine";"http://www.justimagine.net/"
"310";"S3 Corporation";"https://clutch.co/profile/s3-corporation";"http://www.s3corp.com.vn/"
"311";"Bilot";"https://clutch.co/profile/bilot";"https://www.bilot.fi/en/"
"312";"bLogix";"https://clutch.co/profile/blogix";"https://blogix.co/"
"313";"Counect";"https://clutch.co/profile/counect";"http://www.counect.com/en-us/?home"
"314";"Captiv8";"https://clutch.co/profile/captiv8";"http://captiv8.com.au/"
"315";"Cleantech Latvia";"https://clutch.co/profile/cleantech-latvia";"https://cleantechlatvia.com/en/home/"
"316";"Computer Engineering Group";"https://clutch.co/profile/computer-engineering-group";"http://ce-group.com/"
"317";"Proxation GmbH";"https://clutch.co/profile/proxation-gmbh";"https://www.proxation.de/"
"318";"Best Marketing Network Inc.";"https://clutch.co/profile/best-marketing-network";"http://www.misterwebpage.com/"
"319";"Business Technology Consulting";"https://clutch.co/profile/business-technology-consulting-0";"https://btc-me.com/"
"320";"Zooneto Infosoft";"https://clutch.co/profile/zooneto-infosoft";"http://www.zoonetoinfosoft.com"
"321";"Modulant";"https://clutch.co/profile/modulant";"http://www.modulant.com/"
"322";"DWG";"https://clutch.co/profile/dwg";"http://www.deltawebconsulting.com"
"323";"3s Global Business Solutions";"https://clutch.co/profile/3s-global-business-solutions";"http://3sgbs.com/"
"324";"MedAccess";"https://clutch.co/profile/medaccess";"http://medaccessbrands.com/"
"325";"WordPress Fiddly Bits";"https://clutch.co/profile/wordpress-fiddly-bits";"https://wpfiddlybits.com/"
"326";"Hilles Agencia Digital";"https://clutch.co/profile/hilles-agencia-digital";"https://hilles.com.br/"
"327";"Liq";"https://clutch.co/profile/liq";"https://www.liq.com.br/"
"328";"Polyphonic & Co.";"https://clutch.co/profile/polyphonic-co";"http://www.polyand.co/partners.html"
"329";"DecisionIQ";"https://clutch.co/profile/decisioniq";"http://www.decisioniq.com/"
"330";"dk hugbúnaður ehf.";"https://clutch.co/profile/dk-hugb%C3%BAna%C3%B0ur-ehf";"https://dk.is/"
"331";"L A Technologies";"https://clutch.co/profile/l-technologies";"http://www.latechnologies.net/"
"332";"VIPoint Solutions Pvt Ltd";"https://clutch.co/profile/vipoint-solutions";"http://www.vipointsolutions.net"
"333";"Fat Marketing";"https://clutch.co/profile/fat-marketing";"http://fatmarketing.lt/"
"334";"Bright Hat";"https://clutch.co/profile/bright-hat";"http://brighthat.io/"
"335";"MSA Careers & Consulting";"https://clutch.co/profile/msa-careers-consulting";"http://www.msacareers.co.uk/"
"336";"Dynamic Global Staffing";"https://clutch.co/profile/dynamic-global-staffing";"http://www.dynamicglobalhealthcare.com/"
"337";"Jindal Intellicom Limited";"https://clutch.co/profile/jindal-intellicom";"http://jindalintellicom.com/"
"338";"I-Resource Consulting International";"https://clutch.co/profile/i-resource-consulting-international";"http://iresourceconsulting.com/"
"339";"SpiderLily Web Design";"https://clutch.co/profile/spiderlily-web-design";"https://spiderlilyweb.com/"
"340";"Santus Media Ltd";"https://clutch.co/profile/santus-media";"http://santusmedia.com/"
"341";"Agemark Technology Ltd";"https://clutch.co/profile/agemark-technology";"http://www.agemarksoft.com/"
"342";"Agenda Helsinki";"https://clutch.co/profile/agenda-helsinki";"https://www.agendahelsinki.fi"
"343";"Pinnacle IT, Managed Services";"https://clutch.co/profile/pinnacle-it-managed-services";"http://www.pinnacleitcrew.com/"
"344";"TQIntelligence, Inc.";"https://clutch.co/profile/tqintelligence";"https://tqintelligence.com/"
"345";"CloudTechy";"https://clutch.co/profile/cloudtechy";"http://www.cloudtechy.com"
"346";"SigurHQ";"https://clutch.co/profile/sigurhq";"https://sigur.io/"
"347";"Picksmart";"https://clutch.co/profile/picksmart";"https://www.picksmart.co.za/"
"348";"High Wheel Software";"https://clutch.co/profile/high-wheel-software";"http://highwheelsoftware.com"
"349";"Wellnet S.r.l.";"https://clutch.co/profile/wellnet-srl";"https://www.wellnetconsulting.it/"
"350";"eConsults KE";"https://clutch.co/profile/econsults-ke";"http://www.econsults.co.ke/"
"351";"EC Infosolutions Pvt. Ltd.";"https://clutch.co/profile/ec-infosolutions";"http://ecinfosolutions.com/"
"352";"Made Media Ltd";"https://clutch.co/profile/made-media";"https://made.media/"
"353";"D1 Networks";"https://clutch.co/profile/d1-networks";"http://www.d1networks.net"
"354";"Spud Software";"https://clutch.co/profile/spud-software";"https://www.spudsoftware.com/"
"355";"iMatic Technologies Limited";"https://clutch.co/profile/imatic-technologies";"http://itl.co.tz/"
"356";"Cloudmoyo";"https://clutch.co/profile/cloudmoyo-0";"https://rail.cloudmoyo.com"
