"";"name";"url";"website";"clutch_email"
"357";"Wildnet Technologies Pvt. Ltd.";"https://clutch.co/profile/wildnet-technologies";"https://www.wildnettechnologies.com/";"clutch@wildnettechnologies.comNA"
"358";"LCloud Sp. z o.o.";"https://clutch.co/profile/lcloud-sp-z-oo";"http://www.lcloud.pl";"jacek.biernat@lcloud.plNA"
"359";"General Networks ";"https://clutch.co/profile/general-networks";"http://www.gennet.com";"info@gennet.com"
"360";"Agosto, Inc.";"https://clutch.co/profile/agosto";"http://www.agosto.com";"sales@agosto.com"
"361";"Welcome Networks";"https://clutch.co/profile/welcome-networks";"http://www.welcomenetworks.com";"info@welcomenetworks.com"
"362";"KDG | The Kyle David Group";"https://clutch.co/profile/kdg-kyle-david-group";"http://www.kyledavidgroup.com/";"info@kyledavidgroup.comNA"
"363";"Dressler Consulting";"https://clutch.co/profile/dressler-consulting";"https://dresslerconsulting.com/";"sales@dresslerconsulting.comNA"
"364";"BroadPoint Technologies";"https://clutch.co/profile/broadpoint-technologies";"http://www.broadpoint.net/";"info@broadpoint.net"
"365";"Achieve Internet";"https://clutch.co/profile/achieve-internet";"http://www.achieveinternet.com";"info@achieveinternet.com"
"366";"Revive Your Computer";"https://clutch.co/profile/revive-your-computer";"https://www.reviveyourcomputer.com";"successteam@reviveyourcomputer.com"
"367";"AppTier";"https://clutch.co/profile/apptier";"http://apptier.com/";"info@apptier.comNA"
"368";"Quixom Technology";"https://clutch.co/profile/quixom-technology";"http://quixom.com";"info@quixom.comNA"
"369";"Plego Technologies";"https://clutch.co/profile/plego-technologies";"http://www.plego.com";"sales@plego.com"
"370";"Soluzione IT Services";"https://clutch.co/profile/soluzione-it-services";"https://solzit.com";"info@solzit.comNA"
"371";"Silent Break Security";"https://clutch.co/profile/silent-break-security";"https://www.silentbreaksecurity.com";"sales@silentbreaksecurity.com"
"372";"Enola Labs Software";"https://clutch.co/profile/enola-labs-software";"https://www.enolalabs.com/";"hello@enolalabs.comNA"
"373";"Coruscate Solutions Pvt Ltd";"https://clutch.co/profile/coruscate-solutions";"http://www.coruscatesolution.com";"info@coruscatesolution.com"
"374";"Skalable Technologies";"https://clutch.co/profile/skalable-technologies";"http://www.skalabletech.com";"quintin@skalabletech.com"
"375";"Dave Stern Consulting";"https://clutch.co/profile/dave-stern-consulting";"https://davestern.com/";"devops@davestern.com"
"376";"Enfini Labs Tech Consultant ";"https://clutch.co/profile/enfini-labs-tech-consultant";"http://www.enfinilabs.com";"sales@enfinilabs.com"
"377";"Loginworks Softwares Inc";"https://clutch.co/profile/loginworks-softwares";"http://www.loginworks.com";"sales@loginworks.com"
"378";"Revivo Technologies";"https://clutch.co/profile/revivo-technologies";"http://revivo.in";"sales@revivo.in"
"379";"Cartesian Consulting ";"https://clutch.co/profile/cartesian-consulting";"http://www.cartesianconsulting.com";"slath@cartesianconsulting.com"
"380";"Diskriter ";"https://clutch.co/profile/diskriter";"http://www.diskriter.com";"contact@diskriter.orgNA"
"381";"Skelia";"https://clutch.co/profile/skelia";"https://skelia.com/";"info@skelia.comNA"
"382";"SCI-BI";"https://clutch.co/profile/sci-bi";"http://www.sci-bi.com";"balaji.pichumani@sci-bi.com"
"383";"Ameex Technologies Corp.";"https://clutch.co/profile/ameex-technologies-corp";"http://www.ameexusa.com/";"info@ameexusa.com"
"384";"ImageTech Systems";"https://clutch.co/profile/imagetech-systems";"http://www.imagetechsys.com";"sales@imagetechsys.com"
"385";"Pupa Clic Technologies";"https://clutch.co/profile/pupa-clic-technologies";"http://www.pupaclic.com";"info@pupaclic.comNA"
"386";"Pragmasoft Sp. z o.o.";"https://clutch.co/profile/pragmasoft-sp-z-oo";"http://www.pragmasoft.pl";"sales@pragmasoft.plNA"
"387";"Trimantium GrowthOps (formerly 3wks)";"https://clutch.co/profile/trimantium-growthops-formerly-3wks";"https://www.growthops.com.au/";"contact@growthops.com.au"
"388";"ConsultingWhiz";"https://clutch.co/profile/consultingwhiz";"http://www.consultingwhiz.com";"contact@consultingwhiz.com"
"389";"Syntx";"https://clutch.co/profile/syntx";"http://www.syntx.io/?utm_source=clutch&utm_medium=referral";"elliot@syntx.io"
"390";"Palmspire";"https://clutch.co/profile/palmspire";"http://www.palmspire.com";"hello@palmspire.comNA"
"391";"Caret IT Solutions Pvt. Ltd.";"https://clutch.co/profile/caret-it-solutions";"http://www.caretit.com";"sales@caretit.comNA"
"392";"Blue Brick";"https://clutch.co/profile/blue-brick";"https://bluebrick.pl/";"tom@bluebrick.pl"
"393";"Modo Networks";"https://clutch.co/profile/modo-networks";"http://www.modonetworks.com/";"support@modonetworks.com"
"394";"Polar Systems";"https://clutch.co/profile/polar-systems";"http://www.polarsystems.com/";"info@polarsystems.com"
"395";"ICF";"https://clutch.co/profile/icf";"http://www.icfi.com/interactive";"clutch@wildnettechnologies.comNA"
"396";"GDS LLC";"https://clutch.co/profile/gds";"https://gdsln.com";"sales@gdsln.comNA"
"397";"OTS Solutions";"https://clutch.co/profile/ots-solutions";"https://otssolutions.com/";"sales@otssolutions.com"
"398";"Janus Networks";"https://clutch.co/profile/janus-networks";"http://janusnetworks.com/";"sales@janusnetworks.comNA"
"399";"LANsultants";"https://clutch.co/profile/lansultants";"http://lansultants.com/";"info@lansultants.com"
"400";"Burwood Group, Inc.";"https://clutch.co/profile/burwood-group";"https://www.burwood.com";"info@burwood.com"
"401";"HGS Colibrium";"https://clutch.co/profile/hgs-colibrium";"https://www.colibrium.com/";"sales@colibriumpartners.com"
"402";"Rutter Networking ";"https://clutch.co/profile/rutter-networking";"https://www.rutter-net.com/boston-it-services";"sales@rutter-net.com"
"403";"Eljay Global";"https://clutch.co/profile/eljay-global";"http://www.eljayglobal.com";"enquiry@eljayglobal.co"
"404";"Trancis";"https://clutch.co/profile/trancis";"http://trancis.com/";"mail@trancis.com"
"405";"Inbox Marketer";"https://clutch.co/profile/inbox-marketer";"https://www.inboxmarketer.com/";"info@inboxmarketer.com"
"406";"Soluciones de Tecnologia (SOLUTECSA)";"https://clutch.co/profile/soluciones-de-tecnologia-solutecsa";"https://www.solucionesdetecnologia.com/";"ventas@solucionesdetecnologia.com"
"407";"Tata Consultancy Services";"https://clutch.co/profile/tata-consultancy-services";"https://www.tcs.com/";"b.trounson@tcs.com"
"408";"Bigscal Technologies Pvt Ltd.";"https://clutch.co/profile/bigscal-technologies";"http://www.bigscal.com";"mketanv@bigscal.comNA"
"409";"IBM iX";"https://clutch.co/profile/ibm-ix";"http://www.resourceammirati.com";"ews@us.ibm.com"
"410";"Praetorian";"https://clutch.co/profile/praetorian";"https://www.praetorian.com/";"info@praetorian.comNA"
"411";"Microexcel Inc.";"https://clutch.co/profile/microexcel";"https://www.microexcel.com/";"Sunil.Patnaik@microexcel.comNA"
"412";"Outsource Solutions Group";"https://clutch.co/profile/outsource-solutions-group";"https://www.osgusa.com/";"info@osgusa.com"
"413";"One Information and Communications Technology Ltd";"https://clutch.co/profile/one-information-communications-technology";"https://www.1-ict.com/";"enquiry@1-ict.com"
"414";"Aeonnova Consulting Group, LLC";"https://clutch.co/profile/aeonnova-consulting-group";"https://aeonnova.com";"sales@aeonnova.com"
"415";"Anchor Network Solutions";"https://clutch.co/profile/anchor-network-solutions";"http://www.anchornetworksolutions.com/";"sales@anchornetworksolutions.com"
"416";"SuperiorSolutions";"https://clutch.co/profile/superiorsolutions";"http://superiorsolution.com/";"info@superiorsolution.com"
"417";"Tryolabs";"https://clutch.co/profile/tryolabs";"https://tryolabs.com";"hello@tryolabs.com"
"418";"Red Cup IT";"https://clutch.co/profile/red-cup-it";"https://www.redcupit.com";"sales@redcupit.com"
"419";"Refractiv Limited";"https://clutch.co/profile/refractiv";"http://www.refractiv.co.uk";"sean.power@refractiv.co.ukNA"
"420";"Qoverage";"https://clutch.co/profile/qoverage";"https://www.qoverage.com/";"support@qoverage.com"
"421";"Kio Networks";"https://clutch.co/profile/kio-networks";"https://kionetworks.com";"ventas@kionetworks.com"
"422";"SBL";"https://clutch.co/profile/sbl";"http://www.softbox.co.uk/";"website@softbox.co.ukNA"
"423";"Deevita";"https://clutch.co/profile/deevita";"https://deevita.com/";"info@deevita.comNA"
"424";"Habitusnet Consulting";"https://clutch.co/profile/habitusnet-consulting";"https://habitusnet.ch";"swiss-sales@habitusnet.chNA"
"425";"8KMiles";"https://clutch.co/profile/8kmiles";"http://www.8kmiles.com";"info@8kmiles.com"
"426";"Meridian IT Inc.";"https://clutch.co/profile/meridian-it";"http://www.meridianitinc.com/";"facebook@onlinemeridian.com"
"427";"CSPi Technology Solutions";"https://clutch.co/profile/cspi-technology-solutions";"https://www.cspi.com/vital-managed-it-services/";"mspsales@cspi.comNA"
"428";"PCMS Datafit";"https://clutch.co/profile/pcms-datafit";"http://www.pcmsdatafit.com/";"mail@pcmsgroup.com"
"429";"CalTech";"https://clutch.co/profile/caltech";"http://www.caltech.com/";"info@caltech.com"
"430";"Impressico Business Solutions Inc.";"https://clutch.co/profile/impressico-business-solutions";"http://www.impressico.com/";"sanaul.haq@impressico.comNA"
"431";"Microserve Canada";"https://clutch.co/profile/microserve-canada";"https://www.microserve.ca/";"sales@microserve.ca"
"432";"Storm Technologies";"https://clutch.co/profile/storm-technologies";"http://www.storm-technologies.com/";"sales@storm-technologies.com"
"433";"BECA, The IT Brain Power Company";"https://clutch.co/profile/beca-it-brain-power-company";"https://www.becacorp.com/";"sales@becacorp.com"
"434";"Bynet Data Communications Bynet Data Communications";"https://clutch.co/profile/bynet-data-communications-bynet-data-communications";"http://www.bynet.co.il/#section11";"info@bynet.co.ilNA"
"435";"Nephos Technologies";"https://clutch.co/profile/nephos-technologies";"http://www.nephostechnologies.com/";"sales@nephostechnologies.com"
"436";"Innocom Technologies Pte Ltd";"https://clutch.co/profile/innocom-technologies-pte";"https://innocomholding.com/";"news@innocom.com.sgNA"
"437";"North Point Technology";"https://clutch.co/profile/north-point-technology";"https://www.northpointtechnology.com/";"info@nptllc.netNA"
"438";"ACES Iowa";"https://clutch.co/profile/aces-iowa";"https://www.acesiowa.com/";"info@acesiowa.comNA"
"439";"Luvago";"https://clutch.co/profile/luvago";"https://luvago.com/en/";"contact@luvago.com"
"440";"Intercloud Limited";"https://clutch.co/profile/intercloud";"http://www.intercloud.com.bd/";"info@intercloud.com.bd"
"441";"Cloud 9 Infosystems, Inc.";"https://clutch.co/profile/cloud-9-infosystems";"http://www.cloud9infosystems.com/";"info@cloud9infosystems.com"
"442";"ServerChoice";"https://clutch.co/profile/serverchoice";"https://www.serverchoice.com/";"enquiries@serverchoice.com"
"443";"Elite Limited";"https://clutch.co/profile/elite";"https://elite.net.uk/";"sales@elite.net.uk"
"444";"VOID Software";"https://clutch.co/profile/void-software";"http://void.software";"jm@void.softwareNA"
"445";"Apex IT Group";"https://clutch.co/profile/apex-it-group";"http://www.apexitgroup.com/";"sales@apexitgroup.com"
"446";"TLD Computers";"https://clutch.co/profile/tld-computers";"http://www.tld.com/";"tldhelpdesk@tld.com"
"447";"Syscloud";"https://clutch.co/profile/syscloud";"https://www.syscxp.com/en/";"service@syscloud.cn"
"448";"zsah";"https://clutch.co/profile/zsah";"https://www.zsah.net/";"info@zsah.netNA"
"449";"CMS Consulting Inc.";"https://clutch.co/profile/cms-consulting";"http://cmsconsulting.ca/";"sales@cmsconsulting.ca"
"450";"Consilium ";"https://clutch.co/profile/consilium";"https://www.consilium-uk.com/";"sales@consilium-uk.comNA"
"451";"Carisma";"https://clutch.co/profile/carisma";"https://www.carisma.net";"support@carisma.net"
"452";"Atlas";"https://clutch.co/profile/atlas";"http://atlas-comms.com/";"customer.service@atlas-comms.com"
"453";"Cloud Clarity";"https://clutch.co/profile/cloud-clarity";"http://www.cloudclarity.me";"sales@cloudclarity.me"
"454";"Aligned Technology Solutions";"https://clutch.co/profile/aligned-technology-solutions";"https://www.alignedtechnologysolutions.com/";"clutch@wildnettechnologies.comNA"
"455";"Camworth";"https://clutch.co/profile/camworth";"http://www.camworth.com/";"connect@camworth.com"
"456";"Natsav";"https://clutch.co/profile/natsav";"http://www.natsav.com";"hello@natsav.com"
"457";"Improve Your IT";"https://clutch.co/profile/improve-your-it";"http://improveyourit.com/";"info@improveyouruit.com"
"458";"Adeptcore";"https://clutch.co/profile/adeptcore";"https://adeptcore.com";"sales@adeptcore.com"
"459";"United Business Applications";"https://clutch.co/profile/united-business-applications";"http://uba.com.jo";"info@uba.com.joNA"
"460";"Trinsic Technologies";"https://clutch.co/profile/trinsic-technologies";"https://trinsictech.com/";"info@trinsictech.com"
"461";"Medicus IT";"https://clutch.co/profile/medicus-it";"http://msinc.com/";"sales@msinc.com"
"462";"Cambridge Networks Ltd";"https://clutch.co/profile/cambridge-networks";"http://www.cambridge-networks.co.uk/";"info@cambridgenetworks.co.uk"
"463";"Security Software Solutions Ltd";"https://clutch.co/profile/security-software-solutions";"http://www.s3-uk.com/";"sales@s3-uk.com"
"464";"Interoute Communications";"https://clutch.co/profile/interoute-communications";"https://www.interoute.com/";"support@interoute.comNA"
"465";"Seavus";"https://clutch.co/profile/seavus";"http://seavus.com/";"marija.ferro@seavus.comNA"
"466";"Sparity Inc";"https://clutch.co/profile/sparity";"http://www.sparity.com";"harishcholleti@sparity.com"
"467";"Technofox Solution ";"https://clutch.co/profile/technofox-solution";"https://technofox.com";"sayhi@technofox.com"
"468";"ZCONSULTING";"https://clutch.co/profile/zconsulting";"http://www.zconsulting.com.ar";"info@zconsulting.com.ar"
"469";"Eisso ";"https://clutch.co/profile/eisso";"https://global.eisoo.com/";"globalsupport@eisoo.com"
"470";"Xcentric";"https://clutch.co/profile/xcentric";"https://xcentric.com/";"clutch@wildnettechnologies.comNA"
"471";"AhelioTech LTD";"https://clutch.co/profile/aheliotech";"https://www.aheliotech.com/";"sales@aheliotech.comNA"
"472";"AppsOnRoll TechStudio";"https://clutch.co/profile/appsonroll-techstudio";"http://www.appsonroll.com";"business@appsonroll.comNA"
"473";"Venustech";"https://clutch.co/profile/venustech";"http://www.venusense.com/index.html";"overseas@venustech.com.cn"
"474";"Emergya ";"https://clutch.co/profile/emergya";"https://www.emergya.com/en";"info@emergya.comNA"
"475";"Adminotaur";"https://clutch.co/profile/adminotaur";"https://www.adminotaur.pl/en/";"sales@adminotaur.pl"
"476";"SmartPro";"https://clutch.co/profile/smartpro";"http://smartpro.vn/";"sales@smartpro.vn"
"477";"Bytech";"https://clutch.co/profile/bytech";"http://www.bytechs.by/en/";"info@bytechs.by"
"478";"ONE Business Consulting Group ";"https://clutch.co/profile/one-business-consulting-group";"https://onebcg.com/";"info@onebcg.comNA"
"479";"ITS";"https://clutch.co/profile/its";"https://www.its.com.uy/its/";"info@its.com.uyNA"
"480";"Computer Conquest";"https://clutch.co/profile/computer-conquest";"https://computerconquest.co.uk/";"contact@ccqltd.com"
"481";"Stream Networks ";"https://clutch.co/profile/stream-networks";"http://www.streamnetworks.co.uk/";"info@stream-networks.co.ukNA"
"482";"2Secure";"https://clutch.co/profile/2secure";"https://www.2secure.co/";"info@2secure.org"
"483";"String Services";"https://clutch.co/profile/string-services";"http://stringservices.com";"info@stringservices.com"
"484";"UnicaNova";"https://clutch.co/profile/unicanova";"http://unicanova.com";"hellounicanova@gmail.comNA"
"485";"Human Resource Management System";"https://clutch.co/profile/human-resource-management-system";"https://www.hrmssingapore.com/";"sales@hrmssingapore.com"
"486";"Media Informatica";"https://clutch.co/profile/media-informatica";"http://www.mediainformatica.com";"info@mediainformatica.com"
"487";"Summit Advisors, LLC";"https://clutch.co/profile/summit-advisors";"https://summit-advisors.biz";"contactus@summit-advisors.biz"
"488";"Nerd Crossing";"https://clutch.co/profile/nerd-crossing";"https://nerdcrossing.com/";"info@nerdcrossing.com"
"489";"APSIS SOLUTIONS LTD.";"https://clutch.co/profile/apsis-solutions";"http://www.apsissolutions.com/";"info@apsissolutions.com"
"490";"Absolute Networks";"https://clutch.co/profile/absolute-networks";"https://www.absolute-networks.co.uk/";"info@absolute-networks.co.uk"
"491";"Rouse Consulting Group, Inc.";"https://clutch.co/profile/rouse-consulting-group";"https://www.go2rcg.com/";"info@go2rcg.com"
"492";"Chief ERP Systems";"https://clutch.co/profile/chief-erp-systems";"https://chieferp.com/";"info@chieferp.comNA"
"493";"CST";"https://clutch.co/profile/cst";"http://cst-bg.net/";"contact@cst-bg.net"
"494";"Optiv";"https://clutch.co/profile/optiv";"https://www.optiv.com";"info@optiv.com"
"495";"Jiguang";"https://clutch.co/profile/jiguang";"https://www.jiguang.cn/en/";"sales@jiguang.cn"
"496";"Esker Inc";"https://clutch.co/profile/esker";"http://www.esker.com";"info@esker.comNA"
"497";"IT Management Solutions LLC";"https://clutch.co/profile/it-management-solutions";"https://www.itsupportboston.us/";"clutch@wildnettechnologies.comNA"
"498";"Tranetech Software Solutions";"https://clutch.co/profile/tranetech-software-solutions";"https://www.tranetech.com/";"Info@tranetech.com"
"499";"Knowledgent";"https://clutch.co/profile/knowledgent";"https://knowledgent.com/";"marketing@knowledgent.com"
"500";"Aquila Insight";"https://clutch.co/profile/aquila-insight";"http://www.aquilainsight.com/";"info@aquilainsight.com"
"501";"Halock Security Labs";"https://clutch.co/profile/halock-security-labs";"https://www.halock.com/";"sales@halock.com"
"502";"Astadia Consulting";"https://clutch.co/profile/astadia-consulting";"http://www.astadia.com/";"info@astadia.com"
"503";"Bangladesh Telecommunications Company Limited - BTCL";"https://clutch.co/profile/bangladesh-telecommunications-company-btcl";"http://www.btcl.com.bd/";"ddt@btcl.net.bd"
"504";"Exakis";"https://clutch.co/profile/exakis";"https://www.exakis.com/";"contact@exakis.comNA"
"505";"Namastech";"https://clutch.co/profile/namastech";"http://www.namastech.com/";"namastech@namastech.comNA"
"506";"Magilatech";"https://clutch.co/profile/magilatech";"https://www.magilatech.co.tz/";"info@ecotektanzania.co.tz"
"507";"BBO";"https://clutch.co/profile/bbo";"http://www.bbo.de/";"clutch@wildnettechnologies.comNA"
"508";"Nordcloud";"https://clutch.co/profile/nordcloud";"https://www.nordcloud.com/";"info@nordcloud.com"
"509";"StrategyWise";"https://clutch.co/profile/strategywise";"https://strategywise.com/";"info@strategywise.com"
"510";"InDevLab";"https://clutch.co/profile/indevlab";"https://indevlab.com";"sales@indevlab.comNA"
"511";"Metisc";"https://clutch.co/profile/metisc";"http://www.metisc.com/";"info@metisc.com.au"
"512";"Rila Solutions";"https://clutch.co/profile/rila-solutions";"http://www.rila.bg/index.html?lang=en";"office@rila.com"
"513";"Outsource Management Inc.";"https://clutch.co/profile/outsource-management";"https://www.omi.co/";"info@omi.co"
"514";"Make I.T. SOAR";"https://clutch.co/profile/make-it-soar";"https://www.makeitsoar.com/";"hello@makeitsoar.comNA"
"515";"GTN Technical Staffing and Consulting";"https://clutch.co/profile/gtn-technical-staffing-consulting";"http://www.gtntechnicalstaffing.com/";"gethired@gtntechnicalstaffing.com"
"516";"All IT Solutions";"https://clutch.co/profile/all-it-solutions";"https://allitsolutions.com.au/";"clutch@wildnettechnologies.comNA"
"517";"YVOLV";"https://clutch.co/profile/yvolv";"https://www.yvolv.ae/";"info@yvolv.ae"
"518";"Mantenimiento Informatico Barcelona";"https://clutch.co/profile/mantenimiento-informatico-barcelona";"https://www.mantenimiento-informatico.top/";"info@mantenimiento-informatico.topNA"
"519";"Technamo";"https://clutch.co/profile/technamo";"http://www.technamo.com/index.html";"contact@technamo.comNA"
"520";"ACL Tecnología";"https://clutch.co/profile/acl-tecnolog%C3%ADa";"http://www.acl.cl/";"info@acl.cl'"
"521";"Computer One Pty";"https://clutch.co/profile/computer-one-pty";"https://computerone.com.au/";"sales@computerone.com.au"
"522";"LiveRoute";"https://clutch.co/profile/liveroute";"http://www.liveroute.net/";"info@liveroute.netNA"
"523";"INTELITECHS";"https://clutch.co/profile/intelitechs";"https://intelitechs.com/";"info@intelitechs.com"
"524";"RebootTwice LLC";"https://clutch.co/profile/reboottwice";"http://reboottwice.com/";"sales@reboottwice.com"
"525";"CirrusLabs";"https://clutch.co/profile/cirruslabs";"http://cirruslabs.io/";"info@cirruslabs.io"
"526";"Parttrap";"https://clutch.co/profile/parttrap";"https://www.parttrap.com/en/page/1";"info@parttrap.comNA"
"527";"Xgrid, Inc. ";"https://clutch.co/profile/xgrid";"http://www.xgrid.co/";"sales@xgrid.co"
"528";"Geddon Network Consultancy";"https://clutch.co/profile/geddon-network-consultancy";"http://www.geddon.com.sg/";"sales@geddon.com.sg"
"529";"Digital Winter, LLC";"https://clutch.co/profile/digital-winter";"http://www.digitalwinter.com";"info@digitalwinter.com"
"530";"Inovar Consulting";"https://clutch.co/profile/inovar-consulting";"https://inovarconsulting.co.in/";"contact@inovarconsulting.co.in"
"531";"Cloudly Infotech Limited";"https://clutch.co/profile/cloudly-infotech";"http://bd.cloudly.io/";"sales@cloudly.io"
"532";"Datrock";"https://clutch.co/profile/datrock";"https://datrock.co/";"sales@datrock.co"
"533";"CCPlus Inc.";"https://clutch.co/profile/ccplus";"https://www.ccplus-usa.com/";"clutch@wildnettechnologies.comNA"
"534";"Stock IT Ltd";"https://clutch.co/profile/stock-it";"http://www.stockitsupport.co.uk/";"web@stockitsupport.co.ukNA"
"535";"HighQ Solutions";"https://clutch.co/profile/highq-solutions";"http://www.hqs-it.com";"sales@hqs-it.com"
"536";"Softograph";"https://clutch.co/profile/softograph";"https://www.softograph.com/";"info@softograph.com'"
"537";"Integrated Technology Services";"https://clutch.co/profile/integrated-technology-services";"http://itscares.com";"help@itscares.com"
"538";"IInterativa";"https://clutch.co/profile/iinterativa";"http://www.iinterativa.com.br";"contato@iinterativa.com.brNA"
"539";"E2 Services";"https://clutch.co/profile/e2-services";"http://www.e2services.net/site/";"info@e2services.net"
"540";"ThoughtAfter";"https://clutch.co/profile/thoughtafter";"http://thoughtafter.com/";"scott@thoughtafter.com"
"541";"AD Digital";"https://clutch.co/profile/ad-digital";"http://ad-digitaltecnologia.com.br/";"vendas@ad-digitaltecnologia.com.br"
"542";"Xtrategy Digital";"https://clutch.co/profile/xtrategy-digital";"https://xtrategy.digital";"info@xtrategy.digitalNA"
"543";"Strategic Technology Solutions";"https://clutch.co/profile/strategic-technology-solutions";"http://www.it-uae.com";"suppor't@it-uae.comNA"
"544";"Spusht Technologies";"https://clutch.co/profile/spusht-technologies";"https://www.spusht.com/";"info@spusht.com"
"545";"MM Software";"https://clutch.co/profile/mm-software";"http://www.mmsoft.vn/";"mmsoftvn@mmsofts.comNA"
"546";"GreyTeak Technologies";"https://clutch.co/profile/greyteak-technologies";"https://www.greyteak.com.au/";"info@greyteak.com.au"
"547";"Empower Business Solutions";"https://clutch.co/profile/empower-business-solutions";"http://www.em-powered.com";"learnmore@em-powered.com"
"548";"Bell Integrator";"https://clutch.co/profile/bell-integrator";"http://bellone.ru";"info@bellintegrator.com"
"549";"Techcon Labs";"https://clutch.co/profile/techcon-labs";"http://www.techconlabs.com/";"info@techconlabs.com"
"550";"TechnoRoot Bangladesh";"https://clutch.co/profile/technoroot-bangladesh";"https://www.technorootbd.com/";"info@technorootbd.com"
"551";"Digital Shadows";"https://clutch.co/profile/digital-shadows";"https://www.digitalshadows.com/";"info@digitalshadows.com"
"552";"Mothercloud";"https://clutch.co/profile/mothercloud";"https://www.mothercloud.com/";"hello@mothercloud.com"
"553";"ERPScan";"https://clutch.co/profile/erpscan";"https://erpscan.com/";"info@erpscan.comNA"
"554";"Digital Enterprise BD Ltd.";"https://clutch.co/profile/digital-enterprise-bd";"http://digitalenterprisebd.com/";"info@digitalenterprisebd.comNA"
"555";"Volcanic";"https://clutch.co/profile/volcanic";"https://www.volcanic.co.uk/";"r.wilde@volcanic.co.uk"
"556";"Pixelon Studios";"https://clutch.co/profile/pixelon-studios";"https://pixelonstudios.com";"sales@pixelonstudios.com"
"557";"ReadySpace";"https://clutch.co/profile/readyspace";"https://readyspace.com.sg/";"info@readyspace.com.sg"
"558";"Intelygenz";"https://clutch.co/profile/intelygenz";"http://www.intelygenz.com/";"contact@intelygenz.com"
"559";"BOC Group";"https://clutch.co/profile/boc-group";"http://www.boc-group.com/";"info@boc-group.com"
"560";"Idaho Small Business Development";"https://clutch.co/profile/idaho-small-business-development";"https://idahosbdc.org/";"olgiecastillo@boisestate.edu"
"561";"AITANA";"https://clutch.co/profile/aitana";"https://www.aitana.es/";"mkt@aitana.esNA"
"562";"Croesus";"https://clutch.co/profile/croesus";"https://www.croesus.com/";"info@croesus.com"
"563";"Silicus";"https://clutch.co/profile/silicus";"https://www.silicus.com";"info@silicus.comNA"
"564";"ZoneFox";"https://clutch.co/profile/zonefox";"https://www.zonefox.com";"info@zonefox.comNA"
"565";"Enlightened, Inc.";"https://clutch.co/profile/enlightened";"https://www.enlightened.com/";"sales@enlightened.com"
"566";"Exceptional Software Strategies";"https://clutch.co/profile/exceptional-software-strategies";"http://www.exceptionalsoftware.com/Home.html";"info@exceptionalsoftware.com"
"567";"World Access Network";"https://clutch.co/profile/world-access-network";"http://www.worldaccessnet.com/index.html";"staff@wa-net.comNA"
"568";"3DEVs IT Ltd.";"https://clutch.co/profile/3devs-it";"http://www.3-devs.com/";"info@3-devs.com"
"569";"Diffblue";"https://clutch.co/profile/diffblue";"https://www.diffblue.com/";"info@diffblue.com"
"570";"Access One";"https://clutch.co/profile/access-one";"https://www.accessoneinc.com";"info@accessoneinc.com"
"571";"Michell Consulting Group";"https://clutch.co/profile/michell-consulting-group-0";"http://www.michellgroup.com/";"clutch@wildnettechnologies.comNA"
"572";"Calavista Software";"https://clutch.co/profile/calavista-software";"https://www.calavista.com/";"info@calavista.com"
"573";"BMC Software GmbH";"https://clutch.co/profile/bmc-software-gmbh";"http://www.bmcsoftware.de";"customer_support@bmc.comNA"
"574";"Definitive Logic";"https://clutch.co/profile/definitive-logic";"https://www.definitivelogic.com/";"info@definitivelogic.comNA"
"575";"IConflux Technologies Pvt. Ltd.";"https://clutch.co/profile/iconflux-technologies";"http://iconflux.com";"info@iconflux.comNA"
"576";"Innova4J";"https://clutch.co/profile/innova4j";"https://www.innova4j.com/en/";"info@innova4j.com"
"577";"Avensys Consulting";"https://clutch.co/profile/avensys-consulting";"http://aven-sys.com/";"enquiry@aven-sys.com"
"578";"Collectives S.A.";"https://clutch.co/profile/collectives-sa";"https://collectives.gr/";"info@collectives.grNA"
"579";"Cloud Comrade";"https://clutch.co/profile/cloud-comrade";"http://www.cloudcomrade.com/";"contact@cloudcomrade.com"
"580";"Elitbuzz Technologies Ltd";"https://clutch.co/profile/elitbuzz-technologies";"http://elitbuzz-bd.com/";"info@elitbuzz-bd.com"
"581";"Tribalyte Technologies";"https://clutch.co/profile/tribalyte-technologies";"http://www.tribalyte.com/";"info@tribalyte.comNA"
"582";"Nube Digital";"https://clutch.co/profile/nube-digital";"http://www.nubedigital.ec/";"info@nubedigital.ec"
"583";"Bitendian";"https://clutch.co/profile/bitendian";"http://www.bitendian.com/es/";"info@bitendian.com"
"584";"ITS Consulting Inc";"https://clutch.co/profile/its-consulting";"https://www.itsconsultinginc.ca/";"sales@itsmail.ca"
"585";"PT VADS Indonesia";"https://clutch.co/profile/pt-vads-indonesia";"http://www.vads.co.id/";"marketing@vads.co.id"
"586";"CrowdShakti";"https://clutch.co/profile/crowdshakti";"https://crowdshakti.com";"info@crowdshakti.com"
"587";"Grupo TI Mexico";"https://clutch.co/profile/grupo-ti-mexico";"http://www.grupotimexico.com/";"contacto@grupotimexico.com.mx"
"588";"PLC Partners";"https://clutch.co/profile/plc-partners";"http://plcpartners.com/";"info@plcpartners.comNA"
"589";"Greenfinch Technology";"https://clutch.co/profile/greenfinch-technology";"https://greenfinch.ie/";"info@greenfinch.ie"
"590";"HISOFT HENAN co. LTD";"https://clutch.co/profile/hisoft-henan-co";"http://www.henansoft.com.cn";"zhangya@henansoft.com.cn"
"591";"Xeo Software ";"https://clutch.co/profile/xeo-software";"http://www.xeosoftware.com/";"info@xeosoftware.com"
"592";"GLC Business Services";"https://clutch.co/profile/glc-business-services";"https://www.glcbs.com/";"officemanager@glcbs.com"
"593";"Xintec";"https://clutch.co/profile/xintec";"http://www.xintec.cl";"info@xintec.cl"
"594";"CSI";"https://clutch.co/profile/csi";"http://www.csiits.com/";"comercial@csiits.com"
"595";"Appfutura";"https://clutch.co/profile/appfutura";"http://www.appfuture.net";"contacto@appfuture.netNA"
"596";"KINC (Agency)";"https://clutch.co/profile/kinc-agency";"http://kinc.com";"hello@kinc.com"
"597";"Webinventiv Technologies";"https://clutch.co/profile/webinventiv-technologies";"http://www.webinventiv.com";"info@webinventiv.com"
"598";"2GSoft S.A.";"https://clutch.co/profile/2gsoft-sa";"http://2gsoft.com.ar/";"info@2gsoft.com.arNA"
"599";"Bailey Consulting Services";"https://clutch.co/profile/bailey-consulting-services";"https://baileyconsultingservices.com/";"info@baileyconsultingservices.com"
"600";"Cognexa";"https://clutch.co/profile/cognexa";"https://www.cognexa.com/";"jan.szollos@cognexa.comNA"
"601";"Evosolve";"https://clutch.co/profile/evosolve";"https://evosolve.org";"info@evosolve.org"
"602";"Zed One";"https://clutch.co/profile/zed-one";"http://www.zedone.co/";"hello@zedone.co"
"603";"Aperture Labs";"https://clutch.co/profile/aperture-labs";"http://www.aperturelabs.biz/";"inquiries@aperturelabs.bizNA"
"604";"Bitbox IT Latam Group";"https://clutch.co/profile/bitbox-it-latam-group";"http://bitboxlatam.com/";"luis@bitboxlatam.com"
"605";"Seaside Software Solutions";"https://clutch.co/profile/seaside-software-solutions";"http://www.seaside-soft.com/";"info@seaside-soft.com"
"606";"Unyayo Systems Limited";"https://clutch.co/profile/unyayo-systems";"http://www.unyayo.co.tz/";"taarifa@unyayo.co.tzNA"
"607";"Teknologo Solutions";"https://clutch.co/profile/teknologo-solutions";"https://www.teknologosolutions.com/";"rra@teknologosolutions.com"
"608";"Network 1 Consulting";"https://clutch.co/profile/network-1-consulting";"https://network1consulting.com/";"info@network1consulting.com"
"609";"vBotev";"https://clutch.co/profile/vbotev";"http://www.vbote.com";"info@vbote.com"
"610";"Metclouds Technologies";"https://clutch.co/profile/metclouds-technologies";"https://metclouds.com";"info@metclouds.com"
"611";"CDID Inc.";"https://clutch.co/profile/cdid";"https://www.prextra.com/";"cdid@cdid.comNA"
"612";"Deep Web Solutions GmbH";"https://clutch.co/profile/deep-web-solutions-gmbh";"https://www.deep-web-solutions.de";"consulting@deep-web-solutions.de"
"613";"FireOS SAS";"https://clutch.co/profile/fireos-sas";"https://fireosoft.com.co/";"servicio-cliente@vendiendo.coNA"
"614";"CPC Computer Consultants";"https://clutch.co/profile/cpc-computer-consultants";"http://www.cpccci.com/";"sales@cpccci.comNA"
"615";"Revolution, Inc.";"https://clutch.co/profile/revolution-inc";"https://www.getrevolution.com";"info@GetRevolution.comNA"
"616";"Next IT & Systems";"https://clutch.co/profile/next-it-systems";"http://nextuae.com";"info@nextuae.com"
"617";"Enable Startup ";"https://clutch.co/profile/enable-startup";"http://www.enablestartup.com";"hello@enablestartup.comNA"
"618";"Vertical Web";"https://clutch.co/profile/vertical-web";"http://vertical-web.com/";"info@vertical-web.com"
"619";"iSovix Technology Ltd";"https://clutch.co/profile/isovix-technology";"http://www.isovix.com/";"info@isovix.com"
"620";"Kehito";"https://clutch.co/profile/kehito";"http://kehito.fi/";"henrik.hakka@kehito.fiNA"
"621";"Vikisha Technologies";"https://clutch.co/profile/vikisha-technologies";"http://www.vikisha.in/";"contact@vikisha.in"
"622";"Dnamic World";"https://clutch.co/profile/dnamic-world";"http://dnamicworld.com";"contact@dnamicworld.com"
"623";"Hashbrown Systems Pvt. Ltd.";"https://clutch.co/profile/hashbrown-systems";"https://hashbrown.com/";"shiva@hashbrown.com"
"624";"Mysoftheaven (BD) Ltd.";"https://clutch.co/profile/mysoftheaven-bd";"http://www.mysoftheaven.com/";"info@mysoftheaven.com"
"625";"BluBird Interactive Ltd.";"https://clutch.co/profile/blubird-interactive";"http://www.blubirdinteractive.com/";"info@blubirdinteractive.com"
"626";"NeuraFlash";"https://clutch.co/profile/neuraflash";"https://www.neuraflash.com";"sales@neuraflash.com"
"627";"Calgary Enterprises";"https://clutch.co/profile/calgary-enterprises";"http://www.calgaryenterprises.com/";"insalaco@calgaryenterprises.com"
"628";"Baynet Technologies";"https://clutch.co/profile/baynet-technologies";"http://www.baynet.com/";"sales@baynet.com"
"629";"CGI";"https://clutch.co/profile/cgi";"https://www.cgi.com/en";"web@cgi.comNA"
"630";"Livehopper";"https://clutch.co/profile/livehopper";"http://www.livehopper.com/";"sales@livehopper.comNA"
"631";" Giantssoft Solution";"https://clutch.co/profile/giantssoft-solution";"http://www.giantssoft.com/";"giantssoftbd@gmail.com"
"632";"gotem LLC";"https://clutch.co/profile/gotem";"https://gotem.co";"clutch@gotemstl.comNA"
"633";"CIeNET Technologies";"https://clutch.co/profile/cienet-technologies";"http://www.cienet.com/";"info@cienet.com"
"634";"EtyLab";"https://clutch.co/profile/etylab";"https://www.etyalab.com/";"info@etyalab.com"
"635";"Cucowin Technologies";"https://clutch.co/profile/cucowin-technologies";"https://cucowin.com/index.html";"info@cucowin.com"
"636";"InTechnology PLC";"https://clutch.co/profile/intechnology-plc";"http://www.intechnologyplc.com/";"info@intechnologyplc.com"
"637";"gbm";"https://clutch.co/profile/gbm-0";"http://www.gbm.net";"mercadeo@gbm.net"
"638";"NetStep";"https://clutch.co/profile/netstep";"http://www.netstep.ie/";"clutch@wildnettechnologies.comNA"
"639";"Ninth Life Consulting Group LLC";"https://clutch.co/profile/ninth-life-consulting-group";"http://www.ninthlifeconsulting.com";"hlio@ninthlifeconsulting.com"
"640";"VYROX";"https://clutch.co/profile/vyrox";"http://software.vyrox.com/";"enquiry@vyrox.com"
"641";"Safarjan Technologies";"https://clutch.co/profile/safarjan-technologies";"http://www.safarjan.in";"ron@safarjan.in"
"642";"Stonehill";"https://clutch.co/profile/stonehill";"http://www.stonehillpr.com";"dpace@stonehillpr.com"
"643";"Fully Managed";"https://clutch.co/profile/fully-managed";"http://www.fullymanaged.com";"info@fullymanaged.com"
"644";"Super Monitoring";"https://clutch.co/profile/super-monitoring";"https://www.supermonitoring.com";"clutch@wildnettechnologies.comNA"
"645";"Telin";"https://clutch.co/profile/telin";"https://www.telin.co.id/";"marketing@telin.co.idNA"
"646";"Nemetschek Bulgaria";"https://clutch.co/profile/nemetschek-bulgaria";"https://www.nemetschek.bg/";"office@nemetschek.bgNA"
"647";"Whiz To Coho Inc";"https://clutch.co/profile/whiz-coho";"http://www.coho.net/";"support@coho.net"
"648";"SoftandHost";"https://clutch.co/profile/softandhost";"https://www.softandhost.com";"info@softandhost.com"
"649";"Atteli";"https://clutch.co/profile/atteli";"http://atteli.com";"info@atteli.com"
"650";"Solcre Technology Solutions";"https://clutch.co/profile/solcre-technology-solutions";"https://www.solcre.com/";"contact@solcre.comNA"
"651";"Creative-Web";"https://clutch.co/profile/creative-web";"http://www.creative-webuk.com/";"info@creative-webuk.com"
"652";"Yellow Circle Web Solutions Limited";"https://clutch.co/profile/yellow-circle-web-solutions";"https://www.yellowcircle.co.uk/";"enquiries@yellowcircle.co.uk"
"653";"Andrews Hooper Pavlik PLC";"https://clutch.co/profile/andrews-hooper-pavlik-plc";"https://www.ahpplc.com";"ahpinfo@ahpplc.comNA"
"654";"Order Of Code";"https://clutch.co/profile/order-code";"http://www.orderofcode.com/";"office@orderofcode.com"
"655";"Netshield";"https://clutch.co/profile/netshield";"http://www.netshield.co.uk/";"info@netshield.net"
"656";"Boxharry";"https://clutch.co/profile/boxharry";"https://www.boxharry.com/";"hello@boxharry.com"
"657";"iRack Ltd";"https://clutch.co/profile/irack";"https://iracknet.com/";"sales@iracknet.com"
"658";"Big Consultancy";"https://clutch.co/profile/big-consultancy";"http://big-consultancy.com/";"info@big-consultancy.com'"
"659";"Vekia";"https://clutch.co/profile/vekia";"http://www.vekia.fr/";"contact@vekia.fr"
"660";"Soothsayer Analytics";"https://clutch.co/profile/soothsayer-analytics";"http://soothsayeranalytics.com/#home";"gaurav@soothsayeranalytics.com"
"661";"Langtech";"https://clutch.co/profile/langtech";"http://www.langtech.com/";"contact@langtech.com"
"662";"Assai Web Design";"https://clutch.co/profile/assai-web-design";"https://sequimcomputer.com/";"info@assai.tech"
"663";"Interpersonal Frequency";"https://clutch.co/profile/interpersonal-frequency";"https://ifsight.com/";"contact@ifsight.com"
"664";"WiTH Collective";"https://clutch.co/profile/collective";"https://www.withcollective.com/";"hello@withcollective.com"
"665";"Welcom Software";"https://clutch.co/profile/welcom-software";"http://www.welcom.co.uk/";"clutch@wildnettechnologies.comNA"
"666";"Mass";"https://clutch.co/profile/mass";"http://www.mass.com.co/";"info@mass.com.co"
"667";"DataSine";"https://clutch.co/profile/datasine";"https://datasine.com/";"business@datasine.comNA"
"668";"Grupo Audax";"https://clutch.co/profile/grupo-audax";"http://www.grupoaudax.com.br/";"falecom@grupo-audax.comNA"
"669";"CM Access";"https://clutch.co/profile/cm-access";"http://www.cmaccess.com";"information@cmaccess.comNA"
"670";"SFL Scientific";"https://clutch.co/profile/sfl-scientific";"http://sflscientific.com";"info@sflscientific.com"
"671";"SpiceVR";"https://clutch.co/profile/spicevr";"http://www.spicevr.com/";"andreas@spicevr.com"
"672";"All Things SEO";"https://clutch.co/profile/all-things-seo";"https://www.allthingsseo.com/";"hello@allthingsseo.com"
"673";"La mobilery";"https://clutch.co/profile/la-mobilery";"https://www.lamobilery.fr/";"contact@lamobilery.frNA"
"674";"Reflex Enterprise Solutions Group";"https://clutch.co/profile/reflex-enterprise-solutions-group";"http://reflexerp.com/";"sales@thereflex.com"
"675";"Urban Tide";"https://clutch.co/profile/urban-tide";"https://urbantide.com/";"clutch@wildnettechnologies.comNA"
"676";"Refulgence Inc";"https://clutch.co/profile/refulgence";"http://refulgenceinc.com/";"clutch@wildnettechnologies.comNA"
"677";"Technaureus Info Solutions Pvt. Ltd.";"https://clutch.co/profile/technaureus-info-solutions";"http://www.technaureus.com/";"info@technaureus.comNA"
"678";"Symbioun";"https://clutch.co/profile/symbioun";"http://www.symbiountech.com";"info@symbiountech.com"
"679";"Kumo";"https://clutch.co/profile/kumo";"http://www.joinkumo.com/";"Sales@JoinKumo.com"
"680";"Code Desk";"https://clutch.co/profile/code-desk";"http://code-desk.com/";"hello@code-desk.com"
"681";"37 Communications";"https://clutch.co/profile/37-communications";"https://www.37comms.com/";"admin@37comms.com"
"682";"Cloud Creations, Inc.";"https://clutch.co/profile/cloud-creations";"http://www.cloudcreations.com";"sales@cloudcreations.com"
"683";"HRL Tech";"https://clutch.co/profile/hrl-tech";"https://hrltech.com.br/";"contato@hrltech.com.br"
"684";"Pachira Information Technology";"https://clutch.co/profile/pachira-information-technology";"http://www.pachira.cn/";"BD@pachiratech.com"
"685";"Christiano Ferraro Consultancy, LLC";"https://clutch.co/profile/christiano-ferraro-consultancy";"https://christianoferraro.com/";"christiano@christianoferraro.com"
"686";"N3XO";"https://clutch.co/profile/n3xo";"http://www.n3xo.com/";"clutch@wildnettechnologies.comNA"
"687";"ZG Worldwide Consultants";"https://clutch.co/profile/zg-worldwide-consultants";"http://www.zgworldwide.com/";"info@zgworldwide.comNA"
"688";"Advanced Hospitality Technologies";"https://clutch.co/profile/advanced-hospitality-technologies";"http://www.advhtech.com/";"info@advhtech.com"
"689";"Asesoftware";"https://clutch.co/profile/asesoftware";"http://asesoftware.com/site/";"info@asesoftware.com"
"690";"CLOUDX";"https://clutch.co/profile/cloudx";"http://www.cloudx.com";"workwith@cloudx.com"
"691";"Elisoft Ltd";"https://clutch.co/profile/elisoft";"https://www.elisoft.com/";"info@elisoft.comNA"
"692";"CGTS Corp Inc";"https://clutch.co/profile/cgts-corp";"http://www.cgtscorp.com/";"social@cgtscorp.com"
"693";"Stitch Communications ";"https://clutch.co/profile/stitch-communications";"http://www.talkwithstitch.co.uk/";"info@talkwithstitch.co.uk"
"694";"Success IT";"https://clutch.co/profile/success-it";"http://www.successit.net/";"enquiry@successit.net"
"695";"Level60 Consulting";"https://clutch.co/profile/level60-consulting";"https://level60consulting.com/";"info@level60consulting.comNA"
"696";"InnoSci Technologies, INC";"https://clutch.co/profile/innosci-technologies";"https://www.innosci.com/";"sales@innosci.comNA"
"697";"Elpic Soft Ltd.";"https://clutch.co/profile/elpic-soft";"http://www.elpicsoft.com/";"info@e'lpicsoft.comNA"
"698";"Feel IT Services";"https://clutch.co/profile/feel-it-services";"http://www.feel-it-services.com/en/";"contact@feel-it-services.com"
"699";"Cloud Technologies";"https://clutch.co/profile/cloud-technologies";"https://www.cloudtech.ae/";"info@cloudtech.aeNA"
"700";"AdTonos";"https://clutch.co/profile/adtonos";"https://www.adtonos.com/";"gaga@adtonos.com"
"701";"Region Design Group Inc";"https://clutch.co/profile/region-design-group";"http://www.regiondesign.com/";"clutch@wildnettechnologies.comNA"
"702";"WeSourcely";"https://clutch.co/profile/wesourcely";"https://www.wesourcely.com/";"customercare@wesourcely.com"
"703";"IT Solutions Qatar Co WLL";"https://clutch.co/profile/it-solutions-qatar-co-wll";"http://www.itsqatar.net/";"info@itsqatar.netNA"
"704";"Arisen Web Solutions LLC";"https://clutch.co/profile/arisen-web-solutions";"http://www.arisenws.com";"clutch@wildnettechnologies.comNA"
"705";"Aliph Tech";"https://clutch.co/profile/aliph-tech";"https://www.aliph.io/";"najam@aliph.io"
"706";"Telartech";"https://clutch.co/profile/telartech";"http://www.telartech.com";"office@telartech.com"
"707";"ANEGIS Consulting";"https://clutch.co/profile/anegis-consulting";"https://ax-dynamics.com";"info@anegis.comNA"
"708";"Noltic";"https://clutch.co/profile/noltic";"http://noltic.com/";"contact@noltic.com"
"709";"Alphalogic Techsys Limited";"https://clutch.co/profile/alphalogic-techsys";"https://www.alphalogicinc.com/";"dj@alphalogicinc.comNA"
"710";"Emaginationz Technologies ";"https://clutch.co/profile/emaginationz-technologies";"http://www.emaginationz.net/";"sales@emaginationz.comNA"
"711";"Rightway";"https://clutch.co/profile/rightway";"https://www.rightwayqatar.com/";"info@rightwayqatar.comNA"
"712";"FSi Strategies";"https://clutch.co/profile/fsi-strategies";"https://www.fsistrategies.com/";"info@fsistrategies.com"
